START	13
tests/incidents/test_incident_replay.py::test_replay_demo1_runtime_hang_keeps_implementation_evidence	13
tests/incidents/test_incident_replay.py::test_replay_b10l_auxiliary_failure_preserves_compile_primary	13
tests/incidents/test_incident_replay.py::test_replay_b10o_fuzzy_diagnosis_check_has_bounded_veto	13
tests/incidents/test_incident_replay.py::test_replay_b10p_stops_when_every_budget_is_exhausted	13
tests/state_machine/test_sm_attempt_metrics.py::test_new_family_resets_do_not_hide_targeted_attempts	15
tests/state_machine/test_sm_attempt_metrics.py::test_the_forced_strategy_transition_does_not_inflate_targeted_attempts	15
tests/state_machine/test_sm_attempt_metrics.py::test_the_counts_come_from_attempts_not_from_the_budget_counters	15
tests/state_machine/test_sm_attempt_metrics.py::test_a_first_pass_success_reports_no_retries	15
tests/state_machine/test_sm_attempt_metrics.py::test_a_failure_before_the_mode_is_chosen_is_a_failed_full_set_attempt	15
tests/state_machine/test_sm_best_of_n.py::test_a_stopping_candidate_failure_is_recorded_once	15
tests/state_machine/test_sm_best_of_n.py::test_a_failed_worktree_reset_keeps_the_recorded_failure_and_the_state_it_was_recorded_in	15
tests/state_machine/test_sm_best_of_n.py::test_a_contract_violation_hands_recovery_to_the_main_loop	15
tests/state_machine/test_sm_best_of_n.py::test_a_recorded_stop_ends_the_loop_even_without_an_environment_failure	15
tests/state_machine/test_sm_budget_transitions.py::test_a_primary_budget_refusal_reaches_the_fallback_by_the_full_set_route	15
tests/state_machine/test_sm_failure_families.py::test_an_oscillating_primary_reaches_the_configured_fallback	15
tests/state_machine/test_sm_failure_families.py::test_with_no_fallback_the_oscillation_ends_in_a_bounded_full_set_failure	15
tests/state_machine/test_sm_reserved_fallback.py::test_a_primary_making_new_progress_every_attempt_cannot_consume_the_fallback_slot	15
tests/state_machine/test_sm_reserved_fallback.py::test_the_reserved_fallback_attempt_adds_no_attempt_to_the_ceiling	15
tests/state_machine/test_sm_reserved_fallback.py::test_without_a_fallback_the_primary_keeps_the_ordinary_ceiling	15
tests/state_machine/test_sm_reserved_fallback.py::test_a_fallback_targeted_repair_that_already_ran_leaves_no_slot_reserved	15
tests/state_machine/test_sm_reserved_fallback.py::test_an_escalated_full_set_attempt_that_already_ran_leaves_no_slot_reserved	15
tests/state_machine/test_sm_retry_decisions.py::test_every_decision_follows_the_transition_rules	15
tests/state_machine/test_sm_retry_decisions.py::test_the_attempt_mode_is_the_loop_decision_whenever_the_loop_continues	15
tests/state_machine/test_sm_retry_decisions.py::test_a_failed_attempt_is_charged_to_its_own_family_only[False-False-api_contract_recovery]	15
tests/state_machine/test_sm_retry_decisions.py::test_a_failed_attempt_is_charged_to_its_own_family_only[False-False-targeted]	15
tests/state_machine/test_sm_retry_decisions.py::test_a_failed_attempt_is_charged_to_its_own_family_only[False-False-missing_files]	15
tests/state_machine/test_sm_retry_decisions.py::test_a_failed_attempt_is_charged_to_its_own_family_only[False-False-fallback_targeted]	15
tests/state_machine/test_sm_retry_decisions.py::test_a_failed_attempt_is_charged_to_its_own_family_only[False-False-full_set]	15
tests/state_machine/test_sm_retry_decisions.py::test_a_failed_attempt_is_charged_to_its_own_family_only[False-False-None]	15
tests/state_machine/test_sm_retry_decisions.py::test_a_failed_attempt_is_charged_to_its_own_family_only[False-True-api_contract_recovery]	15
tests/state_machine/test_sm_retry_decisions.py::test_a_failed_attempt_is_charged_to_its_own_family_only[False-True-targeted]	15
tests/state_machine/test_sm_retry_decisions.py::test_a_failed_attempt_is_charged_to_its_own_family_only[False-True-missing_files]	15
tests/state_machine/test_sm_retry_decisions.py::test_a_failed_attempt_is_charged_to_its_own_family_only[False-True-fallback_targeted]	15
tests/state_machine/test_sm_retry_decisions.py::test_a_failed_attempt_is_charged_to_its_own_family_only[False-True-full_set]	15
tests/state_machine/test_sm_retry_decisions.py::test_a_failed_attempt_is_charged_to_its_own_family_only[False-True-None]	15
tests/state_machine/test_sm_retry_decisions.py::test_a_failed_attempt_is_charged_to_its_own_family_only[True-False-api_contract_recovery]	15
tests/state_machine/test_sm_retry_decisions.py::test_a_failed_attempt_is_charged_to_its_own_family_only[True-False-targeted]	15
tests/state_machine/test_sm_retry_decisions.py::test_a_failed_attempt_is_charged_to_its_own_family_only[True-False-missing_files]	15
tests/state_machine/test_sm_retry_decisions.py::test_a_failed_attempt_is_charged_to_its_own_family_only[True-False-fallback_targeted]	15
tests/state_machine/test_sm_retry_decisions.py::test_a_failed_attempt_is_charged_to_its_own_family_only[True-False-full_set]	15
tests/state_machine/test_sm_retry_decisions.py::test_a_failed_attempt_is_charged_to_its_own_family_only[True-False-None]	15
tests/state_machine/test_sm_retry_decisions.py::test_a_failed_attempt_is_charged_to_its_own_family_only[True-True-api_contract_recovery]	15
tests/state_machine/test_sm_retry_decisions.py::test_a_failed_attempt_is_charged_to_its_own_family_only[True-True-targeted]	15
tests/state_machine/test_sm_retry_decisions.py::test_a_failed_attempt_is_charged_to_its_own_family_only[True-True-missing_files]	15
tests/state_machine/test_sm_retry_decisions.py::test_a_failed_attempt_is_charged_to_its_own_family_only[True-True-fallback_targeted]	15
tests/state_machine/test_sm_retry_decisions.py::test_a_failed_attempt_is_charged_to_its_own_family_only[True-True-full_set]	15
tests/state_machine/test_sm_retry_decisions.py::test_a_failed_attempt_is_charged_to_its_own_family_only[True-True-None]	15
tests/state_machine/test_sm_retry_decisions.py::test_a_new_family_resets_only_the_scoped_budgets	15
tests/state_machine/test_sm_retry_decisions.py::test_the_forced_transition_closes_targeted_and_requests_the_fallback_only_at_its_threshold	15
tests/state_machine/test_sm_retry_decisions.py::test_only_a_never_seen_failure_family_is_new	15
tests/state_machine/test_sm_retry_trajectories.py::test_c6_a_restored_contract_hands_back_and_reaches_the_fallback	15
tests/state_machine/test_sm_retry_trajectories.py::test_an_unrestorable_contract_stops_fail_closed_without_the_fallback	15
tests/state_machine/test_sm_retry_trajectories.py::test_c8_c10_a_repeating_failure_spends_the_targeted_budget_then_reaches_the_fallback	15
tests/state_machine/test_sm_retry_trajectories.py::test_an_oscillating_primary_is_charged_and_reaches_the_fallback	15
tests/state_machine/test_sm_retry_trajectories.py::test_a_stuck_primary_is_moved_to_the_fallback_before_the_no_progress_ceiling	15
tests/state_machine/test_sm_retry_trajectories.py::test_stuck_primary_and_stuck_fallback_end_bounded	15
tests/state_machine/test_sm_retry_trajectories.py::test_an_ungrounded_stuck_primary_reaches_the_fallback_through_the_full_set_route	15
tests/state_machine/test_sm_retry_trajectories.py::test_an_incompatible_only_fallback_is_a_typed_terminal_failure	15
tests/state_machine/test_sm_retry_trajectories.py::test_without_a_fallback_the_run_is_bounded_by_the_full_set_budget	15
tests/state_machine/test_sm_retry_trajectories.py::test_generated_trajectories_keep_the_invariants[0]	15
tests/state_machine/test_sm_retry_trajectories.py::test_generated_trajectories_keep_the_invariants[1]	15
tests/state_machine/test_sm_retry_trajectories.py::test_generated_trajectories_keep_the_invariants[2]	15
tests/state_machine/test_sm_retry_trajectories.py::test_the_failure_recording_calls_the_modelled_bookkeeping_in_order	15
tests/state_machine/test_sm_retry_trajectories.py::test_the_last_slot_is_the_fallbacks_when_every_primary_attempt_is_new_progress	15
tests/state_machine/test_sm_retry_trajectories.py::test_an_ungrounded_new_family_run_reaches_the_fallback_by_the_full_set_route	15
tests/state_machine/test_sm_retry_trajectories.py::test_after_the_fallback_has_run_no_slot_stays_reserved	15
tests/state_machine/test_sm_retry_trajectories.py::test_mandatory_recovery_outranks_the_reserved_fallback_slot	15
tests/state_machine/test_sm_tier_guard.py::test_every_tier_file_exists	15
tests/state_machine/test_sm_tier_guard.py::test_no_tier_test_carries_a_live_marker	15
tests/test_acceptance.py::test_top_level_goal_requires_tests_but_other_subtask_owns_them_implementation_subtask_unaffected	15
tests/test_acceptance.py::test_subtask_that_genuinely_owns_the_test_file_still_required_to_produce_it	15
tests/test_acceptance.py::test_plan_scope_recovery_reopening_implementation_subtask_does_not_acquire_test_obligation	15
tests/test_acceptance.py::test_single_subtask_plan_explicitly_requiring_tests_still_applies	15
tests/test_acceptance.py::test_no_plan_or_ownership_metadata_falls_back_to_legacy_full_text_behavior	15
tests/test_acceptance.py::test_explicit_test_contract_is_distinct_from_optional_language	15
tests/test_acceptance.py::test_explicit_test_contract_ignores_test_used_as_sample_data_adjective	15
tests/test_acceptance.py::test_explicit_test_contract_ignores_test_used_as_logic_or_code_adjective	15
tests/test_acceptance.py::test_explicit_test_contract_ignores_test_used_as_functionality_adjective	15
tests/test_acceptance.py::test_explicit_test_contract_structurally_rejects_any_unqualified_singular_test_noun	15
tests/test_acceptance.py::test_runtime_behavior_explicit_negation_wins_over_bare_runtime_words	15
tests/test_acceptance.py::test_runtime_behavior_ignores_ordinary_prose_use_of_runtime_words	15
tests/test_acceptance.py::test_runtime_behavior_requires_context_not_isolated_verbs	15
tests/test_acceptance.py::test_runtime_behavior_detects_known_positive_prv12_style_goal	15
tests/test_acceptance.py::test_runtime_behavior_negation_takes_precedence_in_a_mixed_goal	15
tests/test_acceptance.py::test_test_acceptance_detects_known_zero_execution_outputs	15
tests/test_agent_contracts.py::test_parses_fenced_json_block_at_end_of_realistic_multi_paragraph_design	15
tests/test_agent_contracts.py::test_parses_fence_with_no_json_language_tag	15
tests/test_agent_contracts.py::test_ignores_trailing_chatty_prose_after_the_json_block	15
tests/test_agent_contracts.py::test_takes_the_last_json_block_not_an_earlier_illustrative_snippet	15
tests/test_agent_contracts.py::test_finds_bare_unfenced_json_object_as_last_resort	15
tests/test_agent_contracts.py::test_no_json_block_at_all_returns_none_cleanly	15
tests/test_agent_contracts.py::test_single_quoted_pseudo_json_fails_to_parse_cleanly	15
tests/test_agent_contracts.py::test_empty_files_list_is_rejected	15
tests/test_agent_contracts.py::test_missing_files_key_is_rejected	15
tests/test_agent_contracts.py::test_empty_design_returns_none_without_raising	15
tests/test_agent_contracts.py::test_none_design_returns_none_without_raising	15
tests/test_agent_contracts.py::test_rejects_absolute_unix_path	15
tests/test_agent_contracts.py::test_rejects_absolute_windows_path	15
tests/test_agent_contracts.py::test_rejects_path_traversal_forward_slash	15
tests/test_agent_contracts.py::test_rejects_path_traversal_backslash	15
tests/test_agent_contracts.py::test_rejects_blank_path_entry	15
tests/test_agent_contracts.py::test_one_bad_path_rejects_the_whole_list_not_a_partial_result	15
tests/test_agent_contracts.py::test_valid_relative_paths_with_dots_in_filename_are_not_confused_with_traversal	15
tests/test_agent_contracts.py::test_normalize_file_list_paths_corrects_bare_entrypoint_against_java_siblings	15
tests/test_agent_contracts.py::test_normalize_file_list_paths_does_not_relocate_a_root_level_build_descriptor	15
tests/test_agent_contracts.py::test_normalize_file_list_paths_leaves_python_layouts_untouched	15
tests/test_agent_contracts.py::test_normalize_file_list_paths_leaves_disagreeing_siblings_untouched	15
tests/test_agent_contracts.py::test_normalize_file_list_paths_leaves_multiple_bare_files_untouched	15
tests/test_agent_contracts.py::test_normalize_file_list_paths_leaves_a_lone_source_file_untouched	15
tests/test_agent_contracts.py::test_normalize_file_list_paths_is_a_noop_when_already_consistent	15
tests/test_agent_contracts.py::test_architect_file_list_accepts_plain_valid_shape	15
tests/test_agent_contracts.py::test_architect_file_list_rejects_non_list_files_field	15
tests/test_agent_contracts.py::test_run_with_file_list_returns_structured_files_on_valid_response	15
tests/test_agent_contracts.py::test_run_with_file_list_returns_none_files_on_prose_only_response_no_extra_call	15
tests/test_agent_contracts.py::test_run_with_file_list_returns_none_files_on_empty_list_response	15
tests/test_agent_contracts.py::test_developer_step1_uses_validated_contract_on_matching_response	15
tests/test_agent_contracts.py::test_developer_step1_falls_through_to_old_extraction_for_bare_array	15
tests/test_agent_contracts.py::test_developer_step1_falls_through_and_keeps_overdelivered_content	15
tests/test_agent_contracts.py::test_developer_step1_unsafe_path_in_new_shape_falls_through_not_used_raw	15
tests/test_agent_contracts.py::test_resolve_step1_file_list_reports_contract_source	15
tests/test_agent_contracts.py::test_resolve_step1_file_list_reports_fallback_source	15
tests/test_agent_contracts.py::test_resolve_step1_file_list_reports_none_source	15
tests/test_agents.py::test_base_agent_complete	15
tests/test_agents.py::test_planner_output_cap_is_independent_and_clamps_fallback_candidates	15
tests/test_agents.py::test_call_with_escalation_no_role_config_preserves_default_call_shape	15
tests/test_agents.py::test_call_with_escalation_passes_full_candidate_config	15
tests/test_agents.py::test_call_with_escalation_passes_a_candidates_own_extra_body_not_the_primarys	15
tests/test_agents.py::test_call_with_escalation_escalates_on_exception	15
tests/test_agents.py::test_call_with_escalation_reraises_after_exhausting_chain	15
tests/test_agents.py::test_call_with_escalation_escalates_on_is_failure_predicate	15
tests/test_agents.py::test_call_with_escalation_returns_last_response_when_all_fail_predicate	15
tests/test_agents.py::test_agent_run_escalates_through_its_own_role_chain	15
tests/test_agents.py::test_run_verifier_judge_escalates_on_unparseable_json	15
tests/test_agents.py::test_run_verifier_judge_includes_pom_content_when_given	15
tests/test_agents.py::test_run_verifier_judge_returns_the_models_own_reasoning	15
tests/test_agents.py::test_run_verifier_judge_reasoning_defaults_to_empty_string_never_fabricated	15
tests/test_agents.py::test_run_verifier_judge_returns_the_models_own_input_channel	15
tests/test_agents.py::test_run_verifier_judge_falls_back_to_deterministic_input_channel_inference	15
tests/test_agents.py::test_run_verifier_judge_input_channel_defaults_to_none_with_no_signal	15
tests/test_agents.py::test_run_verifier_judge_ignores_an_invalid_input_channel_value	15
tests/test_agents.py::test_infer_input_channel_from_text_prefers_argv_phrase_over_bare_terms	15
tests/test_agents.py::test_run_verifier_judge_reasoning_explains_infrastructure_failures_too	15
tests/test_agents.py::test_run_verifier_judge_system_prompt_requires_file_content_evidence	15
tests/test_agents.py::test_run_verifier_judge_omits_pom_section_when_not_given	15
tests/test_agents.py::test_run_verifier_judge_system_prompt_forbids_inventing_maven_without_evidence	15
tests/test_agents.py::test_run_verifier_judge_states_no_build_file_explicitly_for_java_project	15
tests/test_agents.py::test_run_verifier_judge_omits_no_build_file_statement_for_non_java_project	15
tests/test_agents.py::test_run_verifier_judge_omits_no_build_file_statement_when_pom_given	15
tests/test_agents.py::test_run_verifier_judge_deterministically_prepends_javac_when_model_skips_it	15
tests/test_agents.py::test_run_verifier_judge_does_not_duplicate_an_existing_javac_step	15
tests/test_agents.py::test_run_verifier_judge_does_not_prepend_javac_when_pom_given	15
tests/test_agents.py::test_developer_agent_json_parsing	15
tests/test_agents.py::test_normalize_file_entries_list_of_strings	15
tests/test_agents.py::test_normalize_file_entries_list_of_dicts_with_content	15
tests/test_agents.py::test_normalize_file_entries_list_of_dicts_missing_content	15
tests/test_agents.py::test_normalize_file_entries_path_key_alias	15
tests/test_agents.py::test_normalize_file_entries_dict_wrapping_list	15
tests/test_agents.py::test_normalize_file_entries_unparseable_returns_none	15
tests/test_agents.py::test_fill_missing_content_only_calls_for_missing_entries	15
tests/test_agents.py::test_fill_missing_content_shows_freshly_generated_sibling_content_not_just_name	15
tests/test_agents.py::test_fill_missing_content_sibling_section_respects_explicit_budget	15
tests/test_agents.py::test_fill_missing_content_sibling_section_uses_default_budget_when_unset	15
tests/test_agents.py::test_fill_missing_content_system_prompt_is_create_mode_on_a_clean_attempt	15
tests/test_agents.py::test_fill_missing_content_system_prompt_is_repair_mode_on_a_retry	15
tests/test_agents.py::test_fill_missing_content_system_prompt_offers_anchored_edit_when_grounded	15
tests/test_agents.py::test_run_generation_with_known_target_files_skips_file_list_call	15
tests/test_agents.py::test_split_fix_analysis_extracts_marker_and_strips_content	15
tests/test_agents.py::test_split_fix_analysis_is_case_insensitive	15
tests/test_agents.py::test_split_fix_analysis_truncates_prose_phrased_marker	15
tests/test_agents.py::test_split_fix_analysis_falls_back_when_marker_missing	15
tests/test_agents.py::test_fill_missing_content_adds_fix_analysis_instruction_only_with_prior_error	15
tests/test_agents.py::test_fill_missing_content_no_fix_analysis_instruction_without_prior_error	15
tests/test_agents.py::test_planner_agent_system_prompt_documents_execution_role_verification	15
tests/test_agents.py::test_planner_agent_system_prompt_states_affectedness_does_not_imply_mutation	15
tests/test_agents.py::test_planner_agent_system_prompt_requires_positive_justification_for_implementation	15
tests/test_agents.py::test_reviewer_agent_system_prompt_related_artifact_relationship_does_not_reveal_contents	15
tests/test_agents.py::test_reviewer_agent_system_prompt_prohibits_inventing_endpoints_status_codes_from_artifact_names	15
tests/test_agents.py::test_reviewer_agent_system_prompt_applies_evidence_discipline_to_every_section	15
tests/test_agents.py::test_reviewer_rejected_candidate_prompt_forbids_run_instructions_and_success_language	15
tests/test_agents.py::test_reviewer_rejected_candidate_prompt_preserves_base_evidence_discipline	15
tests/test_agents.py::test_reviewer_normal_system_prompt_unaffected_by_rejected_override_method_existing	15
tests/test_agents.py::test_reviewer_agent_system_prompt_requires_condition_and_consequence_for_proven_issue	15
tests/test_agents.py::test_reviewer_extract_rejected_candidate_diagnostic_excludes_content_outside_markers	15
tests/test_agents.py::test_reviewer_extract_rejected_candidate_diagnostic_fails_closed_when_markers_missing	15
tests/test_agents.py::test_reviewer_extract_rejected_candidate_diagnostic_fails_closed_when_markers_misordered	15
tests/test_agents.py::test_reviewer_rejected_candidate_prompt_requires_structural_markers	15
tests/test_agents.py::test_reviewer_agent_system_prompt_requires_runtime_evidence_downgrade	15
tests/test_agents.py::test_reviewer_agent_structured_system_prompt_forbids_inventing_evidence_ids	15
tests/test_agents.py::test_reviewer_agent_structured_system_prompt_separates_condition_from_consequence	15
tests/test_agents.py::test_reviewer_agent_structured_system_prompt_states_confidence_is_advisory	15
tests/test_agents.py::test_reviewer_agent_structured_system_prompt_preserves_related_artifact_boundary	15
tests/test_agents.py::test_reviewer_agent_structured_system_prompt_requires_honest_runtime_declaration	15
tests/test_agents.py::test_reviewer_agent_run_structured_review_returns_parsed_dict_on_success	15
tests/test_agents.py::test_reviewer_agent_run_structured_review_fails_clearly_on_unparseable_json	15
tests/test_agents.py::test_reviewer_agent_run_structured_review_fails_clearly_when_call_raises	15
tests/test_agents.py::test_reviewer_agent_run_structured_review_fails_clearly_when_response_not_a_json_object	15
tests/test_agents.py::test_developer_agent_system_prompt_documents_authority_sections	15
tests/test_agents.py::test_developer_agent_system_prompt_carries_repository_precedent_guidance	15
tests/test_agents.py::test_fill_missing_content_reminds_authority_split_when_sections_present	15
tests/test_agents.py::test_fill_missing_content_no_authority_reminder_without_sections	15
tests/test_agents.py::test_fill_missing_content_scopes_fix_analysis_to_implicated_files_only	15
tests/test_agents.py::test_split_fix_analysis_edit_extracts_search_replace	15
tests/test_agents.py::test_split_fix_analysis_edit_falls_back_to_file_content_when_no_markers	15
tests/test_agents.py::test_split_fix_analysis_edit_falls_back_when_no_markers_at_all	15
tests/test_agents.py::test_split_fix_analysis_edit_does_not_treat_prose_substrings_as_markers	15
tests/test_agents.py::test_repair_generation_fails_closed_on_dangling_search_marker	15
tests/test_agents.py::test_split_fix_analysis_edit_truncates_redundant_trailing_file_content	15
tests/test_agents.py::test_split_fix_analysis_edit_truncates_prose_phrased_trailing_file_content	15
tests/test_agents.py::test_split_fix_analysis_edit_strips_copied_error_source_gutter	15
tests/test_agents.py::test_split_fix_analysis_edit_strips_gutter_with_line_number_preserved	15
tests/test_agents.py::test_split_fix_analysis_edit_strips_the_real_three_space_gutter_format	15
tests/test_agents.py::test_split_fix_analysis_edit_does_not_corrupt_ordinary_indented_code	15
tests/test_agents.py::test_split_fix_analysis_edit_fenced_indented_search_replace_survives_exact	15
tests/test_agents.py::test_split_fix_analysis_edit_unclosed_fence_falls_back_safely	15
tests/test_agents.py::test_split_fix_analysis_edit_strips_same_line_marker_separator	15
tests/test_agents.py::test_split_fix_analysis_edit_same_line_marker_separator_does_not_corrupt_indented_code	15
tests/test_agents.py::test_split_fix_analysis_edit_truncates_same_line_trailing_file_content	15
tests/test_agents.py::test_split_fix_analysis_edit_parses_multiple_search_replace_pairs	15
tests/test_agents.py::test_split_fix_analysis_edit_stops_at_trailing_search_with_no_replace	15
tests/test_agents.py::test_build_incompatible_types_scaffold_names_the_reported_types	15
tests/test_agents.py::test_build_incompatible_types_scaffold_empty_when_no_match	15
tests/test_agents.py::test_build_incompatible_types_scaffold_warns_against_var_plus_cast_hybrid	15
tests/test_agents.py::test_fill_missing_content_prompt_includes_incompatible_types_scaffold	15
tests/test_agents.py::test_fill_missing_content_repeats_verification_contract_reminder_at_end	15
tests/test_agents.py::test_fill_missing_content_does_not_add_entrypoint_reminder_to_test_support_file	15
tests/test_agents.py::test_fill_missing_content_repeats_skill_conventions_reminder_at_end	15
tests/test_agents.py::test_fill_missing_content_no_skill_reminder_without_active_skills	15
tests/test_agents.py::test_build_buffer_capacity_scaffold_names_overflow_direction	15
tests/test_agents.py::test_build_buffer_capacity_scaffold_names_underflow_direction	15
tests/test_agents.py::test_build_buffer_capacity_scaffold_empty_when_no_match	15
tests/test_agents.py::test_fill_missing_content_prompt_includes_buffer_capacity_scaffold	15
tests/test_agents.py::test_extra_fix_instruction_is_a_backward_compatible_noop_by_default	15
tests/test_agents.py::test_extra_fix_instruction_reaches_the_real_prompt_when_set	15
tests/test_agents.py::test_sanitize_generated_content_none_passthrough	15
tests/test_agents.py::test_sanitize_generated_content_strips_gutter_and_fence	15
tests/test_agents.py::test_sanitize_generated_content_truncates_redundant_trailing_marker	15
tests/test_agents.py::test_sanitize_generated_content_truncates_prose_phrased_marker	15
tests/test_agents.py::test_sanitize_generated_content_plain_text_passthrough	15
tests/test_agents.py::test_sanitize_generated_content_does_not_truncate_real_code_mentioning_the_phrase	15
tests/test_agents.py::test_sanitize_generated_content_does_not_strip_yaml_numeric_keys	15
tests/test_agents.py::test_sanitize_generated_content_still_strips_context_gutter_at_the_real_space_count	15
tests/test_agents.py::test_sanitize_generated_content_fixes_double_hyphen_in_xml_comment	15
tests/test_agents.py::test_sanitize_generated_content_fixes_comment_ending_in_a_dash	15
tests/test_agents.py::test_sanitize_generated_content_does_not_touch_content_with_no_xml_comment	15
tests/test_agents.py::test_sanitize_generated_content_unwraps_batch_json_envelope	15
tests/test_agents.py::test_sanitize_generated_content_unwraps_bare_single_file_envelope	15
tests/test_agents.py::test_sanitize_generated_content_matches_envelope_entry_by_basename	15
tests/test_agents.py::test_sanitize_generated_content_envelope_unwrap_requires_filepath	15
tests/test_agents.py::test_sanitize_generated_content_does_not_unwrap_ambiguous_multi_file_envelope	15
tests/test_agents.py::test_sanitize_generated_content_does_not_misfire_on_real_json_file_content	15
tests/test_agents.py::test_fill_missing_content_full_content_retry_strips_copied_gutter	15
tests/test_agents.py::test_fill_missing_content_prefers_anchored_edit_when_source_context_known	15
tests/test_agents.py::test_developer_explicit_patch_operation_overrides_locator_heuristic	15
tests/test_agents.py::test_developer_existing_file_initial_operation_has_unambiguous_full_contract	15
tests/test_agents.py::test_developer_honors_model_full_file_and_non_streaming_capabilities	15
tests/test_agents.py::test_fill_missing_content_no_anchored_edit_preference_without_source_context	15
tests/test_agents.py::test_fill_missing_content_prefers_anchored_edit_when_current_content_known_without_locator	15
tests/test_agents.py::test_fill_missing_content_no_anchored_edit_preference_when_file_not_in_current_content_set	15
tests/test_agents.py::test_fill_missing_content_no_change_needed_leaves_file_untouched_anchored_path	15
tests/test_agents.py::test_fill_missing_content_no_change_needed_leaves_file_untouched_plain_path	15
tests/test_agents.py::test_split_fix_analysis_edit_no_change_needed_takes_priority_over_search_replace	15
tests/test_agents.py::test_fill_missing_content_applies_retry_temperature_only_to_implicated_file	15
tests/test_agents.py::test_fill_missing_content_no_retry_temperature_on_clean_first_attempt	15
tests/test_agents.py::test_fill_missing_content_implicated_files_none_applies_to_all	15
tests/test_agents.py::test_fill_missing_content_logs_pass_through_at_info_level	15
tests/test_agents.py::test_fill_missing_content_logs_fresh_generation_at_info_level	15
tests/test_agents.py::test_run_generation_without_known_target_files_still_asks_for_file_list	15
tests/test_agents.py::test_run_generation_fallback_includes_prior_error_context	15
tests/test_agents.py::test_run_generation_fallback_no_error_block_on_clean_first_attempt	15
tests/test_agents.py::test_strip_markdown_fences_plain_leading_fence	15
tests/test_agents.py::test_strip_markdown_fences_no_fence_passthrough	15
tests/test_agents.py::test_strip_markdown_fences_prose_wrapped_fence	15
tests/test_agents.py::test_strip_markdown_fences_picks_largest_of_multiple_fences	15
tests/test_agents.py::test_strip_markdown_fences_preserves_indented_first_line	15
tests/test_agents.py::test_strip_markdown_fences_preserves_all_indentation_in_nested_block	15
tests/test_agents.py::test_strip_markdown_fences_indented_first_line_in_prose_wrapped_fence	15
tests/test_agents.py::test_strip_markdown_fences_still_removes_genuine_blank_fence_padding	15
tests/test_agents.py::test_extract_json_value_direct_parse	15
tests/test_agents.py::test_extract_json_value_recovers_prose_prefixed_array	15
tests/test_agents.py::test_extract_json_value_recovers_prose_prefixed_object	15
tests/test_agents.py::test_extract_json_value_prefers_array_over_object_when_array_starts_first	15
tests/test_agents.py::test_extract_json_value_raises_on_pure_prose_with_no_json	15
tests/test_agents.py::test_run_generation_recovers_prose_prefixed_file_list_without_fallback	15
tests/test_agents.py::test_developer_agent_nested_json_parsing	15
tests/test_agents.py::test_run_verifier_judge_goal_explicit_command	15
tests/test_agents.py::test_run_verifier_judge_multi_step_sequence	15
tests/test_agents.py::test_run_verifier_judge_tolerates_old_single_command_shape	15
tests/test_agents.py::test_run_verifier_judge_no_runnable_entrypoint	15
tests/test_agents.py::test_run_verifier_judge_missing_run_commands_forces_should_run_false	15
tests/test_agents.py::test_run_verifier_judge_string_false_is_not_python_truthy_coerced	15
tests/test_agents.py::test_run_verifier_judge_string_true_is_honored	15
tests/test_agents.py::test_run_verifier_judge_missing_execution_mode_defaults_to_finite_command	15
tests/test_agents.py::test_run_verifier_judge_preserves_an_explicitly_invalid_execution_mode	15
tests/test_agents.py::test_run_verifier_judge_unrecognized_should_run_value_defaults_false	15
tests/test_agents.py::test_run_verifier_judge_unparseable_response_defaults_to_no_run	15
tests/test_agents.py::test_run_verifier_judge_call_failure_defaults_to_no_run	15
tests/test_agents.py::test_run_verifier_grade_passed	15
tests/test_agents.py::test_run_verifier_grade_string_false_is_not_python_truthy_coerced	15
tests/test_agents.py::test_run_verifier_grade_prompt_prefers_program_self_check_over_recomputation	15
tests/test_agents.py::test_run_verifier_grade_without_distrust_notice_unchanged	15
tests/test_agents.py::test_run_verifier_grade_distrust_notice_included_as_trusted_section	15
tests/test_agents.py::test_run_verifier_grade_system_prompt_qualifies_marker_trust_rule	15
tests/test_agents.py::test_run_verifier_grade_unparseable_response_defaults_to_failure	15
tests/test_agents.py::test_run_verifier_grade_call_failure_fails_closed	15
tests/test_agents.py::test_run_verifier_grade_returns_likely_files_on_failure	15
tests/test_agents.py::test_run_verifier_grade_filters_out_hallucinated_likely_files	15
tests/test_agents.py::test_run_verifier_grade_timed_out_adds_prompt_note	15
tests/test_agents.py::test_run_verifier_grade_no_timeout_note_by_default	15
tests/test_agents.py::test_run_verifier_grade_fences_captured_output_as_untrusted	15
tests/test_agents.py::test_spec_compliance_check_compliant_when_no_concrete_requirements	15
tests/test_agents.py::test_spec_compliance_check_flags_missing_named_field	15
tests/test_agents.py::test_spec_compliance_check_false_verdict_with_no_missing_requirements_is_indeterminate	15
tests/test_agents.py::test_spec_compliance_check_false_verdict_with_real_missing_requirements_is_unaffected	15
tests/test_agents.py::test_spec_compliance_check_filters_out_hallucinated_likely_files	15
tests/test_agents.py::test_spec_compliance_check_call_failure_fails_open	15
tests/test_agents.py::test_spec_compliance_check_unparseable_response_fails_open	15
tests/test_agents.py::test_spec_compliance_check_prepends_authoritative_context_to_prompt	15
tests/test_agents.py::test_spec_compliance_planner_only_field_wording_does_not_fail_when_goal_is_generic	15
tests/test_agents.py::test_spec_compliance_still_fails_when_goal_itself_requires_the_field	15
tests/test_agents.py::test_skill_gap_agent_extracts_rules_and_examples	15
tests/test_agents.py::test_skill_gap_agent_flags_conflicts_instead_of_silently_adding	15
tests/test_agents.py::test_skill_gap_agent_rule_also_flagged_as_conflict_is_not_double_added	15
tests/test_agents.py::test_skill_gap_agent_irrelevant_reference_returns_empty	15
tests/test_agents.py::test_skill_gap_agent_unparseable_response_returns_empty_not_error	15
tests/test_agents.py::test_skill_gap_agent_call_failure_returns_empty_not_error	15
tests/test_agents.py::test_skill_gap_agent_discards_malformed_conflict_entries_without_crashing	15
tests/test_agents.py::test_skill_gap_agent_conflict_non_string_subfields_default_to_empty	15
tests/test_agents.py::test_skill_gap_agent_whitespace_only_candidate_rule_is_discarded	15
tests/test_agents.py::test_skill_gap_agent_conflicts_not_a_list_returns_empty	15
tests/test_agents.py::test_skill_gap_agent_examples_filtered_per_item_not_all_or_nothing	15
tests/test_agents.py::test_skill_gap_agent_examples_not_a_dict_returns_empty	15
tests/test_agents.py::test_check_skill_conflicts_returns_valid_conflict	15
tests/test_agents.py::test_check_skill_conflicts_discards_out_of_range_index	15
tests/test_agents.py::test_check_skill_conflicts_no_conflict_returns_empty	15
tests/test_agents.py::test_check_skill_conflicts_call_failure_returns_empty	15
tests/test_agents.py::test_check_skill_conflicts_skips_llm_call_when_either_skill_has_no_rules	15
tests/test_agents.py::test_architect_prompt_requires_listing_files_that_need_modification_too	15
tests/test_agents.py::test_architect_agent_requires_explicit_build_manifest	15
tests/test_agents.py::test_planner_agent_prompt_forbids_unrequested_multi_module_structure	15
tests/test_agents.py::test_planner_agent_prompt_carries_process_boundary_testability_guidance	15
tests/test_analyze_command.py::test_analyze_rejects_single_file_with_clear_error	15
tests/test_analyze_command.py::test_analyze_stdout_is_clean_json_with_no_progress_chrome	15
tests/test_analyze_command.py::test_analyze_changed_on_non_git_dir_warns_and_indexes_everything	16
tests/test_analyzer.py::test_analyzer_python_project	16
tests/test_analyzer.py::test_analyzer_captures_dependency_versions_across_manifest_formats	16
tests/test_analyzer.py::test_analyzer_dependency_versions_empty_when_no_version_present	16
tests/test_analyzer.py::test_analyzer_node_project	16
tests/test_analyzer.py::test_analyzer_ignores_empty_top_level_directories	16
tests/test_analyzer.py::test_analyzer_excludes_kriyas_own_reserved_directories	16
tests/test_analyzer.py::test_chunk_file_with_metadata_headers_java_ignores_braces_inside_string_literals	16
tests/test_analyzer.py::test_chunk_file_syntactically	16
tests/test_analyzer_cache.py::test_gitignored_addition_does_not_change_analyze_output_or_break_cache_safety	16
tests/test_analyzer_cache.py::test_gitignored_addition_is_served_from_cache_not_recomputed_incorrectly	16
tests/test_analyzer_cache.py::test_modification_invalidates	16
tests/test_analyzer_cache.py::test_relevant_addition_invalidates	15
tests/test_analyzer_cache.py::test_deletion_invalidates	15
tests/test_analyzer_cache.py::test_rename_invalidates	15
tests/test_analyzer_cache.py::test_manifest_change_invalidates	15
tests/test_analyzer_cache.py::test_directory_structure_change_invalidates	15
tests/test_analyzer_cache.py::test_nested_gitignore_is_honored	15
tests/test_analyzer_cache.py::test_unrelated_hardcoded_ignore_dir_content_change_is_still_excluded	15
tests/test_analyzer_cache.py::test_two_independent_git_roots_never_cross_contaminate_cache	15
tests/test_analyzer_cache.py::test_non_git_workspace_always_recomputes_and_still_works	15
tests/test_analyzer_cache.py::test_cached_model_is_not_a_shared_mutable_instance	15
tests/test_analyzer_cache.py::test_cache_hit_and_miss_produce_identical_model_content	15
tests/test_analyzer_cache.py::test_repeated_unchanged_analyze_decreases_recomputation_via_counters	15
tests/test_analyzer_cache.py::test_analyze_and_shared_discovery_primitive_agree_on_a_nested_gitignore_case	15
tests/test_analyzer_cache.py::test_same_content_repeatedly_keeps_one_entry_and_reuses_the_model	15
tests/test_analyzer_cache.py::test_new_revision_replaces_the_entry_and_releases_the_old_model	15
tests/test_analyzer_cache.py::test_returning_to_an_earlier_revision_recomputes_it	15
tests/test_analyzer_cache.py::test_many_revisions_of_one_root_keep_exactly_one_entry	15
tests/test_analyzer_cache.py::test_each_root_keeps_its_own_latest_entry	15
tests/test_analyzer_cache.py::test_an_alias_of_a_root_shares_its_single_entry_and_keeps_its_own_root_path	15
tests/test_analyzer_cache.py::test_failed_replacement_keeps_the_prior_entry_bound_to_its_own_content	15
tests/test_analyzer_cache.py::test_concurrent_builds_for_one_root_leave_one_consistent_entry	15
tests/test_analyzer_cache.py::test_a_removed_root_is_dropped_at_the_next_store	15
tests/test_analyzer_cache.py::test_many_removed_roots_never_accumulate	15
tests/test_analyzer_cache.py::test_a_replaced_root_does_not_keep_the_old_directory_entry	15
tests/test_architectural_choice.py::test_should_invalidate_architectural_choice_threshold	15
tests/test_architectural_choice.py::test_first_occurrence_is_recorded_but_does_not_invalidate	15
tests/test_architectural_choice.py::test_second_occurrence_of_same_candidate_triggers_invalidation	15
tests/test_architectural_choice.py::test_invalidation_message_names_candidate_to_abandon_and_owner_to_use	15
tests/test_architectural_choice.py::test_goal_explicitly_authorizing_new_artifact_is_never_invalidated	15
tests/test_architectural_choice.py::test_different_candidate_file_does_not_inherit_another_ones_occurrence_count	15
tests/test_architectural_choice.py::test_change_id_is_stable_for_the_same_kind_and_files	15
tests/test_architecture_regression_index.py::test_every_named_regression_guard_still_exists	15
tests/test_architecture_regression_index.py::test_every_named_regression_test_file_still_exists	15
tests/test_ask_command.py::test_ask_command_execution	15
tests/test_ask_command_context.py::test_ask_command_injects_files_context	15
tests/test_ask_command_key_files_bugs.py::test_ask_includes_large_python_entrypoint_file	15
tests/test_ask_command_key_files_bugs.py::test_ask_includes_large_ruby_entrypoint_file	15
tests/test_ask_command_key_files_bugs.py::test_ask_includes_python_manifest_files	15
tests/test_ask_command_key_files_bugs.py::test_ask_does_not_walk_into_kriya_worktree	15
tests/test_attribution.py::test_read_worktree_file_reads_real_content	15
tests/test_attribution.py::test_read_worktree_file_returns_none_for_missing_file	15
tests/test_attribution.py::test_bounded_triage_source_honors_even_a_tiny_budget	15
tests/test_attribution.py::test_resolve_fallback_model_returns_none_on_first_attempt	15
tests/test_attribution.py::test_resolve_fallback_model_returns_none_with_empty_chain	15
tests/test_attribution.py::test_resolve_fallback_model_escalates_one_step_per_retry	15
tests/test_attribution.py::test_resolve_fallback_model_clamps_to_last_entry	15
tests/test_attribution.py::test_attribution_prefers_precise_locator_over_llm_judge_files	15
tests/test_attribution.py::test_attribution_trusts_judge_provided_likely_files_when_no_locator	15
tests/test_attribution.py::test_attribution_falls_back_to_substring_scan_when_likely_files_empty	15
tests/test_attribution.py::test_assertion_failure_locator_excludes_the_test_file_itself	15
tests/test_attribution.py::test_test_compile_failure_still_locates_the_test_file	15
tests/test_attribution.py::test_production_compiler_failure_still_locates_the_production_file	15
tests/test_attribution.py::test_assertion_failure_falls_through_to_the_real_provider_when_known	15
tests/test_attribution.py::test_assertion_failure_with_no_resolvable_provider_fails_closed_not_to_the_test_file	15
tests/test_attribution.py::test_test_fixture_precondition_failure_attributes_to_test_not_production_guard	15
tests/test_attribution.py::test_test_fixture_precondition_check_falls_through_when_guard_line_is_newly_written	15
tests/test_attribution.py::test_test_fixture_precondition_check_is_opt_in_without_original_contents	15
tests/test_attribution.py::test_test_fixture_precondition_check_does_not_redirect_a_genuine_multi_layer_production_bug	15
tests/test_attribution.py::test_test_fixture_precondition_check_does_not_redirect_when_enclosing_method_changed_elsewhere	15
tests/test_attribution.py::test_attribution_authoritative_files_outranks_self_diagnosis	15
tests/test_attribution.py::test_attribution_self_diagnosis_still_wins_when_no_authoritative_evidence	15
tests/test_attribution.py::test_ignite_qpid_protocol_regression_no_evidence_falls_to_triage	15
tests/test_attribution.py::test_ignite_qpid_protocol_regression_triage_identifies_real_culprit	15
tests/test_attribution.py::test_triage_sees_java_method_bodies_needed_to_localize_runtime_hangs	15
tests/test_attribution.py::test_rejected_target_without_alternate_widens_without_retriage_call	15
tests/test_attribution.py::test_triage_rides_the_same_escalation_ladder_as_generation	15
tests/test_attribution.py::test_triage_uses_the_fallback_models_own_extra_body	15
tests/test_attribution.py::test_triage_falls_back_to_full_set_on_malformed_response	15
tests/test_attribution.py::test_triage_falls_back_to_full_set_when_llm_call_raises	15
tests/test_attribution.py::test_triage_ignores_files_the_model_hallucinates_outside_known_files	15
tests/test_attribution.py::test_extract_self_diagnosed_files_finds_a_different_named_file	15
tests/test_attribution.py::test_extract_self_diagnosed_files_excludes_self_mention	15
tests/test_attribution.py::test_extract_self_diagnosed_files_unions_across_multiple_files	15
tests/test_attribution.py::test_extract_self_diagnosed_files_handles_missing_or_empty_analysis	15
tests/test_attribution.py::test_extract_self_diagnosed_files_no_divergence_returns_empty	15
tests/test_attribution.py::test_self_diagnosis_outranks_a_fresh_locator_match	15
tests/test_attribution.py::test_no_self_diagnosis_falls_through_to_locator_as_before	15
tests/test_attribution.py::test_validation_2_regression_extracts_qpid_config_from_real_analysis_text	15
tests/test_attribution.py::test_validation_2_regression_attribution_redirects_away_from_the_throw_site	15
tests/test_attribution.py::test_grounded_architectural_owner_outranks_likely_file_guess	15
tests/test_auth_goal_contamination_001.py::test_retrieved_reference_text_never_reaches_an_authority_decision	15
tests/test_auth_goal_contamination_001.py::test_the_developer_reads_the_reference_context_once_fenced	15
tests/test_auth_goal_contamination_001.py::test_a_user_declared_exit_admits_only_its_code_whatever_retrieval_says	15
tests/test_auth_goal_contamination_001.py::test_the_resume_goal_fingerprint_does_not_depend_on_what_retrieval_returned	15
tests/test_auth_goal_contamination_001.py::test_planner_or_subtask_text_cannot_widen_mutation_scope	15
tests/test_auth_goal_contamination_001.py::test_generate_hands_the_workflow_the_users_exact_goal_on_every_dispatch[single]	15
tests/test_auth_goal_contamination_001.py::test_generate_hands_the_workflow_the_users_exact_goal_on_every_dispatch[acked_retry]	15
tests/test_auth_goal_contamination_001.py::test_generate_hands_the_workflow_the_users_exact_goal_on_every_dispatch[confirmed_retry]	15
tests/test_auth_goal_contamination_001.py::test_the_controller_forwards_reference_context_and_keeps_the_users_goal	15
tests/test_auth_goal_contamination_001.py::test_the_enforce_planner_reads_reference_context_only_as_a_fenced_suffix[malicious]	15
tests/test_auth_goal_contamination_001.py::test_the_enforce_planner_reads_reference_context_only_as_a_fenced_suffix[hostile]	15
tests/test_auth_goal_contamination_001.py::test_a_plan_that_copies_the_reference_gains_no_authority	15
tests/test_auth_goal_contamination_001.py::test_every_planner_given_reference_context_fences_it_after_the_users_goal[direct]	15
tests/test_auth_goal_contamination_001.py::test_every_planner_given_reference_context_fences_it_after_the_users_goal[enforce]	15
tests/test_auth_goal_contamination_001.py::test_no_code_rebinds_an_authority_goal_to_an_enriched_version_of_itself	15
tests/test_auth_goal_contamination_001.py::test_the_tripwire_recognizes_every_enrichment_shape[goal = f"{goal}\\n{ctx}"]	15
tests/test_auth_goal_contamination_001.py::test_the_tripwire_recognizes_every_enrichment_shape[goal += ctx]	15
tests/test_auth_goal_contamination_001.py::test_the_tripwire_recognizes_every_enrichment_shape[goal = f"{goal} {ctx}" if ctx else goal]	15
tests/test_auth_goal_contamination_001.py::test_the_tripwire_recognizes_every_enrichment_shape[goal = "{}\\n{}".format(goal, ctx)]	15
tests/test_auth_goal_contamination_001.py::test_the_tripwire_recognizes_every_enrichment_shape[goal = "\\n".join([goal, ctx])]	15
tests/test_auth_goal_contamination_001.py::test_the_tripwire_recognizes_every_enrichment_shape[grounding_goal = goal + ctx]	15
tests/test_auth_goal_contamination_001.py::test_the_tripwire_recognizes_every_enrichment_shape[run(goal=f"{goal}\\n{ctx}")]	15
tests/test_auth_goal_contamination_001.py::test_the_tripwire_recognizes_every_enrichment_shape[run(original_goal="%s %s" % (goal, ctx))]	15
tests/test_auth_goal_contamination_001.py::test_the_tripwire_leaves_plain_goal_use_alone[goal = goal.strip()]	15
tests/test_auth_goal_contamination_001.py::test_the_tripwire_leaves_plain_goal_use_alone[goal = goal or fallback]	15
tests/test_auth_goal_contamination_001.py::test_the_tripwire_leaves_plain_goal_use_alone[prompt = f"Goal: {goal}\\n{ctx}"]	15
tests/test_auth_goal_contamination_001.py::test_the_tripwire_leaves_plain_goal_use_alone[run(goal=goal, reference_context=ctx)]	15
tests/test_auth_goal_contamination_001.py::test_a_milestone_plans_identity_binds_the_users_original_goal	15
tests/test_authority_cli_refusal.py::test_an_in_workspace_approval_store_is_a_typed_refusal_for_every_authority_command[command0]	15
tests/test_authority_cli_refusal.py::test_an_in_workspace_approval_store_is_a_typed_refusal_for_every_authority_command[command1]	15
tests/test_authority_cli_refusal.py::test_an_in_workspace_approval_store_is_a_typed_refusal_for_every_authority_command[command2]	15
tests/test_authority_cli_refusal.py::test_a_command_that_loads_the_config_reports_the_same_typed_refusal	15
tests/test_authority_cli_refusal.py::test_doctor_production_json_stays_parseable_and_carries_the_reason_code	15
tests/test_authority_cli_refusal.py::test_the_error_type_carries_its_own_code_path_and_remediation	15
tests/test_authority_cli_refusal.py::test_an_approval_store_outside_the_workspace_is_used_normally	15
tests/test_authority_cli_refusal.py::test_an_unexpected_internal_error_on_the_same_path_is_not_hidden	15
tests/test_auto_skills.py::test_auto_skills_generation_and_injection	15
tests/test_autonomy.py::test_autonomy_sensitive_paths_escalation	15
tests/test_autonomy.py::test_autonomy_risk_threshold_escalation	15
tests/test_autonomy_config_registry_hosts.py::test_default_hosts_are_empirically_required_only_no_wildcards	15
tests/test_autonomy_config_registry_hosts.py::test_hosts_are_normalized_lowercase_deduped_sorted	15
tests/test_autonomy_config_registry_hosts.py::test_wildcard_and_leading_dot_entries_are_rejected[.apache.org]	15
tests/test_autonomy_config_registry_hosts.py::test_wildcard_and_leading_dot_entries_are_rejected[*.pypi.org]	15
tests/test_autonomy_config_registry_hosts.py::test_wildcard_and_leading_dot_entries_are_rejected[.python.org]	15
tests/test_autonomy_config_registry_hosts.py::test_url_shaped_entries_are_rejected[https://pypi.org]	15
tests/test_autonomy_config_registry_hosts.py::test_url_shaped_entries_are_rejected[pypi.org/simple]	15
tests/test_autonomy_config_registry_hosts.py::test_url_shaped_entries_are_rejected[http://pypi.org/]	15
tests/test_autonomy_config_registry_hosts.py::test_entries_with_a_port_are_rejected	15
tests/test_autonomy_config_registry_hosts.py::test_empty_entries_are_rejected	15
tests/test_autonomy_config_registry_hosts.py::test_explicit_private_registry_host_is_accepted_as_an_addition	15
tests/test_backlog_registry.py::test_every_item_carries_the_required_fields	15
tests/test_backlog_registry.py::test_ids_are_unique	15
tests/test_backlog_registry.py::test_an_open_p0_or_p1_is_never_parked_in_the_backlog	15
tests/test_backlog_registry.py::test_the_tracker_never_duplicates_a_registry_item	15
tests/test_backlog_registry.py::test_the_tracker_holds_no_open_finding	15
tests/test_banners.py::test_nested_attempt_banner_includes_execution_scope	15
tests/test_batch6_live_evidence_status.py::test_a_skipped_live_case_is_recorded_not_live_exercised	15
tests/test_batch6_live_evidence_status.py::test_a_failed_and_a_completed_live_case	15
tests/test_batch6_live_evidence_status.py::test_the_live_preflight_rejects_the_unqualified_8k_fixture_identity	15
tests/test_batch6_live_evidence_status.py::test_the_live_cfg_fixture_does_not_override_the_qualified_identity	15
tests/test_batch6_live_evidence_status.py::test_the_targeted_prd029_fixture_requires_the_authorized_contract_change	15
tests/test_batch6_live_evidence_status.py::test_a_completed_certification_that_does_not_certify_is_failed_not_green	15
tests/test_best_of_n.py::test_reset_clears_candidate_specific_fields	15
tests/test_best_of_n.py::test_reset_leaves_trace_and_environment_fields_untouched	15
tests/test_best_of_n.py::test_first_candidate_success_returns_immediately	15
tests/test_best_of_n.py::test_second_candidate_succeeds_after_first_fails	15
tests/test_best_of_n.py::test_all_candidates_failing_propagates_the_last_failure	15
tests/test_best_of_n.py::test_stops_immediately_when_handle_attempt_failure_says_stop	15
tests/test_best_of_n.py::test_worktree_reset_failure_hands_the_recorded_failure_to_the_loop_unreset	15
tests/test_best_of_n.py::test_active_contract_recovery_hands_the_failure_to_the_loop_without_a_new_candidate	15
tests/test_best_of_n.py::test_spent_budgets_hand_the_failure_to_the_loop_without_a_new_candidate	15
tests/test_best_of_n.py::test_a_recovery_transition_is_never_handled_as_a_candidate_failure	15
tests/test_bootstrap_contract.py::test_authority_annotations_resolve_on_lazy_annotation_python	15
tests/test_bootstrap_contract.py::test_all_production_modules_import_in_fresh_process	15
tests/test_bootstrap_contract.py::test_cli_bootstrap_in_fresh_process	15
tests/test_bootstrap_contract.py::test_production_code_has_no_undefined_names	15
tests/test_bootstrap_contract.py::test_every_production_annotation_resolves_at_runtime	15
tests/test_bootstrap_contract.py::test_mutually_importing_modules_load_first_in_fresh_process[kriya.tools.containment]	15
tests/test_bootstrap_contract.py::test_mutually_importing_modules_load_first_in_fresh_process[kriya.tools.toolchain_identity]	15
tests/test_bootstrap_contract.py::test_mutually_importing_modules_load_first_in_fresh_process[kriya.workflow.proposal_binding]	15
tests/test_bootstrap_contract.py::test_mutually_importing_modules_load_first_in_fresh_process[kriya.workflow.proposal_promotion]	15
tests/test_bootstrap_contract.py::test_mutually_importing_modules_load_first_in_fresh_process[kriya.workflow.review_context]	15
tests/test_bootstrap_contract.py::test_mutually_importing_modules_load_first_in_fresh_process[kriya.workflow.workflow]	15
tests/test_bootstrap_contract.py::test_execution_policy_accepts_supported_modes[audit]	15
tests/test_bootstrap_contract.py::test_execution_policy_accepts_supported_modes[enforce]	15
tests/test_bootstrap_contract.py::test_execution_policy_rejects_unknown_modes[unknown]	15
tests/test_bootstrap_contract.py::test_execution_policy_rejects_unknown_modes[ENFORCE]	15
tests/test_bootstrap_contract.py::test_execution_policy_rejects_unknown_modes[]	15
tests/test_bootstrap_contract.py::test_execution_policy_rejects_unknown_modes[disabled]	15
tests/test_bootstrap_contract.py::test_execution_policy_default_remains_audit	15
tests/test_candidate_verification_binding.py::test_the_binding_is_canonical_and_independent_of_batch_order_and_workspace_spelling	15
tests/test_candidate_verification_binding.py::test_every_entry_component_is_bound[content_bytes-<lambda>]	15
tests/test_candidate_verification_binding.py::test_every_entry_component_is_bound[mode-<lambda>]	15
tests/test_candidate_verification_binding.py::test_every_entry_component_is_bound[delete-<lambda>]	15
tests/test_candidate_verification_binding.py::test_every_entry_component_is_bound[expected_base_revision-<lambda>]	15
tests/test_candidate_verification_binding.py::test_every_entry_component_is_bound[expected_base_exists-<lambda>]	15
tests/test_candidate_verification_binding.py::test_every_entry_component_is_bound[target_path-<lambda>]	15
tests/test_candidate_verification_binding.py::test_an_unchanged_candidate_commits_normally	15
tests/test_candidate_verification_binding.py::test_a_candidate_changed_after_verification_is_refused_with_nothing_written[added file changed-<lambda>-pkg/new.py (content or base changed)]	15
tests/test_candidate_verification_binding.py::test_a_candidate_changed_after_verification_is_refused_with_nothing_written[modified file changed-<lambda>-A.java (content or base changed)]	15
tests/test_candidate_verification_binding.py::test_a_candidate_changed_after_verification_is_refused_with_nothing_written[deletion set changed-<lambda>-gone.py (removed from the batch)]	15
tests/test_candidate_verification_binding.py::test_a_candidate_changed_after_verification_is_refused_with_nothing_written[path set changed-<lambda>-extra.py (added to the batch)]	15
tests/test_candidate_verification_binding.py::test_a_candidate_changed_after_verification_is_refused_with_nothing_written[operation changed-<lambda>-gone.py (operation changed)]	15
tests/test_candidate_verification_binding.py::test_a_missing_binding_is_refused_even_for_an_empty_batch	15
tests/test_candidate_verification_binding.py::test_static_analysis_enabled_needs_both_the_binding_and_the_static_analysis_authorization	15
tests/test_candidate_verification_binding.py::test_a_stale_binding_is_not_rescued_by_valid_static_analysis_evidence	15
tests/test_candidate_verification_binding.py::test_a_valid_binding_cannot_bypass_blocking_static_analysis_evidence	15
tests/test_candidate_verification_binding.py::test_a_candidate_changed_after_the_gates_is_never_committed[direct]	15
tests/test_candidate_verification_binding.py::test_a_candidate_changed_after_the_gates_is_never_committed[milestone]	15
tests/test_candidate_verification_binding.py::test_the_control_run_without_tampering_commits	15
tests/test_candidate_verification_binding.py::test_the_cli_names_the_refusal	15
tests/test_candidate_verification_binding.py::test_enforce_refuses_a_candidate_changed_after_its_gates_bound[False]	15
tests/test_candidate_verification_binding.py::test_enforce_refuses_a_candidate_changed_after_its_gates_bound[True]	15
tests/test_candidate_verification_binding.py::test_every_production_commit_passes_the_binding_taken_at_verification	15
tests/test_checkpoint_control_plane_hashes.py::test_compute_base_commit_returns_the_real_head_sha	15
tests/test_checkpoint_control_plane_hashes.py::test_compute_tree_hash_returns_the_real_tree_object	15
tests/test_checkpoint_control_plane_hashes.py::test_tree_hash_changes_when_content_actually_changes	15
tests/test_checkpoint_control_plane_hashes.py::test_returns_none_for_a_non_git_directory	15
tests/test_checkpoint_control_plane_hashes.py::test_compute_registry_hash_is_stable_and_content_sensitive	15
tests/test_checkpoint_control_plane_hashes.py::test_bundle_includes_git_derived_fields	15
tests/test_checkpoint_control_plane_hashes.py::test_bundle_omits_none_for_arguments_not_supplied	15
tests/test_checkpoint_control_plane_hashes.py::test_bundle_includes_hashes_for_every_object_supplied	15
tests/test_checkpoint_control_plane_hashes.py::test_validation_ok_when_everything_matches	15
tests/test_checkpoint_control_plane_hashes.py::test_validation_needs_review_on_base_commit_drift	15
tests/test_checkpoint_control_plane_hashes.py::test_validation_needs_review_on_control_state_drift	15
tests/test_checkpoint_control_plane_hashes.py::test_validation_needs_review_on_contract_registry_drift	15
tests/test_checkpoint_control_plane_hashes.py::test_legacy_checkpoint_with_no_control_plane_fields_is_ok	15
tests/test_checkpoint_control_plane_hashes.py::test_missing_live_object_skips_that_specific_check_not_a_mismatch	15
tests/test_cli_smoke.py::test_top_level_help	15
tests/test_cli_smoke.py::test_bare_invocation_on_non_tty_prints_help_and_exits_cleanly	15
tests/test_cli_smoke.py::test_bare_invocation_on_a_real_tty_starts_the_repl	15
tests/test_cli_smoke.py::test_bare_invocation_on_a_real_tty_passes_through_the_config_path	15
tests/test_cli_smoke.py::test_command_help[version]	15
tests/test_cli_smoke.py::test_command_help[config]	15
tests/test_cli_smoke.py::test_command_help[doctor]	15
tests/test_cli_smoke.py::test_command_help[repl]	15
tests/test_cli_smoke.py::test_command_help[plugins]	15
tests/test_cli_smoke.py::test_command_help[analyze]	15
tests/test_cli_smoke.py::test_command_help[generate]	15
tests/test_cli_smoke.py::test_command_help[plan-milestones]	15
tests/test_cli_smoke.py::test_command_help[review]	15
tests/test_cli_smoke.py::test_command_help[ask]	15
tests/test_cli_smoke.py::test_command_help[learn]	15
tests/test_cli_smoke.py::test_command_help[fix]	15
tests/test_cli_smoke.py::test_command_help[traces]	15
tests/test_cli_smoke.py::test_command_help[completion]	15
tests/test_cli_smoke.py::test_command_help[proposal]	15
tests/test_cli_smoke.py::test_command_help[authority]	15
tests/test_cli_smoke.py::test_command_help[runs]	15
tests/test_cli_smoke.py::test_subcommand_group_help[prompt-subcommands0]	15
tests/test_cli_smoke.py::test_subcommand_group_help[tools-subcommands1]	15
tests/test_cli_smoke.py::test_subcommand_group_help[skills-subcommands2]	15
tests/test_cli_smoke.py::test_subcommand_group_help[proposal-subcommands3]	15
tests/test_cli_smoke.py::test_subcommand_group_help[authority-subcommands4]	15
tests/test_cli_smoke.py::test_subcommand_group_help[runs-subcommands5]	15
tests/test_cli_smoke.py::test_version_command_runs_end_to_end	15
tests/test_cli_smoke.py::test_completion_command_prints_setup_instructions[bash-eval "$(_KRIYA_COMPLETE=bash_source kriya)"]	15
tests/test_cli_smoke.py::test_completion_command_prints_setup_instructions[zsh-eval "$(_KRIYA_COMPLETE=zsh_source kriya)"]	15
tests/test_cli_smoke.py::test_completion_command_prints_setup_instructions[fish-_KRIYA_COMPLETE=fish_source kriya | source]	15
tests/test_cli_smoke.py::test_completion_command_rejects_unknown_shell	15
tests/test_cli_smoke.py::test_generate_json_flag_prints_only_json_on_stdout	15
tests/test_cli_smoke.py::test_generate_json_flag_exit_code_reflects_quality_gates_failure	15
tests/test_cli_smoke.py::test_generate_without_json_flag_is_unchanged	15
tests/test_cli_smoke.py::test_generate_without_json_returns_nonzero_when_quality_gates_fail	15
tests/test_cli_smoke.py::test_generate_renders_streamed_reviewer_report_only_once	15
tests/test_cli_smoke.py::test_generate_does_not_reprint_review_already_in_approval	15
tests/test_cli_smoke.py::test_fix_reprints_full_reviewer_report	15
tests/test_cli_smoke.py::test_generate_labels_rejected_candidate_review_distinctly	15
tests/test_cli_smoke.py::test_generate_accepted_candidate_still_gets_run_instructions_header	15
tests/test_cli_smoke.py::test_fix_labels_rejected_candidate_review_distinctly	15
tests/test_cli_smoke.py::test_generate_budget_exhausted_shows_no_toolchain_advice	15
tests/test_cli_smoke.py::test_generate_genuine_environment_failure_still_shows_toolchain_advice	15
tests/test_cli_smoke.py::test_fix_does_not_mislabel_a_human_rejection_as_a_reviewer_report	15
tests/test_cli_smoke.py::test_fix_does_not_preview_or_reprint_review_already_in_approval	15
tests/test_cli_smoke.py::test_mark_run_in_progress_writes_honest_status	15
tests/test_cli_smoke.py::test_mark_run_in_progress_noop_when_run_id_missing	15
tests/test_cli_smoke.py::test_generate_marks_in_progress_before_knowledge_gap_retry_runs	15
tests/test_cli_smoke.py::test_tools_execute_shell_requires_confirmation_without_yes	15
tests/test_cli_smoke.py::test_tools_execute_shell_runs_with_yes_flag	15
tests/test_cli_smoke.py::test_tools_execute_non_confirmation_tool_runs_without_yes	15
tests/test_cli_smoke.py::test_skills_approve_does_not_promote_flagged_conflicts	15
tests/test_cli_smoke.py::test_skills_approve_removes_staged_file_once_fully_resolved	15
tests/test_cli_smoke.py::test_skills_list_marks_conflict_lines_distinctly	15
tests/test_cli_smoke.py::test_plan_milestones_bare_output_filename_does_not_crash	15
tests/test_cli_smoke.py::test_review_propose_flag_absent_leaves_a1_report_unchanged	15
tests/test_cli_smoke.py::test_review_propose_valid_finding_renders_advisory_proposal	15
tests/test_cli_smoke.py::test_review_propose_unknown_finding_id_is_rejected	15
tests/test_cli_smoke.py::test_review_propose_rejected_outright_for_non_structured_review_path	15
tests/test_cli_smoke.py::test_review_propose_never_invokes_write_capable_components	15
tests/test_cli_smoke.py::test_review_propose_without_save_does_not_persist	15
tests/test_cli_smoke.py::test_review_propose_save_persists_then_cli_approve_flow	15
tests/test_cli_smoke.py::test_proposal_reject_cli_then_cannot_approve	15
tests/test_cli_smoke.py::test_proposal_show_unknown_id_fails_cleanly	15
tests/test_config.py::test_load_default_config	15
tests/test_config.py::test_routing_enabled_by_default	15
tests/test_config.py::test_workflow_controller_stays_disabled_by_default	15
tests/test_config.py::test_runtime_profile_defaults_to_none_and_changes_nothing	15
tests/test_config.py::test_runtime_profile_hardened_overrides_the_documented_fields	15
tests/test_config.py::test_runtime_profile_hardened_does_not_touch_execution_policy_mode	15
tests/test_config.py::test_runtime_profile_rejects_an_unknown_value	15
tests/test_config.py::test_runtime_profile_rejects_conflicting_individual_settings	15
tests/test_config.py::test_runtime_profile_accepts_supported_presets[legacy]	15
tests/test_config.py::test_runtime_profile_accepts_supported_presets[validated]	15
tests/test_config.py::test_runtime_profile_accepts_supported_presets[hardened]	15
tests/test_config.py::test_runtime_profile_production_expands_to_sealed_safe_posture	15
tests/test_config.py::test_runtime_profile_production_rejects_contradictory_overrides[workflow_controller-mode-shadow-enforce]	15
tests/test_config.py::test_runtime_profile_production_rejects_contradictory_overrides[execution_policy-mode-audit-enforce]	15
tests/test_config.py::test_runtime_profile_production_rejects_contradictory_overrides[execution_policy-enabled-False-True]	15
tests/test_config.py::test_runtime_profile_production_rejects_contradictory_overrides[autonomy-egress_policy-unrestricted-local_only]	15
tests/test_config.py::test_runtime_profile_production_rejects_contradictory_overrides[autonomy-generation_time_budget_seconds-None-3600]	15
tests/test_config.py::test_runtime_profile_production_rejects_contradictory_overrides[autonomy-generation_time_budget_seconds-7200-3600]	15
tests/test_config.py::test_runtime_profile_production_rejects_contradictory_overrides[autonomy-generation_time_budget_seconds-0-3600]	15
tests/test_config.py::test_runtime_profile_production_rejects_contradictory_overrides[autonomy-generation_time_budget_seconds-True-3600]	15
tests/test_config.py::test_runtime_profile_production_rejects_contradictory_overrides[autonomy-contained_execution_required-False-True]	15
tests/test_config.py::test_runtime_profile_production_rejects_contradictory_overrides[autonomy-mcp_contained_execution_required-False-True]	15
tests/test_config.py::test_runtime_profile_production_rejects_contradictory_overrides[autonomy-containment_backend-none-oci]	15
tests/test_config.py::test_runtime_profile_production_rejects_contradictory_overrides[autonomy-brownfield_full_regression_baseline_policy-auto-required]	15
tests/test_config.py::test_runtime_profile_production_allows_matching_and_unrelated_overrides	15
tests/test_config.py::test_runtime_profile_production_keeps_a_stricter_explicit_deadline	15
tests/test_config.py::test_direct_production_app_config_accepts_only_an_equal_or_stricter_deadline	15
tests/test_config.py::test_direct_app_config_cannot_claim_production_with_unsafe_defaults	15
tests/test_config.py::test_existing_runtime_profile_mappings_remain_byte_for_byte_compatible	15
tests/test_config.py::test_load_custom_config	15
tests/test_config.py::test_load_invalid_config	15
tests/test_config_command.py::test_config_redacts_top_level_llm_api_key	15
tests/test_config_command.py::test_config_redacts_llm_chain_and_agent_role_api_keys	15
tests/test_config_command.py::test_config_redacts_mcp_server_env_values_but_keeps_keys	15
tests/test_config_command.py::test_config_output_still_valid_json_and_preserves_non_secret_fields	15
tests/test_config_extra.py::test_load_config_with_extra_body	15
tests/test_containment.py::test_trusted_infrastructure_profile_does_not_require_a_backend	15
tests/test_containment.py::test_untrusted_execution_profile_requires_a_backend	15
tests/test_containment.py::test_profile_never_names_a_specific_mechanism	15
tests/test_containment.py::test_null_backend_prepare_returns_env_allowlist_and_no_rlimit_by_default	15
tests/test_containment.py::test_null_backend_prepare_builds_rlimit_preexec_when_requested	15
tests/test_containment.py::test_null_backend_prepare_allows_unrestricted_network_profile	15
tests/test_containment.py::test_null_backend_prepare_blocks_network_denied_profile	15
tests/test_containment.py::test_null_backend_prepare_blocks_dependency_registry_only_profile	15
tests/test_containment.py::test_null_backend_block_is_a_containment_setup_error	15
tests/test_containment.py::test_null_backend_prepare_partial_rlimit_profile_leaves_unset_dimension_untouched	15
tests/test_containment.py::test_test_backend_configured_to_fail_raises_backend_unavailable	15
tests/test_containment.py::test_test_backend_configured_to_succeed_records_the_profile	15
tests/test_containment.py::test_resolve_containment_backend_none_returns_null_backend	15
tests/test_containment.py::test_resolve_containment_backend_unknown_name_fails_closed	15
tests/test_containment.py::test_resolve_containment_backend_test_name_is_not_production_selectable	15
tests/test_containment.py::test_resource_limit_setup_error_is_a_containment_setup_error	15
tests/test_containment.py::test_backend_unavailable_error_is_a_containment_setup_error	15
tests/test_containment.py::test_network_authority_has_no_boolean_only_values	15
tests/test_containment_oci.py::test_authorized_workspace_write_then_read	15
tests/test_containment_oci.py::test_authorized_java_compile_and_run	15
tests/test_containment_oci.py::test_authorized_python_run	15
tests/test_containment_oci.py::test_hostile_code_cannot_read_host_sentinel_outside_workspace	15
tests/test_containment_oci.py::test_hostile_code_cannot_write_sentinel_outside_workspace	15
tests/test_containment_oci.py::test_hostile_code_cannot_receive_unallowlisted_host_secret	15
tests/test_containment_oci.py::test_allowlisted_env_var_does_reach_the_container	15
tests/test_containment_oci.py::test_host_only_env_vars_never_leak_even_when_allowlisted	15
tests/test_containment_oci.py::test_network_denied_blocks_outbound_connection	15
tests/test_containment_oci.py::test_network_unrestricted_allows_outbound_connection	15
tests/test_containment_oci.py::test_dependency_registry_only_with_empty_destinations_fails_closed	15
tests/test_containment_oci.py::test_registry_scoped_denies_unauthorized_https_connect	15
tests/test_containment_oci.py::test_registry_scoped_allows_authorized_https_connect	15
tests/test_containment_oci.py::test_registry_scoped_blocks_direct_egress_bypassing_proxy	15
tests/test_containment_oci.py::test_registry_scoped_blocks_client_dns_resolution	15
tests/test_containment_oci.py::test_registry_scoped_blocks_ipv6_egress	15
tests/test_containment_oci.py::test_registry_scoped_untrusted_process_cannot_alter_firewall	15
tests/test_containment_oci.py::test_registry_scoped_untrusted_process_has_no_residual_capabilities	15
tests/test_containment_oci.py::test_registry_scoped_teardown_leaves_no_surviving_resources	15
tests/test_containment_oci.py::test_registry_scoped_concurrent_authorities_do_not_cross_grant	15
tests/test_containment_oci.py::test_timeout_leaves_no_surviving_container	15
tests/test_containment_oci.py::test_memory_limit_is_enforced	15
tests/test_containment_oci.py::test_missing_workspace_directory_blocks_execution	15
tests/test_containment_oci.py::test_registry_scoped_runs_as_real_host_uid_not_a_fixed_value	15
tests/test_containment_oci.py::test_registry_scoped_never_mutates_preexisting_host_permissions_on_success	15
tests/test_containment_oci.py::test_registry_scoped_never_mutates_host_permissions_on_timeout	15
tests/test_containment_oci.py::test_registry_scoped_ownership_mismatch_fails_closed_before_any_container_starts	15
tests/test_containment_oci.py::test_exception_right_after_start_leaves_no_container_or_docker_client	15
tests/test_containment_oci.py::test_exception_right_after_start_leaves_no_registry_network	15
tests/test_containment_oci_registry_scoped_unit.py::test_authority_id_is_order_and_case_independent	15
tests/test_containment_oci_registry_scoped_unit.py::test_authority_id_differs_for_different_host_sets	15
tests/test_containment_oci_registry_scoped_unit.py::test_finalize_raises_on_sentinel_exit_code	15
tests/test_containment_oci_registry_scoped_unit.py::test_finalize_raises_on_sentinel_marker_even_with_different_exit_code	15
tests/test_containment_oci_registry_scoped_unit.py::test_finalize_does_not_raise_on_an_ordinary_command_failure	15
tests/test_containment_oci_registry_scoped_unit.py::test_finalize_does_not_raise_on_success_with_step_markers	15
tests/test_containment_oci_registry_scoped_unit.py::test_render_setup_script_contains_no_chmod_of_host_mounts	15
tests/test_containment_oci_registry_scoped_unit.py::test_render_setup_script_uses_the_given_uid_and_gid_not_a_fixed_constant	15
tests/test_containment_oci_registry_scoped_unit.py::test_resolve_acquisition_identity_matches_the_invoking_process	15
tests/test_containment_oci_registry_scoped_unit.py::test_resolve_acquisition_identity_accepts_matching_cache_paths	15
tests/test_containment_oci_registry_scoped_unit.py::test_resolve_acquisition_identity_fails_closed_on_ownership_mismatch	15
tests/test_containment_oci_registry_scoped_unit.py::test_resolve_acquisition_identity_fails_closed_when_invoking_process_is_root	15
tests/test_containment_oci_registry_scoped_unit.py::test_denied_network_argv_has_no_cap_admin_or_net_admin	15
tests/test_context_budget.py::test_build_code_context_byte_identical_no_degradation_no_scores	15
tests/test_context_budget.py::test_build_code_context_byte_identical_no_degradation_with_scores	15
tests/test_context_budget.py::test_build_code_context_package_matches_legacy_string_output	15
tests/test_context_budget.py::test_build_code_context_package_populates_context_package_on_degradation	15
tests/test_context_budget.py::test_build_code_context_package_records_source_unavailable	15
tests/test_context_budget.py::test_build_code_context_package_no_degradation_has_no_omissions	15
tests/test_context_budget.py::test_known_target_full_source_when_it_fits	15
tests/test_context_budget.py::test_known_target_current_source_is_worktree_not_workspace	15
tests/test_context_budget.py::test_known_target_c1_repro_four_files_over_24k_all_accounted_for	15
tests/test_context_budget.py::test_known_target_member_exact_retained_while_sibling_degrades	15
tests/test_context_budget.py::test_known_target_two_relevant_members_far_apart_both_addressable	15
tests/test_context_budget.py::test_known_target_known_target_floor_beats_low_retrieval_score	15
tests/test_context_budget.py::test_known_target_floor_does_not_grant_unlimited_inclusion	15
tests/test_context_budget.py::test_known_target_unsupported_language_member_hint_falls_back_explicitly	15
tests/test_context_budget.py::test_known_target_missing_member_id_falls_back_to_whole_file	15
tests/test_context_budget.py::test_known_target_deleted_file_is_source_unavailable	15
tests/test_context_budget.py::test_known_target_stale_revision_hint_recorded_but_not_fatal	15
tests/test_context_budget.py::test_known_target_excludes_paths_already_represented_elsewhere	15
tests/test_context_budget.py::test_known_target_rendered_string_never_empty_when_evidence_omitted	15
tests/test_context_budget.py::test_known_target_member_hints_accepts_a_bare_string_backward_compatible	15
tests/test_context_budget.py::test_known_target_member_hints_accepts_a_list_of_distinct_members	15
tests/test_context_budget.py::test_known_target_ambiguous_java_overload_retains_both_real_bodies	15
tests/test_context_budget.py::test_known_target_member_hint_that_no_longer_resolves_falls_back_to_whole_file	15
tests/test_context_budget.py::test_build_code_context_package_cached_equals_uncached	15
tests/test_context_budget.py::test_build_code_context_package_reuses_derivation_across_calls	15
tests/test_context_budget.py::test_cross_attempt_file_a_reused_file_b_recomputed	15
tests/test_context_budget.py::test_known_target_context_cached_equals_uncached_member_exact	15
tests/test_context_budget.py::test_known_target_context_overload_boundaries_do_not_collide_in_cache	15
tests/test_context_budget.py::test_member_hint_renamed_before_retry_cached_boundaries_do_not_survive	15
tests/test_context_budget.py::test_source_derivation_cache_performance_counters_report_reuse	15
tests/test_context_edit_protocol_001.py::test_a_skeleton_alone_authorizes_no_anchor_and_no_whole_file	15
tests/test_context_edit_protocol_001.py::test_real_source_outside_the_exact_spans_is_not_an_authorized_anchor	15
tests/test_context_edit_protocol_001.py::test_an_anchor_outside_the_authoritative_context_is_rejected_and_then_shown	15
tests/test_context_edit_protocol_001.py::test_the_goal_named_line_is_shown_exactly_and_its_edit_applies[production]	15
tests/test_context_edit_protocol_001.py::test_the_goal_named_line_is_shown_exactly_and_its_edit_applies[unverified]	15
tests/test_context_edit_protocol_001.py::test_windows_are_byte_exact_slices_of_one_revision	15
tests/test_context_edit_protocol_001.py::test_localization_uses_only_quoted_code_and_real_lines	15
tests/test_context_edit_protocol_001.py::test_an_anchor_miss_widens_the_exact_window_before_the_next_call	15
tests/test_context_edit_protocol_001.py::test_every_window_gets_one_radius_so_no_locus_is_starved	15
tests/test_context_edit_protocol_001.py::test_a_rejected_anchor_locus_is_kept_after_an_intervening_stop	15
tests/test_context_edit_protocol_001.py::test_an_unchanged_capability_after_an_anchor_miss_is_a_typed_no_progress_stop	15
tests/test_context_edit_protocol_001.py::test_full_file_is_never_offered_or_accepted_without_authority[production]	15
tests/test_context_edit_protocol_001.py::test_full_file_is_never_offered_or_accepted_without_authority[unverified]	15
tests/test_context_edit_protocol_001.py::test_genuine_full_file_authority_still_offers_and_accepts_the_whole_file	15
tests/test_context_edit_protocol_001.py::test_a_target_that_fits_whole_keeps_its_whole_file_authority_in_a_small_window[4096]	15
tests/test_context_edit_protocol_001.py::test_a_target_that_fits_whole_keeps_its_whole_file_authority_in_a_small_window[32768]	15
tests/test_context_edit_protocol_001.py::test_no_feasible_operation_stops_before_any_developer_request	15
tests/test_context_edit_protocol_001.py::test_a_locus_that_cannot_be_shown_within_the_budget_is_infeasible	15
tests/test_context_edit_protocol_001.py::test_large_file_windows_stay_within_their_budget_and_every_request_fits	15
tests/test_context_edit_protocol_001.py::test_exact_windows_are_budget_neutral	15
tests/test_context_edit_protocol_001.py::test_only_mandatory_text_counts_as_shown_source[optional]	15
tests/test_context_edit_protocol_001.py::test_only_mandatory_text_counts_as_shown_source[mandatory]	15
tests/test_context_edit_protocol_001.py::test_the_whole_target_is_never_reinjected	15
tests/test_context_orchestrator.py::test_task_heavy_is_reproduction_first_impact_wide	15
tests/test_context_orchestrator.py::test_refactor_standard_is_target_module_direct_consumers	15
tests/test_context_orchestrator.py::test_milestone_standard_is_milestone_spec_and_contracts	15
tests/test_context_orchestrator.py::test_unlisted_combination_falls_back_to_default_balanced	15
tests/test_context_orchestrator.py::test_strategy_selection_is_deterministic	15
tests/test_context_orchestrator.py::test_build_includes_established_file_context_as_relevant_files	15
tests/test_context_orchestrator.py::test_build_omits_established_files_that_exceed_the_token_budget	15
tests/test_context_orchestrator.py::test_build_wraps_raw_rag_context_in_baseline_not_relevant_files	15
tests/test_context_orchestrator.py::test_build_populates_spec_slice_from_milestone	15
tests/test_context_orchestrator.py::test_build_carries_contract_and_artifact_entries_through_untouched	15
tests/test_context_orchestrator.py::test_build_produces_a_real_package_hash_and_a_positive_token_count	15
tests/test_context_orchestrator.py::test_build_records_the_selected_strategy_in_baseline	15
tests/test_context_package.py::test_make_context_item_computes_a_real_content_hash	15
tests/test_context_package.py::test_make_context_item_normalizes_trust_level_to_its_string_value	15
tests/test_context_package.py::test_context_item_is_frozen	15
tests/test_context_package.py::test_context_source_types_cover_the_design_docs_own_vocabulary	15
tests/test_context_package.py::test_make_omitted_entry_shape	15
tests/test_context_package.py::test_build_context_package_computes_a_real_package_hash	15
tests/test_context_package.py::test_package_hash_changes_when_content_changes	15
tests/test_context_package.py::test_context_package_is_frozen	15
tests/test_context_package.py::test_with_changes_returns_a_new_package_with_a_new_hash	15
tests/test_context_package.py::test_with_changes_ignores_a_caller_supplied_package_hash	15
tests/test_context_package.py::test_relevant_files_round_trip_through_to_dict_from_dict	15
tests/test_context_package.py::test_omitted_is_carried_through_untouched	15
tests/test_context_package.py::test_context_item_new_fields_default_to_backward_compatible_values	15
tests/test_context_package.py::test_make_context_item_accepts_new_keyword_only_fields	15
tests/test_context_package.py::test_context_item_to_dict_from_dict_round_trips_new_fields	15
tests/test_context_package.py::test_context_item_from_dict_defaults_new_fields_for_a_legacy_pre_p1_dict	15
tests/test_context_package.py::test_context_package_from_dict_loads_a_legacy_pre_p1_package	15
tests/test_context_package.py::test_make_omitted_entry_with_member_id_adds_the_key	15
tests/test_context_package.py::test_make_omitted_entry_without_member_id_matches_pre_p1_shape_exactly	15
tests/test_context_package.py::test_contract_entry_from_record_and_artifact_entry_from_record_are_plain_dicts	15
tests/test_context_projection.py::test_full_projection_is_revision_bound_and_explicit	15
tests/test_context_projection.py::test_bounded_projection_keeps_head_tail_and_marks_omission	15
tests/test_context_projection_ma5.py::test_project_established_file_context_matches_render_established_file_context_exactly	15
tests/test_context_projection_ma5.py::test_project_established_file_context_excludes_non_established_items	15
tests/test_context_projection_ma5.py::test_project_established_file_context_empty_package_is_blank	15
tests/test_context_projection_ma5.py::test_project_established_dependencies_matches_get_pom_dependencies_shape	15
tests/test_context_projection_ma5.py::test_project_established_dependencies_falls_back_to_bare_artifact_id_without_group	15
tests/test_context_projection_ma5.py::test_project_established_dependencies_uses_name_for_non_maven_ecosystems	15
tests/test_context_projection_ma5.py::test_project_established_dependencies_is_sorted_and_deduplicated	15
tests/test_context_projection_ma5.py::test_project_established_dependencies_empty_registry_is_empty_list	15
tests/test_context_source.py::test_resolver_unchanged_file_reads_from_worktree	15
tests/test_context_source.py::test_resolver_modified_worktree_file_never_returns_stale_workspace_content	15
tests/test_context_source.py::test_resolver_newly_created_worktree_file	15
tests/test_context_source.py::test_resolver_deleted_file_is_not_silently_shown_from_workspace	15
tests/test_context_source.py::test_resolver_unavailable_when_missing_from_both_roots	15
tests/test_context_source.py::test_resolver_no_worktree_yet_uses_workspace	15
tests/test_context_source.py::test_resolver_revision_changes_with_content	15
tests/test_context_source.py::test_resolver_stale_known_revision_hint_is_never_trusted	15
tests/test_context_source.py::test_resolver_matching_known_revision_hint_is_not_flagged_stale	15
tests/test_context_source.py::test_python_member_ranges_single_class_and_method	15
tests/test_context_source.py::test_python_member_ranges_top_level_function	15
tests/test_context_source.py::test_python_member_ranges_async_method	15
tests/test_context_source.py::test_python_member_ranges_decorator_does_not_lose_declaration_start	15
tests/test_context_source.py::test_python_member_ranges_multiple_members_in_one_file	15
tests/test_context_source.py::test_python_member_ranges_conservative_nested_declaration	15
tests/test_context_source.py::test_python_member_ranges_direct_nested_class_is_addressable	15
tests/test_context_source.py::test_python_member_ranges_invalid_syntax_returns_empty_not_fabricated	15
tests/test_context_source.py::test_java_member_boundaries_reuses_extract_java_members	15
tests/test_context_source.py::test_member_boundaries_for_unsupported_language_is_none_not_empty	15
tests/test_context_source.py::test_member_boundaries_for_python_file_with_no_members_is_empty_list	15
tests/test_context_source.py::test_extract_member_body_returns_exact_line_range	15
tests/test_context_source.py::test_extract_member_body_clamps_out_of_range_lines	15
tests/test_context_source.py::test_parse_controlled_header_java_method_chunk_from_real_chunker	15
tests/test_context_source.py::test_parse_controlled_header_python_method_chunk_from_real_chunker	15
tests/test_context_source.py::test_parse_controlled_header_class_chunk_from_real_chunker	15
tests/test_context_source.py::test_parse_controlled_header_malformed_returns_none	15
tests/test_context_source.py::test_parse_controlled_header_ignores_arbitrary_source_prose_mentioning_method	15
tests/test_context_source.py::test_resolve_member_hints_from_chunk_header_java_method	15
tests/test_context_source.py::test_resolve_member_hints_from_chunk_header_python_method	15
tests/test_context_source.py::test_resolve_member_hints_from_chunk_header_stale_indexed_member_gone_from_current_source	15
tests/test_context_source.py::test_resolve_member_hints_from_chunk_header_malformed_header_produces_no_hint	15
tests/test_context_source.py::test_resolve_member_hints_from_chunk_header_unsupported_language_produces_no_hint	15
tests/test_context_source.py::test_resolve_member_hints_from_chunk_header_ambiguous_java_overload_retains_all	15
tests/test_context_source.py::test_resolve_member_hints_from_chunk_header_multiple_members_same_file	15
tests/test_context_source.py::test_resolve_verified_grounding_member_id_unique_match_is_verified	15
tests/test_context_source.py::test_resolve_verified_grounding_member_id_stale_name_is_not_verified	15
tests/test_context_source.py::test_resolve_verified_grounding_member_id_ambiguous_name_is_not_verified	15
tests/test_context_source.py::test_resolve_verified_grounding_member_id_unsupported_language_is_not_verified	15
tests/test_context_source.py::test_resolve_verified_grounding_member_id_no_previously_named_target_required	15
tests/test_context_source.py::test_resolve_member_hints_from_failure_location_java_line_inside_method	15
tests/test_context_source.py::test_resolve_member_hints_from_failure_location_python_line_inside_method	15
tests/test_context_source.py::test_resolve_member_hints_from_failure_location_line_outside_any_member	15
tests/test_context_source.py::test_resolve_member_hints_from_failure_location_stale_out_of_range_line	15
tests/test_context_source.py::test_resolve_member_hints_from_failure_location_prefers_most_specific_containing_boundary	15
tests/test_context_source.py::test_resolve_member_hints_from_failure_location_unsupported_language	15
tests/test_context_source.py::test_resolve_member_hints_from_failure_location_worktree_version_b_not_workspace_version_a	15
tests/test_context_source.py::test_search_evidence_grounds_g1_shaped_nested_member_uniquely	15
tests/test_context_source.py::test_search_evidence_hallucinated_variable_names_fail_closed	15
tests/test_context_source.py::test_search_evidence_sole_exact_member_name_grounds_directly	15
tests/test_context_source.py::test_search_evidence_reference_to_called_member_does_not_ground_alone	15
tests/test_context_source.py::test_search_evidence_ambiguous_sibling_members_return_no_hint	15
tests/test_context_source.py::test_search_evidence_generic_common_tokens_alone_return_no_hint	15
tests/test_context_source.py::test_search_evidence_partial_overlap_never_wins_over_no_full_match	15
tests/test_context_source.py::test_search_evidence_unsupported_language_returns_no_hint	15
tests/test_context_source.py::test_search_evidence_empty_search_text_returns_no_hint	15
tests/test_context_source.py::test_search_evidence_java_nested_call_grounds_to_calling_method_not_callee	15
tests/test_context_source.py::test_search_evidence_candidate_never_carries_source_text	15
tests/test_control_artifact_persistence.py::test_load_returns_empty_registry_when_never_saved	15
tests/test_control_artifact_persistence.py::test_save_and_load_round_trips	15
tests/test_control_artifact_persistence.py::test_load_fails_closed_on_corrupt_file	15
tests/test_control_artifacts.py::test_derives_a_simple_pom_directly	15
tests/test_control_artifacts.py::test_defaults_packaging_to_jar_when_absent	15
tests/test_control_artifacts.py::test_resolves_group_id_and_version_from_parent_not_assumed	15
tests/test_control_artifacts.py::test_detects_real_resource_roots_that_exist_on_disk	15
tests/test_control_artifacts.py::test_returns_none_for_a_missing_pom	15
tests/test_control_artifacts.py::test_returns_none_for_malformed_xml	15
tests/test_control_artifacts.py::test_returns_none_when_artifact_id_missing	15
tests/test_control_artifacts.py::test_multi_module_discovery_finds_parent_and_child	15
tests/test_control_artifacts.py::test_derives_python_artifact_from_pyproject	15
tests/test_control_artifacts.py::test_derives_npm_artifact_from_package_json	15
tests/test_control_artifacts.py::test_no_derivation_for_an_ecosystem_with_no_marker_file	15
tests/test_control_artifacts.py::test_record_and_resolve_for_milestone	15
tests/test_control_artifacts.py::test_invalidate_clears_a_milestones_records	15
tests/test_control_artifacts.py::test_validate_reports_no_drift_when_workspace_unchanged	15
tests/test_control_artifacts.py::test_validate_detects_coordinate_drift	15
tests/test_control_artifacts.py::test_validate_detects_a_recorded_artifact_that_disappeared	15
tests/test_control_artifacts.py::test_to_dict_from_dict_round_trips	15
tests/test_control_context.py::test_for_route_resolves_the_matching_profile	15
tests/test_control_context.py::test_with_route_re_resolves_profile_never_leaves_it_stale	15
tests/test_control_context.py::test_control_context_is_frozen	15
tests/test_control_contract_persistence.py::test_load_returns_empty_registry_when_never_saved	15
tests/test_control_contract_persistence.py::test_save_and_load_round_trips	15
tests/test_control_contract_persistence.py::test_load_fails_closed_on_corrupt_file	15
tests/test_control_contracts.py::test_register_starts_in_proposed_state	15
tests/test_control_contracts.py::test_register_computes_a_real_content_hash	15
tests/test_control_contracts.py::test_register_rejects_a_duplicate_id	15
tests/test_control_contracts.py::test_get_unknown_contract_raises	15
tests/test_control_contracts.py::test_try_get_unknown_contract_returns_none	15
tests/test_control_contracts.py::test_full_lifecycle_happy_path	15
tests/test_control_contracts.py::test_cannot_freeze_a_proposed_contract	15
tests/test_control_contracts.py::test_cannot_approve_a_frozen_contract_again	15
tests/test_control_contracts.py::test_cannot_mark_implemented_before_frozen	15
tests/test_control_contracts.py::test_require_stable_rejects_proposed_and_approved	15
tests/test_control_contracts.py::test_require_stable_accepts_frozen_and_implemented	15
tests/test_control_contracts.py::test_list_for_provider_returns_only_that_providers_current_records	15
tests/test_control_contracts.py::test_consumers_of_returns_the_registered_consumer_list	15
tests/test_control_contracts.py::test_propose_change_identifies_current_consumers_as_affected	15
tests/test_control_contracts.py::test_propose_change_does_not_mutate_the_registry	15
tests/test_control_contracts.py::test_apply_change_produces_a_new_revision_reset_to_proposed	15
tests/test_control_contracts.py::test_apply_change_preserves_prior_revision_in_history	15
tests/test_control_contracts.py::test_apply_change_carries_consumers_forward_unchanged	15
tests/test_control_contracts.py::test_apply_change_rejects_a_stale_proposal	15
tests/test_control_contracts.py::test_content_hash_changes_with_shape	15
tests/test_control_contracts.py::test_content_hash_handles_string_shapes_too	15
tests/test_control_contracts.py::test_to_dict_from_dict_round_trips_full_history_and_state	15
tests/test_control_contracts.py::test_bridge_registers_one_proposed_record_per_provided_capability	15
tests/test_control_contracts.py::test_bridge_scopes_contract_id_by_milestone_not_just_capability_name	15
tests/test_control_contracts.py::test_bridge_is_idempotent_on_a_resumed_run	15
tests/test_control_contracts.py::test_mark_capabilities_implemented_advances_the_full_lifecycle	15
tests/test_control_contracts.py::test_mark_capabilities_implemented_noops_on_an_unregistered_capability	15
tests/test_control_contracts.py::test_mark_capabilities_implemented_is_idempotent	15
tests/test_control_contracts.py::test_add_consumer_appends_to_the_current_record	15
tests/test_control_contracts.py::test_add_consumer_is_idempotent_no_duplicates	15
tests/test_control_contracts.py::test_add_consumer_appends_multiple_distinct_consumers	15
tests/test_control_contracts.py::test_add_consumer_does_not_change_state_or_revision	15
tests/test_control_contracts.py::test_add_consumer_raises_on_unknown_contract	15
tests/test_control_contracts.py::test_wire_contract_consumers_populates_from_real_consumes	15
tests/test_control_contracts.py::test_wire_contract_consumers_rejects_a_consumed_name_nobody_provides	15
tests/test_control_contracts.py::test_wire_contract_consumers_rejects_an_ambiguous_provider	15
tests/test_control_contracts.py::test_wire_contract_consumers_is_idempotent	15
tests/test_control_contracts.py::test_wire_contract_consumers_feeds_real_propose_change_affected_consumers	15
tests/test_control_contracts.py::test_bridge_detects_a_real_shape_change_and_applies_it_as_a_new_revision	15
tests/test_control_contracts.py::test_bridge_still_idempotent_when_shape_is_unchanged	15
tests/test_control_decisions.py::test_record_returns_a_decision_with_flat_fields	15
tests/test_control_decisions.py::test_all_and_filter_by_type	15
tests/test_control_decisions.py::test_long_field_value_is_truncated	15
tests/test_control_decisions.py::test_short_field_value_is_not_touched	15
tests/test_control_decisions.py::test_load_returns_empty_ledger_when_never_saved	15
tests/test_control_decisions.py::test_record_and_persist_round_trips	15
tests/test_control_decisions.py::test_persisted_file_is_real_jsonl_one_object_per_line	15
tests/test_control_decisions.py::test_load_skips_a_malformed_trailing_line_without_losing_earlier_ones	15
tests/test_control_decisions.py::test_append_goes_through_the_control_store_writer	15
tests/test_control_persistence.py::test_load_control_state_is_none_when_never_saved	15
tests/test_control_persistence.py::test_save_and_load_round_trips	15
tests/test_control_persistence.py::test_save_creates_the_control_directory	15
tests/test_control_persistence.py::test_save_overwrites_a_prior_state	15
tests/test_control_persistence.py::test_load_control_state_fails_closed_on_corrupt_json	15
tests/test_control_persistence.py::test_save_goes_through_the_control_store_writer_and_denies_outside_kriya	15
tests/test_control_persistence.py::test_persisted_state_is_stable_json	15
tests/test_control_persistence.py::test_approved_plan_and_stage_states_round_trip_with_workspace_ownership	15
tests/test_control_persistence.py::test_approved_plan_path_rejects_unsafe_plan_id	15
tests/test_control_plane_end_to_end.py::test_full_two_milestone_control_plane_round_trip	15
tests/test_control_state.py::test_new_sets_schema_version_and_timestamps	15
tests/test_control_state.py::test_control_state_is_frozen	15
tests/test_control_state.py::test_with_updates_returns_a_new_object_and_refreshes_updated_at	15
tests/test_control_state.py::test_with_updates_rejects_changing_immutable_fields	15
tests/test_control_state.py::test_to_dict_serializes_engineering_route_and_process_profile_as_summaries	15
tests/test_control_state.py::test_to_dict_handles_none_route_and_profile	15
tests/test_control_state.py::test_from_dict_round_trips_control_metadata_fields	15
tests/test_control_state.py::test_from_dict_defaults_artifact_registry_hash_for_legacy_state	15
tests/test_control_state.py::test_subtask_states_defaults_empty_and_round_trips	15
tests/test_control_state.py::test_subtask_states_defaults_empty_when_loading_a_pre_existing_persisted_dict	15
tests/test_control_state.py::test_subtask_written_files_defaults_empty_and_round_trips	15
tests/test_control_state.py::test_subtask_written_files_defaults_empty_when_loading_a_pre_existing_persisted_dict	15
tests/test_control_state.py::test_from_dict_always_drops_live_route_and_profile_objects	15
tests/test_control_state.py::test_content_hash_is_stable_and_ignores_timestamps	15
tests/test_control_state.py::test_content_hash_changes_when_real_content_changes	15
tests/test_control_telemetry.py::test_record_contract_access_never_includes_the_shape	15
tests/test_control_telemetry.py::test_record_contract_change_covers_invalidation_and_new_revision	15
tests/test_control_telemetry.py::test_record_contract_change_without_new_record_omits_new_revision_fields	15
tests/test_control_telemetry.py::test_record_artifact_derivation_carries_only_small_coordinate_fields	15
tests/test_control_telemetry.py::test_record_artifact_drift_includes_both_recorded_and_current_coordinates	15
tests/test_control_telemetry.py::test_record_artifact_drift_handles_a_disappeared_artifact	15
tests/test_control_telemetry.py::test_record_context_package_summary_never_includes_file_content	15
tests/test_control_telemetry.py::test_record_omitted_context_captures_the_full_omitted_list	15
tests/test_control_telemetry.py::test_record_registry_hashes	15
tests/test_control_telemetry.py::test_record_resume_validation_ok	15
tests/test_control_telemetry.py::test_record_resume_validation_needs_review_includes_mismatches	15
tests/test_control_telemetry.py::test_recorded_decisions_actually_land_in_the_ledger	15
tests/test_corr016_planner_authority_gate.py::test_retry_repair_resume_selfcorrection_never_reference_contract_authority	15
tests/test_corr016_planner_authority_gate.py::test_contract_evolution_authorization_constructed_only_in_its_own_module	15
tests/test_corr016_planner_authority_gate.py::test_derive_direct_contract_authorizations_has_exactly_known_production_call_sites	15
tests/test_corr016_planner_authority_gate.py::test_retry_cannot_widen_authority_via_prior_error_context	15
tests/test_corr016_planner_authority_gate.py::test_two_legitimate_files_both_authorized_when_each_independently_grounded	15
tests/test_corr016_planner_authority_gate.py::test_third_planner_selected_file_gets_no_authorization	15
tests/test_corr016_planner_authority_gate.py::test_unrelated_planner_selected_file_behavioral_change_rejected_at_brownfield_gate	15
tests/test_corr016_planner_authority_gate.py::test_legacy_run_without_structured_plan_always_yields_no_authorizations	15
tests/test_corr016_planner_authority_gate.py::test_empty_grounding_goal_always_yields_no_authorizations	15
tests/test_corr018_general_case_closure.py::test_flag_defaults_false	15
tests/test_corr018_general_case_closure.py::test_flag_is_sec009_security_authority	15
tests/test_corr018_general_case_closure.py::test_scenario_a_authorized_record_component_add_accepted	15
tests/test_corr018_general_case_closure.py::test_scenario_c_planner_only_extra_file_rejected	15
tests/test_corr018_general_case_closure.py::test_scenario_q_valid_interface_implementation_evolution_accepted	15
tests/test_corr018_general_case_closure.py::test_scenario_r_third_planner_selected_cosmetic_file_rejected	15
tests/test_corr018_general_case_closure.py::test_scenario_d_e_grounded_second_file_exact_region_only	15
tests/test_corr018_general_case_closure.py::test_scenario_f_field_add_accepted	15
tests/test_corr018_general_case_closure.py::test_scenario_g_other_field_modification_rejected	15
tests/test_corr018_general_case_closure.py::test_field_authority_does_not_cross_owning_type	15
tests/test_corr018_general_case_closure.py::test_scenario_h_record_component_add_accepted	15
tests/test_corr018_general_case_closure.py::test_scenario_i_other_record_component_change_rejected	15
tests/test_corr018_general_case_closure.py::test_scenario_j_record_component_authority_plus_unrelated_method_rewrite_rejected	15
tests/test_corr018_general_case_closure.py::test_scenario_k_authorized_body_plus_signature_drift_rejected	15
tests/test_corr018_general_case_closure.py::test_scenario_l_required_import_accepted	15
tests/test_corr018_general_case_closure.py::test_scenario_m_unrelated_import_rejected	15
tests/test_corr018_general_case_closure.py::test_scenario_n_retry_cannot_widen_authority	15
tests/test_corr018_general_case_closure.py::test_scenario_o_self_correction_apply_patch_rejected_by_semantic_gate	15
tests/test_corr018_general_case_closure.py::test_self_correction_authorized_patch_still_succeeds	15
tests/test_corr018_general_case_closure.py::test_scenario_p_terminal_recheck_catches_post_acceptance_drift	15
tests/test_corr018_general_case_closure.py::test_terminal_call_site_passes_strict_mode_flag	15
tests/test_corr018_general_case_closure.py::test_pre_write_call_site_passes_strict_mode_flag	15
tests/test_corr018_general_case_closure.py::test_overloaded_methods_distinct_keys	15
tests/test_corr018_general_case_closure.py::test_same_field_name_different_classes_distinct_keys	15
tests/test_corr018_general_case_closure.py::test_record_components_in_different_records_distinct_keys	15
tests/test_corr018_general_case_closure.py::test_constructor_and_method_same_name_distinct_namespaces	15
tests/test_corr018_general_case_closure.py::test_semantic_gate_and_brownfield_gate_are_separate_functions	15
tests/test_corr018_general_case_closure.py::test_semantic_authority_rejects_signature_drift_independent_of_public_api_gate	15
tests/test_corr018_general_case_closure.py::test_flag_off_non_strict_mode_is_a_full_noop_for_unlisted_files	15
tests/test_corr018_general_case_closure.py::test_a3_proposal_call_shape_unaffected_by_new_strict_parameter	15
tests/test_corr018_general_case_closure.py::test_derivation_never_reads_planner_authored_text	15
tests/test_corr018_general_case_closure.py::test_repository_grounded_derivation_scoped_to_plan_planned_files_only	15
tests/test_corr018_general_case_closure.py::test_authorized_file_writer_and_semantic_gate_remain_independent_layers	15
tests/test_d1_operation_mode_authority.py::TestAdversarial1SkeletonToFullFile::test_skeleton_context_rejects_full_file_mandatorily	15
tests/test_d1_operation_mode_authority.py::TestAdversarial2MemberExactToFullFile::test_member_exact_context_rejects_full_file_mandatorily	15
tests/test_d1_operation_mode_authority.py::TestAdversarial3CompleteFullExactToFullFile::test_full_exact_current_context_authorizes_full_file	15
tests/test_d1_operation_mode_authority.py::TestAdversarial4ReferenceProjectionIncomplete::test_large_file_retry_projection_is_incomplete_and_gates_full_file	15
tests/test_d1_operation_mode_authority.py::TestAdversarial5RetryAfterAnchorFailurePatchModeBypass::test_fallback_targeted_base_operation_bypasses_completeness_gate	15
tests/test_d1_operation_mode_authority.py::TestAdversarial5RetryAfterAnchorFailurePatchModeBypass::test_full_file_model_response_under_fallback_targeted_mode_is_accepted_by_validate_operation_result_alone	15
tests/test_d1_operation_mode_authority.py::TestAdversarial5RetryAfterAnchorFailurePatchModeBypass::test_actual_mutation_authority_rejects_the_full_file_response_fallback_targeted_mode_could_not	15
tests/test_d1_operation_mode_authority.py::TestAdversarial6C3MemberExactToFullFile::test_c3_sourced_member_exact_still_rejects_full_file	15
tests/test_d1_operation_mode_authority.py::TestAdversarial7C3MemberExactToPatchWithinMember::test_patch_matching_grounded_member_body_is_not_downgraded	15
tests/test_d1_operation_mode_authority.py::TestAdversarial8StaleRevisionToFullFile::test_stale_revision_rejects_full_file_mandatorily	15
tests/test_d1_operation_mode_authority.py::TestD1StateTransitionReproduction::test_full_set_mode_correctly_rejects_full_file_against_true_baseline	15
tests/test_d1_operation_mode_authority.py::TestD1StateTransitionReproduction::test_poisoned_sandbox_content_legitimizes_next_full_set_attempt	15
tests/test_d1_operation_mode_authority.py::TestActualShapeMatrix::test_1_patch_requested_patch_returned_member_exact_allowed	15
tests/test_d1_operation_mode_authority.py::TestActualShapeMatrix::test_2_patch_requested_full_returned_skeleton_rejected	15
tests/test_d1_operation_mode_authority.py::TestActualShapeMatrix::test_3_patch_requested_full_returned_member_exact_rejected	15
tests/test_d1_operation_mode_authority.py::TestActualShapeMatrix::test_4_patch_requested_full_returned_authoritative_source_allowed	15
tests/test_d1_operation_mode_authority.py::TestActualShapeMatrix::test_5_full_requested_full_returned_authoritative_source_allowed	15
tests/test_d1_operation_mode_authority.py::TestActualShapeMatrix::test_6_full_requested_full_returned_stale_source_rejected	15
tests/test_d1_operation_mode_authority.py::TestActualShapeMatrix::test_13_c3_member_exact_patch_happy_path_unchanged	15
tests/test_d1_operation_mode_authority.py::TestCriticalPropagation::test_unauthorized_full_file_candidate_rejected_pre_write_sandbox_unchanged	15
tests/test_d1_operation_mode_authority.py::TestRejectedCandidateCannotResurrectViaCarryForward::test_rejected_full_file_candidate_never_resurfaces_via_later_recovery_fold_in	15
tests/test_d1_operation_mode_authority.py::TestApprovalNeverReached::test_unauthorized_full_file_candidate_never_reaches_approval_callback	15
tests/test_d1_operation_mode_authority.py::TestValidationBaselinePreservedByD1Rejection::test_captured_baseline_unchanged_by_a_d1_rejected_attempt	15
tests/test_dependency_execution.py::test_maven_offline_missing_dependency_classified	15
tests/test_dependency_execution.py::test_maven_ordinary_failure_not_classified_as_missing_dependency	15
tests/test_dependency_execution.py::test_maven_success_has_no_offline_failure_kind	15
tests/test_dependency_execution.py::test_pip_offline_missing_dependency_classified	15
tests/test_dependency_execution.py::test_pip_ordinary_failure_not_classified_as_missing_dependency	15
tests/test_dependency_execution.py::test_python_two_phase_acquire_then_offline_execute	15
tests/test_dependency_execution.py::test_python_offline_execute_without_acquisition_reports_missing_dependency	15
tests/test_dependency_execution.py::test_maven_two_phase_acquire_then_offline_execute	15
tests/test_dependency_execution.py::test_maven_offline_execute_with_uncached_dependency_reports_missing_dependency	15
tests/test_dependency_graph.py::test_dependency_graph_indexing	19
tests/test_dependency_graph.py::test_java_conventions_indexing	23
tests/test_dependency_graph.py::test_ruby_conventions_indexing	26
tests/test_dependency_graph.py::test_xml_bean_indexing	30
tests/test_dependency_graph.py::test_clear_file_does_not_delete_a_different_files_relations	33
tests/test_dependency_graph.py::test_clear_file_still_removes_a_legacy_pre_migration_relation_by_name	36
tests/test_dependency_graph.py::test_get_symbols_for_file_returns_real_indexed_names	39
tests/test_dependency_graph.py::test_get_symbols_for_file_returns_empty_list_for_unknown_file	42
tests/test_dependency_graph.py::test_get_class_symbol_locations_collapses_package_qualified_java_names	45
tests/test_dependency_graph.py::test_get_class_symbol_locations_scopes_by_extension_not_just_simple_name	48
tests/test_dependency_graph.py::test_interface_symbol_location_is_discovered	51
tests/test_dependency_graph.py::test_class_symbol_discovery_is_unchanged_by_interface_support	54
tests/test_dependency_graph.py::test_interface_extends_and_implements_relations_are_unaffected	54
tests/test_dependency_graph.py::test_duplicate_simple_name_collision_still_detected_across_class_and_interface	57
tests/test_dependency_graph.py::test_comment_or_string_containing_interface_keyword_is_not_indexed	60
tests/test_dependency_graph.py::test_extract_class_names_covers_python_java_ruby	63
tests/test_dependency_graph.py::test_extract_class_names_degrades_gracefully_for_unsupported_or_invalid_content	66
tests/test_dependency_graph.py::test_find_java_main_class_detects_array_and_varargs_shapes	69
tests/test_dependency_graph.py::test_find_java_main_class_applies_package_prefix	72
tests/test_dependency_graph.py::test_find_java_main_class_returns_none_without_a_real_main_method	75
tests/test_dependency_graph.py::test_find_java_main_class_ignores_a_main_method_only_mentioned_in_a_comment	78
tests/test_dependency_graph.py::test_find_java_main_class_degrades_to_none_for_ambiguous_multi_class_file	81
tests/test_dependency_graph.py::test_get_neighborhood_scores_direct_import_above_deeper_annotation_hit	84
tests/test_dependency_graph.py::test_get_neighborhood_caps_results_instead_of_returning_every_hit	87
tests/test_dependency_graph.py::test_get_neighborhood_default_max_results_bounds_a_large_fan_out	90
tests/test_dependency_graph.py::test_has_indexed_files_false_on_empty_graph	93
tests/test_dependency_graph.py::test_fresh_db_has_source_file_index	96
tests/test_dependency_graph.py::test_existing_pre_index_db_obtains_source_file_index_on_reopen	99
tests/test_dependency_graph.py::test_source_file_index_creation_is_idempotent	20
tests/test_dependency_graph.py::test_clear_file_relation_behavior_unchanged_by_index	23
tests/test_dependency_graph.py::test_source_file_delete_query_plan_uses_the_new_index	26
tests/test_dependency_graph.py::test_python_inheritance_single_base	29
tests/test_dependency_graph.py::test_python_inheritance_multiple_bases	32
tests/test_dependency_graph.py::test_python_inheritance_imported_base	35
tests/test_dependency_graph.py::test_python_inheritance_qualified_base	38
tests/test_dependency_graph.py::test_python_inheritance_deeply_qualified_base	41
tests/test_dependency_graph.py::test_python_inheritance_abc_interface_fixture	44
tests/test_dependency_graph.py::test_python_inheritance_coexists_with_imports_and_calls	47
tests/test_dependency_graph.py::test_python_inheritance_dynamic_base_does_not_fabricate_edge	50
tests/test_dependency_graph.py::test_python_inheritance_metaclass_keyword_is_not_treated_as_a_base	53
tests/test_dependency_graph.py::test_python_inheritance_stale_edge_removed_on_reindex	56
tests/test_dependency_graph.py::test_has_indexed_files_true_once_a_file_is_recorded	59
tests/test_dependency_invalidation.py::test_dependent_closure_preserves_unrelated_providers_and_adds_consumers	59
tests/test_dependency_invalidation.py::test_dependency_invalidation_removes_only_changed_and_dependent_revisions	59
tests/test_dependency_invalidation.py::test_unknown_changed_file_is_invalidated_without_expanding_manifest	59
tests/test_deterministic_failure_diagnostic.py::test_baseline_reproduces_failure_classifies_non_candidate_correctable	59
tests/test_deterministic_failure_diagnostic.py::test_baseline_succeeds_classifies_candidate_correctable_and_retry_continues	59
tests/test_deterministic_failure_diagnostic.py::test_different_failure_signatures_produce_no_candidate_independent_conclusion	59
tests/test_deterministic_failure_diagnostic.py::test_implicated_files_present_never_triggers_replay	59
tests/test_deterministic_failure_diagnostic.py::test_byte_identical_workspace_never_triggers_replay	59
tests/test_deterministic_failure_diagnostic.py::test_broken_baseline_is_classified_as_a_blocker	59
tests/test_deterministic_failure_diagnostic.py::test_retry_family_switch_does_not_erase_cached_evidence	59
tests/test_deterministic_failure_diagnostic.py::test_plan_scope_recovery_reset_does_not_erase_proven_diagnostic	15
tests/test_deterministic_failure_diagnostic.py::test_different_subtasks_do_not_share_a_cached_conclusion	15
tests/test_deterministic_failure_diagnostic.py::test_replayable_fail_types_are_bounded_to_compile	15
tests/test_deterministic_failure_diagnostic.py::test_replay_rejects_unbounded_fail_type_defensively	15
tests/test_deterministic_failure_diagnostic.py::test_baseline_replay_reproduces_failure_and_is_isolated	15
tests/test_deterministic_failure_diagnostic.py::test_copy_baseline_workspace_excludes_control_and_build_dirs	15
tests/test_deterministic_failure_diagnostic.py::test_handle_attempt_failure_stops_the_loop_when_baseline_reproduces_failure	15
tests/test_deterministic_failure_diagnostic.py::test_handle_attempt_failure_does_not_stop_when_diagnostics_store_absent	15
tests/test_deterministic_failure_diagnostic.py::test_handle_attempt_failure_never_triggers_for_non_deterministic_fail_type	15
tests/test_deterministic_failure_diagnostic.py::test_handle_attempt_failure_with_implicated_file_never_terminates	15
tests/test_deterministic_failure_diagnostic.py::test_real_retry_loop_stops_before_a_third_developer_call	15
tests/test_deterministic_failure_diagnostic.py::test_real_retry_loop_continues_past_a_third_developer_call_when_baseline_reproduces_nothing	15
tests/test_dev_inv_001_investigation.py::TestFindSymbolLocations::test_exact_match_indexed	15
tests/test_dev_inv_001_investigation.py::TestFindSymbolLocations::test_no_match_returns_empty	15
tests/test_dev_inv_001_investigation.py::TestFindSymbolLocations::test_respects_limit	15
tests/test_dev_inv_001_investigation.py::TestAuthorizedFileReader::test_allows_within_workspace	15
tests/test_dev_inv_001_investigation.py::TestAuthorizedFileReader::test_denies_outside_workspace	15
tests/test_dev_inv_001_investigation.py::TestAuthorizedFileReader::test_denies_sensitive_path_traversal	15
tests/test_dev_inv_001_investigation.py::TestAuthorizedFileReader::test_denies_dotenv_inside_workspace	15
tests/test_dev_inv_001_investigation.py::TestAuthorizedFileReader::test_narrow_patterns_allow_ordinarily_named_business_file	15
tests/test_dev_inv_001_investigation.py::TestProtocolNormalization::test_native_known_tool_call	15
tests/test_dev_inv_001_investigation.py::TestProtocolNormalization::test_native_unknown_tool_is_malformed	15
tests/test_dev_inv_001_investigation.py::TestProtocolNormalization::test_native_argument_error_is_malformed	15
tests/test_dev_inv_001_investigation.py::TestProtocolNormalization::test_marker_valid_line	15
tests/test_dev_inv_001_investigation.py::TestProtocolNormalization::test_marker_no_marker_is_implicit_propose	15
tests/test_dev_inv_001_investigation.py::TestProtocolNormalization::test_marker_empty_text_is_propose	15
tests/test_dev_inv_001_investigation.py::TestProtocolNormalization::test_marker_unknown_verb_is_malformed	15
tests/test_dev_inv_001_investigation.py::TestProtocolNormalization::test_marker_invalid_json_is_malformed	15
tests/test_dev_inv_001_investigation.py::TestProtocolNormalization::test_marker_json_not_object_is_malformed	15
tests/test_dev_inv_001_investigation.py::TestProtocolNormalization::test_marker_missing_arguments_is_malformed	15
tests/test_dev_inv_001_investigation.py::TestProtocolNormalization::test_both_protocols_normalize_identically	15
tests/test_dev_inv_001_investigation.py::TestResolvers::test_inspect_member_returns_exact_body	15
tests/test_dev_inv_001_investigation.py::TestResolvers::test_inspect_member_listing_when_member_id_omitted	15
tests/test_dev_inv_001_investigation.py::TestResolvers::test_inspect_member_never_produces_full_tier	15
tests/test_dev_inv_001_investigation.py::TestResolvers::test_inspect_member_unknown_member_returns_error_no_evidence	15
tests/test_dev_inv_001_investigation.py::TestResolvers::test_inspect_member_unsupported_language_returns_error	15
tests/test_dev_inv_001_investigation.py::TestResolvers::test_find_symbol_returns_indexed_location	15
tests/test_dev_inv_001_investigation.py::TestResolvers::test_find_symbol_no_index_reports_unavailable	15
tests/test_dev_inv_001_investigation.py::TestResolvers::test_find_callers_returns_callers	15
tests/test_dev_inv_001_investigation.py::TestResolvers::test_search_code_bounded_and_ranked	15
tests/test_dev_inv_001_investigation.py::TestResolvers::test_search_code_no_hits	15
tests/test_dev_inv_001_investigation.py::TestResolvers::test_search_code_hit_uniquely_inside_member_promotes_to_exact	15
tests/test_dev_inv_001_investigation.py::TestResolvers::test_search_code_ambiguous_hit_does_not_promote	15
tests/test_dev_inv_001_investigation.py::TestResolvers::test_search_code_stale_hit_name_no_longer_real_does_not_promote	15
tests/test_dev_inv_001_investigation.py::TestResolvers::test_search_code_promoted_large_member_needs_no_full_file_authority	15
tests/test_dev_inv_001_investigation.py::TestResolvers::test_repository_instruction_shaped_content_remains_untrusted	15
tests/test_dev_inv_001_investigation.py::TestResolvers::test_unknown_verb_denied_at_dispatch	15
tests/test_dev_inv_001_investigation.py::TestResolvers::test_write_shaped_request_has_no_executable_binding	15
tests/test_dev_inv_001_investigation.py::TestResolvers::test_path_traversal_denied	15
tests/test_dev_inv_001_investigation.py::TestResolvers::test_out_of_workspace_read_denied	15
tests/test_dev_inv_001_investigation.py::TestResolvers::test_sensitive_path_read_governed	15
tests/test_dev_inv_001_investigation.py::TestNoProgressFingerprint::test_fingerprint_stable_for_identical_request	15
tests/test_dev_inv_001_investigation.py::TestNoProgressFingerprint::test_fingerprint_differs_for_different_arguments	15
tests/test_dev_inv_001_investigation.py::TestInvestigationLoopNoProgress::test_exact_duplicate_request_detected	15
tests/test_dev_inv_001_investigation.py::TestInvestigationLoopNoProgress::test_identical_evidence_no_progress_detected	15
tests/test_dev_inv_001_investigation.py::TestInvestigationLoopNoProgress::test_oscillation_a_b_a_bounded	15
tests/test_dev_inv_001_investigation.py::TestInvestigationLoopNoProgress::test_changed_member_permits_progress	15
tests/test_dev_inv_001_investigation.py::TestInvestigationLoopNoProgress::test_stronger_evidence_after_revision_change_permits_progress	15
tests/test_dev_inv_001_investigation.py::TestInvestigationLoopBudget::test_turn_budget_enforced	15
tests/test_dev_inv_001_investigation.py::TestInvestigationLoopBudget::test_budget_exhaustion_falls_safely_into_existing_flow	15
tests/test_dev_inv_001_investigation.py::TestInvestigationLoopBudget::test_zero_max_turns_is_immediately_exhausted	15
tests/test_dev_inv_001_investigation.py::TestEvidenceDrivenMutationReadiness::test_stops_immediately_once_mutation_readiness_achieved	15
tests/test_dev_inv_001_investigation.py::TestEvidenceDrivenMutationReadiness::test_readiness_fires_mid_stream_not_only_on_turn_one	15
tests/test_dev_inv_001_investigation.py::TestEvidenceDrivenMutationReadiness::test_exact_member_without_a_relevant_hint_does_not_trigger_readiness	15
tests/test_dev_inv_001_investigation.py::TestEvidenceDrivenMutationReadiness::test_continues_past_the_old_four_turn_default_when_evidence_keeps_changing	15
tests/test_dev_inv_001_investigation.py::TestEvidenceDrivenMutationReadiness::test_readiness_never_assessed_without_a_declared_target	15
tests/test_dev_inv_001_investigation.py::TestEvidenceDrivenMutationReadiness::test_readiness_ignores_exact_evidence_for_an_undeclared_path	15
tests/test_dev_inv_001_investigation.py::TestMutationRelevanceGate::test_1_exact_but_unrelated_member_is_not_readiness	15
tests/test_dev_inv_001_investigation.py::TestMutationRelevanceGate::test_2_exact_relevant_member_is_readiness	15
tests/test_dev_inv_001_investigation.py::TestMutationRelevanceGate::test_3_exact_member_from_wrong_path_is_not_readiness	15
tests/test_dev_inv_001_investigation.py::TestMutationRelevanceGate::test_4_exact_full_current_target_file_is_readiness_without_member_match	15
tests/test_dev_inv_001_investigation.py::TestMutationRelevanceGate::test_member_exact_with_zero_grounded_hints_anywhere_is_not_readiness	15
tests/test_dev_inv_001_investigation.py::TestMalformedRequestHandling::test_malformed_marker_request_gets_bounded_correction	15
tests/test_dev_inv_001_investigation.py::TestMalformedRequestHandling::test_repeated_malformed_requests_terminate_safely	15
tests/test_dev_inv_001_investigation.py::TestProtocolSelection::test_native_capable_model_uses_native_protocol	15
tests/test_dev_inv_001_investigation.py::TestProtocolSelection::test_unverified_model_uses_marker_fallback	15
tests/test_dev_inv_001_investigation.py::TestWeakDeveloperDegrades::test_native_model_that_never_investigates	15
tests/test_dev_inv_001_investigation.py::TestWeakDeveloperDegrades::test_marker_model_that_never_learned_the_protocol	15
tests/test_dev_inv_001_investigation.py::test_render_investigation_evidence_empty_is_noop	15
tests/test_dev_inv_001_investigation.py::test_render_investigation_evidence_includes_path_and_content	15
tests/test_dev_inv_001_investigation.py::TestD1Interplay::test_stronger_same_path_precision_preserved	15
tests/test_dev_inv_001_investigation.py::TestD1Interplay::test_revision_change_always_wins_over_cached_member_exact	15
tests/test_dev_inv_001_investigation.py::TestD1Interplay::test_member_exact_evidence_still_cannot_authorize_whole_file_replacement	15
tests/test_dev_inv_001_investigation.py::TestD1Interplay::test_d1_treats_investigation_evidence_identically_to_retry_projection_evidence	15
tests/test_dev_inv_001_investigation.py::TestModelDeclaredSufficiencyCannotBypassD1::test_immediate_propose_grants_no_evidence	15
tests/test_dev_inv_001_investigation.py::TestCurrentWorktreeAuthority::test_worktree_content_wins_over_stale_workspace_copy	15
tests/test_dev_inv_001_investigation.py::TestCurrentWorktreeAuthority::test_investigation_never_mutates_the_worktree	15
tests/test_dev_inv_001_investigation.py::TestObservability::test_run_events_never_carry_raw_member_body	15
tests/test_dev_inv_001_investigation.py::TestObservability::test_run_events_have_turn_verb_and_evidence_changed_fields	15
tests/test_dev_inv_001_investigation.py::TestFeatureFlagIntegration::test_flag_off_preserves_existing_behavior	15
tests/test_dev_inv_001_investigation.py::TestFeatureFlagIntegration::test_flag_on_no_index_skips_investigation	15
tests/test_dev_inv_001_investigation.py::TestFeatureFlagIntegration::test_flag_on_weak_developer_degrades_through_real_seam	15
tests/test_dev_inv_001_investigation.py::TestFeatureFlagIntegration::test_flag_on_coordinated_repair_participants_share_one_attempt_budget	15
tests/test_dev_inv_001_investigation.py::TestFeatureFlagIntegration::test_flag_on_wires_known_target_member_hints_into_readiness	15
tests/test_dev_inv_001_investigation.py::TestSyntheticEndToEnd::test_investigate_then_propose_improves_context_and_respects_d1	15
tests/test_dev_inv_001_investigation.py::TestSyntheticEndToEnd::test_weak_non_participating_developer_degrades_to_todays_behavior	15
tests/test_dev_inv_001_investigation.py::TestSearchToMemberPromotionReachesDeveloperContext::test_promoted_member_reaches_build_known_target_context_under_realistic_budget	15
tests/test_dev_inv_001_investigation.py::TestSearchToMemberPromotionReachesDeveloperContext::test_promoted_member_too_large_for_realistic_budget_is_omitted_not_truncated	15
tests/test_dev_inv_001_investigation.py::test_investigation_system_prompts_carry_repository_precedent_guidance	15
tests/test_developer_file_list_answer_as_content.py::test_file_list_protocol_answers_are_detected_for_source_files[[]]	15
tests/test_developer_file_list_answer_as_content.py::test_file_list_protocol_answers_are_detected_for_source_files[[ ]\n]	15
tests/test_developer_file_list_answer_as_content.py::test_file_list_protocol_answers_are_detected_for_source_files[["calc.py"]]	15
tests/test_developer_file_list_answer_as_content.py::test_file_list_protocol_answers_are_detected_for_source_files[[{"filepath": "calc.py"}]]	15
tests/test_developer_file_list_answer_as_content.py::test_file_list_protocol_answers_are_detected_for_source_files[{}]	15
tests/test_developer_file_list_answer_as_content.py::test_file_list_protocol_answers_are_detected_for_source_files[{"files": []}]	15
tests/test_developer_file_list_answer_as_content.py::test_file_list_protocol_answers_are_detected_for_source_files[{"files": [{"path": "calc.py"}]}]	15
tests/test_developer_file_list_answer_as_content.py::test_file_list_protocol_answers_are_detected_for_source_files[{"path": "calc.py"}]	15
tests/test_developer_file_list_answer_as_content.py::test_real_or_non_envelope_content_is_not_a_protocol_answer[def add(a, b):\n    return a + b\n]	15
tests/test_developer_file_list_answer_as_content.py::test_real_or_non_envelope_content_is_not_a_protocol_answer[x = []\n]	15
tests/test_developer_file_list_answer_as_content.py::test_real_or_non_envelope_content_is_not_a_protocol_answer[[1, 2]  # not JSON\n]	15
tests/test_developer_file_list_answer_as_content.py::test_real_or_non_envelope_content_is_not_a_protocol_answer["a string"]	15
tests/test_developer_file_list_answer_as_content.py::test_real_or_non_envelope_content_is_not_a_protocol_answer[42]	15
tests/test_developer_file_list_answer_as_content.py::test_real_or_non_envelope_content_is_not_a_protocol_answer[]	15
tests/test_developer_file_list_answer_as_content.py::test_real_or_non_envelope_content_is_not_a_protocol_answer[null]	15
tests/test_developer_file_list_answer_as_content.py::test_real_or_non_envelope_content_is_not_a_protocol_answer[{"name": "calc"}]	15
tests/test_developer_file_list_answer_as_content.py::test_data_format_targets_keep_json_shaped_content[data.json-[]]	15
tests/test_developer_file_list_answer_as_content.py::test_data_format_targets_keep_json_shaped_content[config.yaml-[]]	15
tests/test_developer_file_list_answer_as_content.py::test_data_format_targets_keep_json_shaped_content[conf/settings.yml-{}]	15
tests/test_developer_file_list_answer_as_content.py::test_data_format_targets_keep_json_shaped_content[package.json-{"name": "pkg", "files": ["dist"]}]	15
tests/test_developer_file_list_answer_as_content.py::test_data_format_targets_keep_json_shaped_content[.watchmanconfig-{}]	15
tests/test_developer_file_list_answer_as_content.py::test_data_format_targets_keep_json_shaped_content[web/.babelrc-{}]	15
tests/test_developer_file_list_answer_as_content.py::test_full_file_repair_answering_a_file_list_carries_no_content[[]]	15
tests/test_developer_file_list_answer_as_content.py::test_full_file_repair_answering_a_file_list_carries_no_content[```json\n[]\n```]	15
tests/test_developer_file_list_answer_as_content.py::test_full_file_repair_answering_a_file_list_carries_no_content[{"files": []}]	15
tests/test_developer_file_list_answer_as_content.py::test_create_full_file_answering_an_empty_array_carries_no_content	15
tests/test_developer_file_list_answer_as_content.py::test_retry_file_content_block_holding_an_empty_array_carries_no_content	15
tests/test_developer_file_list_answer_as_content.py::test_an_envelope_with_real_content_is_still_unwrapped	15
tests/test_developer_file_list_answer_as_content.py::test_a_data_file_may_legitimately_become_an_empty_array	15
tests/test_developer_file_list_answer_as_content.py::test_the_rejected_entry_is_a_contract_failure_never_a_no_change_assessment	15
tests/test_developer_file_list_answer_as_content.py::test_direct_generate_never_writes_an_empty_array_over_a_file	15
tests/test_developer_file_list_answer_as_content.py::test_milestone_sequence_never_writes_an_empty_array_over_a_file	15
tests/test_developer_prompt_fit_001.py::test_a_request_that_fits_is_returned_byte_identical	15
tests/test_developer_prompt_fit_001.py::test_optional_sections_give_way_reference_first_then_graph_then_siblings	15
tests/test_developer_prompt_fit_001.py::test_the_mandatory_text_is_never_trimmed_even_when_it_alone_does_not_fit	15
tests/test_developer_prompt_fit_001.py::test_a_section_not_found_exactly_once_is_kept_as_mandatory_and_reported	15
tests/test_developer_prompt_fit_001.py::test_the_learned_reference_section_keeps_whole_entries_and_its_fence	15
tests/test_developer_prompt_fit_001.py::test_the_capacity_is_the_binding_actually_called_with_the_output_its_answer_needs	15
tests/test_developer_prompt_fit_001.py::test_at_8k_every_developer_request_fits_its_capacity_and_keeps_its_mandatory_text	15
tests/test_developer_prompt_fit_001.py::test_at_32k_the_developer_requests_are_unchanged	15
tests/test_developer_prompt_fit_001.py::test_a_large_reference_shrinks_first_and_keeps_its_fence	15
tests/test_developer_prompt_fit_001.py::test_a_request_whose_mandatory_text_alone_cannot_fit_is_refused_before_inference	15
tests/test_developer_prompt_fit_001.py::test_the_choke_point_fits_for_the_binding_actually_called_with_its_sections	15
tests/test_developer_prompt_fit_branches.py::test_each_constrained_branch_is_fitted_before_inference[missing-files]	15
tests/test_developer_prompt_fit_branches.py::test_each_constrained_branch_is_fitted_before_inference[fallback-targeted]	15
tests/test_developer_prompt_fit_branches.py::test_each_constrained_branch_is_fitted_before_inference[coordinated-repair]	15
tests/test_developer_prompt_fit_branches.py::test_the_sibling_names_retry_starts_from_the_fitted_request	15
tests/test_developer_prompt_fit_branches.py::test_a_refusal_after_the_fit_already_dropped_the_siblings_is_raised_not_retried	15
tests/test_developer_prompt_fit_branches.py::test_without_a_fit_the_sibling_retry_is_unchanged	15
tests/test_dispatch_generation.py::test_disabled_is_a_pure_passthrough_to_run_generation_workflow	15
tests/test_dispatch_generation.py::test_enabled_routes_through_workflow_controller_and_returns_legacy_result	15
tests/test_dispatch_generation.py::test_enabled_passes_the_configured_mode_through_unchanged	15
tests/test_dispatch_generation.py::test_dispatch_milestones_disabled_is_a_pure_passthrough_to_run_milestones	15
tests/test_dispatch_generation.py::test_dispatch_milestones_enabled_routes_through_workflow_controller	15
tests/test_distribution_integrity.py::test_incomplete_wheel_fails[kriya/__init__.py]	15
tests/test_distribution_integrity.py::test_incomplete_wheel_fails[kriya/cli.py]	15
tests/test_distribution_integrity.py::test_incomplete_wheel_fails[kriya/config/default_config.yaml]	15
tests/test_distribution_integrity.py::test_incomplete_wheel_fails[plugins/core_tools/__init__.py]	15
tests/test_distribution_integrity.py::test_incomplete_wheel_fails[plugins/core_tools/validation_tool.py]	15
tests/test_distribution_integrity.py::test_complete_wheel_passes	15
tests/test_distribution_integrity.py::test_wheel_requires_install_metadata	15
tests/test_distribution_integrity.py::test_incomplete_source_export_fails[pyproject.toml]	15
tests/test_distribution_integrity.py::test_incomplete_source_export_fails[requirements.txt]	15
tests/test_distribution_integrity.py::test_incomplete_source_export_fails[.github/workflows/ci.yml]	15
tests/test_distribution_integrity.py::test_incomplete_source_export_fails[plugins/core_tools/__init__.py]	15
tests/test_distribution_integrity.py::test_canonical_source_is_complete	15
tests/test_distribution_integrity.py::test_sdist_checks_contents_beneath_release_root[None]	15
tests/test_distribution_integrity.py::test_sdist_checks_contents_beneath_release_root[plugins/core_tools/__init__.py]	15
tests/test_distribution_integrity.py::test_sdist_checks_contents_beneath_release_root[pyproject.toml]	15
tests/test_distribution_integrity.py::test_corrupt_wheel_cli_fails_with_json	15
tests/test_distribution_integrity.py::test_sdist_missing_tracked_release_file_fails[tests/incidents/fixtures/case.json]	15
tests/test_distribution_integrity.py::test_sdist_missing_tracked_release_file_fails[skills/demo/rules.txt]	15
tests/test_distribution_integrity.py::test_sdist_missing_tracked_release_file_fails[skills/demo/Example.java]	15
tests/test_distribution_integrity.py::test_sdist_with_every_tracked_release_file_passes	15
tests/test_distribution_integrity.py::test_source_root_that_is_not_a_git_checkout_fails_closed	15
tests/test_distribution_integrity.py::test_source_root_rejected_for_a_source_directory	15
tests/test_distribution_integrity.py::test_sdist_with_an_untracked_file_in_a_release_tree_fails	15
tests/test_distribution_integrity.py::test_wheel_missing_a_tracked_skill_file_fails[skills/demo/skill.yaml]	15
tests/test_distribution_integrity.py::test_wheel_missing_a_tracked_skill_file_fails[skills/demo/rules.txt]	15
tests/test_distribution_integrity.py::test_wheel_missing_a_tracked_skill_file_fails[skills/demo/examples/pom.xml]	15
tests/test_distribution_integrity.py::test_wheel_with_exactly_the_tracked_skills_passes	15
tests/test_distribution_integrity.py::test_wheel_with_untracked_skill_content_fails	15
tests/test_distribution_integrity.py::test_wheel_package_data_patterns_cover_every_tracked_skill_file	15
tests/test_distribution_integrity.py::test_manifest_grafts_every_release_tree	15
tests/test_docker_image_inspection.py::test_a_present_image_is_present_with_one_inspect	15
tests/test_docker_image_inspection.py::test_a_missing_image_is_absent_only_after_the_running_engine_says_so	15
tests/test_docker_image_inspection.py::test_a_cached_404_for_a_present_image_is_rechecked_and_found	15
tests/test_docker_image_inspection.py::test_a_cached_404_that_persists_is_never_reported_as_absence	15
tests/test_docker_image_inspection.py::test_every_other_failure_keeps_its_cause_and_is_never_absence[Cannot connect to the Docker daemon at unix:///Users/me/.docker/run/docker.sock. Is the docker daemon running?-DAEMON_UNAVAILABLE]	15
tests/test_docker_image_inspection.py::test_every_other_failure_keeps_its_cause_and_is_never_absence[Cannot connect to the Docker daemon at tcp://127.0.0.1:1. Is the docker daemon running?-DAEMON_UNAVAILABLE]	15
tests/test_docker_image_inspection.py::test_every_other_failure_keeps_its_cause_and_is_never_absence[permission denied while trying to connect to the Docker daemon socket at unix:///tmp/x.sock: Get "http://%2Ftmp%2Fx.sock/v1.47/images/debian:bookworm-slim/json": dial unix /tmp/x.sock: connect: permission denied-PERMISSION_ERROR]	15
tests/test_docker_image_inspection.py::test_every_other_failure_keeps_its_cause_and_is_never_absence[Error response from daemon: invalid reference format: repository name (library/Bad) must be lowercase-CLIENT_ERROR]	15
tests/test_docker_image_inspection.py::test_every_other_failure_keeps_its_cause_and_is_never_absence[Failed to initialize: unable to resolve docker endpoint: context "nope": context not found: open /Users/me/.docker/contexts/meta/x/meta.json: no such file or directory-CLIENT_ERROR]	15
tests/test_docker_image_inspection.py::test_every_other_failure_keeps_its_cause_and_is_never_absence[Error response from daemon: something new and strange-UNKNOWN_INSPECT_ERROR]	15
tests/test_docker_image_inspection.py::test_a_timeout_and_a_client_launch_failure_are_classified_not_raised	15
tests/test_docker_image_inspection.py::test_an_unexpected_success_output_is_unknown_not_present	15
tests/test_docker_image_inspection.py::test_only_the_engines_plain_answer_classifies_as_not_found	15
tests/test_docker_image_inspection.py::test_the_oci_smoke_check_reports_a_stopped_engine_not_a_missing_image	15
tests/test_docker_image_inspection.py::test_probe_oci_containment_raises_the_inspection_it_could_not_confirm	15
tests/test_docker_image_inspection.py::test_the_toolchain_check_reports_a_stopped_engine_not_a_missing_image	15
tests/test_docker_image_inspection.py::test_the_resume_fingerprint_names_the_real_inspect_failure	15
tests/test_doctor_command.py::test_doctor_tests_llm_connectivity_regardless_of_provider_string	15
tests/test_doctor_command.py::test_doctor_exits_nonzero_when_llm_connection_fails	15
tests/test_doctor_command.py::test_doctor_exits_zero_when_all_checks_pass	15
tests/test_doctor_command.py::test_doctor_exits_nonzero_when_embedding_connection_fails	15
tests/test_doctor_command.py::test_doctor_warns_on_java_mvn_version_mismatch_without_failing	15
tests/test_doctor_command.py::test_doctor_skips_toolchain_section_cleanly_when_neither_found	15
tests/test_doctor_command.py::test_doctor_reports_jdtls_found	15
tests/test_doctor_command.py::test_doctor_reports_jdtls_not_found_without_failing	15
tests/test_edit_revisions.py::test_revision_grounded_commit_rejects_stale_base_without_overwriting	15
tests/test_edit_revisions.py::test_multiple_edits_are_staged_before_atomic_commit	15
tests/test_edit_safety_policy_audit.py::test_write_still_happens_even_though_policy_denies_it_by_default	15
tests/test_edit_safety_policy_audit.py::test_a_broken_policy_engine_never_blocks_the_real_write	15
tests/test_edit_safety_policy_audit.py::test_a_forced_deny_never_blocks_the_real_write	15
tests/test_edit_safety_policy_audit.py::test_audit_call_observes_the_real_target_path	15
tests/test_edit_safety_policy_audit.py::test_audit_call_uses_authorized_workspace_context_when_supplied	15
tests/test_edit_safety_policy_audit.py::test_sensitive_looking_target_still_writes_since_ma45_is_audit_only	15
tests/test_events.py::test_event_emitter_sync_handler	15
tests/test_events.py::test_event_emitter_async_handler	15
tests/test_events.py::test_event_emitter_unsubscribe	15
tests/test_events.py::test_event_handler_errors	15
tests/test_events.py::test_event_handler_error_does_not_skip_later_handlers	15
tests/test_events.py::test_event_handler_error_raises_the_first_exception_not_the_last	15
tests/test_execution_policy_config.py::test_defaults_match_todays_already_live_behavior	15
tests/test_execution_policy_config.py::test_mode_audit_is_accepted	15
tests/test_execution_policy_config.py::test_mode_enforce_is_now_accepted	15
tests/test_execution_policy_config.py::test_mode_garbage_value_is_rejected	15
tests/test_execution_policy_config.py::test_enabled_can_be_turned_off	15
tests/test_execution_policy_config.py::test_app_config_carries_execution_policy_with_safe_defaults	15
tests/test_execution_policy_config.py::test_app_config_accepts_enforce_mode_nested	15
tests/test_execution_policy_config.py::test_app_config_still_rejects_garbage_mode_nested	15
tests/test_failure.py::test_failure_to_gate_outcome_shape	15
tests/test_failure.py::test_failure_to_gate_outcome_persists_failed_content_and_attempted_edits	15
tests/test_failure.py::test_failure_to_gate_outcome_falls_back_to_message_when_raw_output_empty	15
tests/test_failure.py::test_quality_gate_failure_carries_the_failure_object	15
tests/test_failure.py::test_failure_defaults_are_empty_not_none	15
tests/test_failure.py::test_missing_runtime_verification_is_a_contract_defect_not_a_source_defect	15
tests/test_failure.py::test_test_process_failure_is_typed_as_test_evidence_until_source_is_grounded	15
tests/test_failure.py::test_process_termination_failure_gets_same_repair_owner_routing_as_ordinary_test_failure	15
tests/test_failure.py::test_incompatible_verification_strategy_is_a_test_defect_not_product_source	15
tests/test_failure_grounding.py::test_detects_surefire_booter_fork_exception	15
tests/test_failure_grounding.py::test_detects_forked_vm_terminated_phrase	15
tests/test_failure_grounding.py::test_ordinary_assertion_failure_has_no_signature	15
tests/test_failure_grounding.py::test_ordinary_compile_error_has_no_signature	15
tests/test_failure_grounding.py::test_empty_output_has_no_signature	15
tests/test_failure_grounding.py::test_process_termination_output_upgrades_type_and_message	15
tests/test_failure_grounding.py::test_ordinary_test_output_keeps_generic_type_and_message	15
tests/test_failure_grounding.py::test_targeted_test_type_also_upgrades_on_process_termination	15
tests/test_failure_grounding.py::test_raw_output_field_stays_the_pure_tool_output_not_the_guidance	15
tests/test_failure_grounding.py::test_surefire_crashed_test_targets_only_incompatible_test_strategy	15
tests/test_failure_reporting.py::test_every_real_failure_type_maps_to_the_expected_category[anchored_edit-edit_targeting]	15
tests/test_failure_reporting.py::test_every_real_failure_type_maps_to_the_expected_category[attribution_rejected-edit_targeting]	15
tests/test_failure_reporting.py::test_every_real_failure_type_maps_to_the_expected_category[compile-build]	15
tests/test_failure_reporting.py::test_every_real_failure_type_maps_to_the_expected_category[context_budget_unsatisfiable-resource]	15
tests/test_failure_reporting.py::test_every_real_failure_type_maps_to_the_expected_category[context_edit_protocol_unsatisfiable-resource]	15
tests/test_failure_reporting.py::test_every_real_failure_type_maps_to_the_expected_category[contract_registry-verification]	15
tests/test_failure_reporting.py::test_every_real_failure_type_maps_to_the_expected_category[cross_package_symbol_mismatch-build]	15
tests/test_failure_reporting.py::test_every_real_failure_type_maps_to_the_expected_category[diagnosis_mismatch-edit_targeting]	15
tests/test_failure_reporting.py::test_every_real_failure_type_maps_to_the_expected_category[duplicate_type_across_files-generation_completeness]	15
tests/test_failure_reporting.py::test_every_real_failure_type_maps_to_the_expected_category[fallback_incompatible-resource]	15
tests/test_failure_reporting.py::test_every_real_failure_type_maps_to_the_expected_category[general_error-unclassified]	15
tests/test_failure_reporting.py::test_every_real_failure_type_maps_to_the_expected_category[goal_spec_compliance-verification]	15
tests/test_failure_reporting.py::test_every_real_failure_type_maps_to_the_expected_category[incomplete_generation-generation_completeness]	15
tests/test_failure_reporting.py::test_every_real_failure_type_maps_to_the_expected_category[internal_framework_error-internal]	15
tests/test_failure_reporting.py::test_every_real_failure_type_maps_to_the_expected_category[misdirected_edit-edit_targeting]	15
tests/test_failure_reporting.py::test_every_real_failure_type_maps_to_the_expected_category[no_op_edit-edit_targeting]	15
tests/test_failure_reporting.py::test_every_real_failure_type_maps_to_the_expected_category[operation_contract-generation_completeness]	15
tests/test_failure_reporting.py::test_every_real_failure_type_maps_to_the_expected_category[output_budget_unsatisfiable-resource]	15
tests/test_failure_reporting.py::test_every_real_failure_type_maps_to_the_expected_category[pom_semantic_validation-build]	15
tests/test_failure_reporting.py::test_every_real_failure_type_maps_to_the_expected_category[provider_contract-resource]	15
tests/test_failure_reporting.py::test_every_real_failure_type_maps_to_the_expected_category[regression_test-verification]	15
tests/test_failure_reporting.py::test_every_real_failure_type_maps_to_the_expected_category[requirements_unresolved-verification]	15
tests/test_failure_reporting.py::test_every_real_failure_type_maps_to_the_expected_category[retry_identity_not_qualified-resource]	15
tests/test_failure_reporting.py::test_every_real_failure_type_maps_to_the_expected_category[run_verification-verification]	15
tests/test_failure_reporting.py::test_every_real_failure_type_maps_to_the_expected_category[run_verification_hung-verification]	15
tests/test_failure_reporting.py::test_every_real_failure_type_maps_to_the_expected_category[static_analysis_blocked-verification]	15
tests/test_failure_reporting.py::test_every_real_failure_type_maps_to_the_expected_category[static_analysis_unavailable-verification]	15
tests/test_failure_reporting.py::test_every_real_failure_type_maps_to_the_expected_category[static_analysis_unknown-verification]	15
tests/test_failure_reporting.py::test_every_real_failure_type_maps_to_the_expected_category[static_rule_violation-generation_completeness]	15
tests/test_failure_reporting.py::test_every_real_failure_type_maps_to_the_expected_category[structural_corruption-generation_completeness]	15
tests/test_failure_reporting.py::test_every_real_failure_type_maps_to_the_expected_category[targeted_test-verification]	15
tests/test_failure_reporting.py::test_every_real_failure_type_maps_to_the_expected_category[test-verification]	15
tests/test_failure_reporting.py::test_every_real_failure_type_maps_to_the_expected_category[test_acceptance-verification]	15
tests/test_failure_reporting.py::test_every_real_failure_type_maps_to_the_expected_category[time_budget_exhausted-resource]	15
tests/test_failure_reporting.py::test_every_real_failure_type_maps_to_the_expected_category[unaddressed_error_location-edit_targeting]	15
tests/test_failure_reporting.py::test_every_real_failure_type_maps_to_the_expected_category[workspace_commit-resource]	15
tests/test_failure_reporting.py::test_unrecognized_failure_type_degrades_to_unclassified_not_an_error	15
tests/test_failure_reporting.py::test_mapping_covers_exactly_the_pinned_real_vocabulary_no_more_no_less	15
tests/test_failure_reporting.py::test_every_real_repair_feedback_type_is_categorized_not_unclassified	15
tests/test_failure_reporting.py::test_build_failure_report_entry_carries_the_real_type_verbatim	15
tests/test_failure_reporting.py::test_build_failure_report_entry_attribution_tier_defaults_to_none	15
tests/test_failure_reporting.py::test_dominant_category_empty_list_is_none	15
tests/test_failure_reporting.py::test_dominant_category_single_entry	15
tests/test_failure_reporting.py::test_dominant_category_picks_the_most_frequent	15
tests/test_failure_reporting.py::test_dominant_category_ignores_entries_missing_a_category	15
tests/test_failure_signature_run_noise.py::test_an_identical_pytest_failure_keeps_its_signature_across_runs	15
tests/test_failure_signature_run_noise.py::test_a_java_identity_hash_in_an_exception_message_is_not_identity	15
tests/test_failure_signature_run_noise.py::test_genuinely_different_failures_keep_different_signatures	15
tests/test_failure_signature_run_noise.py::test_short_hex_values_and_maven_timing_keep_their_existing_treatment	15
tests/test_failure_signature_run_noise.py::test_a_repeating_failure_exhausts_the_primary_budget_and_reaches_the_fallback	15
tests/test_failure_signature_run_noise.py::test_a_static_rule_violation_is_identified_by_its_check_and_file	15
tests/test_failure_signature_run_noise.py::test_a_traceback_whose_frames_moved_keeps_its_signature	15
tests/test_failure_signature_run_noise.py::test_a_repeating_static_rule_violation_reaches_the_fallback	15
tests/test_failure_signature_run_noise.py::test_timestamps_uuids_temp_names_and_pids_are_not_identity	15
tests/test_fallback_context_window_001.py::test_a_fallback_without_the_provider_option_is_budgeted_at_its_declared_window	15
tests/test_fallback_context_window_001.py::test_the_primary_is_budgeted_at_its_declared_window_too	15
tests/test_fallback_context_window_001.py::test_an_explicit_provider_option_is_requested_and_only_applied_fields_are_sent	15
tests/test_fallback_context_window_001.py::test_a_conflicting_explicit_option_wins_everywhere_and_is_reported	15
tests/test_fallback_context_window_001.py::test_the_doctor_probes_the_primary_at_its_requested_window	15
tests/test_fallback_context_window_001.py::test_an_undeclared_context_window_is_not_an_override	15
tests/test_fallback_context_window_001.py::test_an_override_extra_body_still_carries_the_models_window	15
tests/test_fallback_context_window_001.py::test_a_genuinely_oversized_request_still_fails_closed	15
tests/test_fallback_context_window_001.py::test_a_user_context_window_alone_is_what_is_sent_and_budgeted	15
tests/test_fallback_context_window_001.py::test_the_packaged_defaults_keep_their_window_and_inference_identity	15
tests/test_fallback_context_window_001.py::test_an_unverified_fingerprint_records_the_request_never_a_served_window	15
tests/test_fallback_context_window_001.py::test_an_exact_runtimes_served_window_is_observed_never_taken_from_the_request	15
tests/test_fallback_context_window_001.py::test_a_served_window_below_the_requested_one_is_refused_before_inference	15
tests/test_fallback_context_window_001.py::test_every_consumer_sees_the_same_runtime_for_an_implicit_window	15
tests/test_fallback_context_window_001.py::test_the_embedding_runtime_requests_no_window	15
tests/test_fallback_context_window_001.py::test_injection_never_changes_the_inference_identity	15
tests/test_fallback_context_window_001.py::test_the_demo03_shape_is_unchanged	15
tests/test_fallback_context_window_001.py::test_qualification_cases_are_sent_the_window_they_qualify	15
tests/test_fallback_context_window_001.py::test_an_unpinned_served_window_cannot_be_qualified	15
tests/test_fallback_context_window_001.py::test_only_the_seam_reads_the_provider_option_directly	15
tests/test_file_goal.py::test_generate_from_file_goal	15
tests/test_file_goal.py::test_generate_from_stdin_goal	15
tests/test_file_goal.py::test_generate_wires_web_lookup_query_callback	15
tests/test_file_goal.py::test_on_web_lookup_query_auto_declines_under_yes	15
tests/test_file_goal.py::test_on_web_lookup_query_interactive_shows_terms_and_confirms	15
tests/test_file_goal.py::test_generate_prints_failure_category	15
tests/test_file_goal.py::test_fix_prints_failure_category	15
tests/test_file_stamp_racy_cache.py::test_a_same_tick_same_size_rewrite_is_never_served_stale	15
tests/test_file_stamp_racy_cache.py::test_a_settled_unchanged_file_is_still_reused	15
tests/test_file_stamp_racy_cache.py::test_a_settled_file_that_changes_is_read_again	15
tests/test_file_stamp_racy_cache.py::test_a_qualification_record_rewritten_in_the_same_tick_is_reparsed	15
tests/test_file_stamp_racy_cache.py::test_the_stamp_rule	15
tests/test_file_stamp_racy_cache.py::test_a_settled_file_replaced_with_its_mtime_preserved_is_read_again	15
tests/test_finite_command_artifact_preparation.py::test_no_artifact_required_command_is_a_noop	15
tests/test_finite_command_artifact_preparation.py::test_artifact_already_current_skips_preparation	15
tests/test_finite_command_artifact_preparation.py::test_missing_artifact_is_prepared_successfully	15
tests/test_finite_command_artifact_preparation.py::test_missing_artifact_via_classpath_flag_is_prepared	15
tests/test_finite_command_artifact_preparation.py::test_build_failure_is_reported_as_compile_failure_not_environment	15
tests/test_finite_command_artifact_preparation.py::test_artifact_materialization_failure_is_not_environment_or_doctor_eligible	15
tests/test_finite_command_artifact_preparation.py::test_missing_mvn_binary_remains_verification_infrastructure_failure	15
tests/test_finite_command_artifact_preparation.py::test_no_pom_remains_verification_infrastructure_failure	15
tests/test_folder_review.py::test_folder_review_prompt_assembly	15
tests/test_full_file_final_newline.py::test_fenced_full_file_rewrite_keeps_the_existing_final_newline	15
tests/test_full_file_final_newline.py::test_unfenced_full_file_rewrite_without_final_newline_gets_it_back	15
tests/test_full_file_final_newline.py::test_crlf_file_keeps_its_crlf_final_line_ending	15
tests/test_full_file_final_newline.py::test_file_without_a_final_newline_is_not_given_one	15
tests/test_full_file_final_newline.py::test_keep_final_newline[\n-b-b\n]	15
tests/test_full_file_final_newline.py::test_keep_final_newline[\n-b\n-b\n]	15
tests/test_full_file_final_newline.py::test_keep_final_newline[\r\n-b-b\r\n]	15
tests/test_full_file_final_newline.py::test_keep_final_newline[-b-b]	15
tests/test_full_file_final_newline.py::test_keep_final_newline[\n--]	15
tests/test_full_file_final_newline.py::test_final_line_ending[x\r\n-\r\n]	15
tests/test_full_file_final_newline.py::test_final_line_ending[x\n-\n]	15
tests/test_full_file_final_newline.py::test_final_line_ending[x-]	15
tests/test_full_file_final_newline.py::test_final_line_ending[-]	15
tests/test_full_file_final_newline.py::test_final_line_ending[\n-\n]	15
tests/test_full_file_final_newline.py::test_new_file_is_written_as_given	15
tests/test_generate_json_contract.py::test_strict_knowledge_gap_is_json	15
tests/test_generate_json_contract.py::test_declined_knowledge_gap_is_json	15
tests/test_generate_json_contract.py::test_constructor_failure_is_json	15
tests/test_generate_json_contract.py::test_unreadable_goal_file_is_json	15
tests/test_generate_json_contract.py::test_workflow_result_preserved[payload0-0]	15
tests/test_generate_json_contract.py::test_workflow_result_preserved[payload1-1]	15
tests/test_generate_json_contract.py::test_workflow_result_preserved[payload2-1]	15
tests/test_generate_json_contract.py::test_workflow_result_preserved[payload3-1]	15
tests/test_generate_json_contract.py::test_workflow_exception_is_json	15
tests/test_generate_json_contract.py::test_interrupted_setup_restores_json[error0-130]	15
tests/test_generate_json_contract.py::test_interrupted_setup_restores_json[error1-1]	15
tests/test_generate_json_contract.py::test_aborted_knowledge_prompt_is_json	15
tests/test_generate_json_contract.py::test_milestone_result_is_one_json_object[success-0]	15
tests/test_generate_json_contract.py::test_milestone_result_is_one_json_object[failed-1]	15
tests/test_generate_json_contract.py::test_malformed_milestone_file_is_json	15
tests/test_generate_json_contract.py::test_stdout_restored_after_system_exit	15
tests/test_generate_json_contract.py::test_workspace_lock_refusal_is_json	15
tests/test_generation_manifest.py::test_manifest_classifies_common_roles_without_stack_specific_names	15
tests/test_generation_manifest.py::test_manifest_orders_providers_before_consumers_and_records_dependencies	15
tests/test_generation_manifest.py::test_manifest_prompt_is_explicit_and_deduplicates_paths	15
tests/test_generation_time_budget.py::test_generation_estimate_learns_median_per_file_duration	15
tests/test_generation_time_budget.py::test_generation_estimate_does_not_apply_primary_timing_to_fallback_model	15
tests/test_generation_time_budget.py::test_time_budget_rejects_doomed_generation_before_model_call	15
tests/test_generation_time_budget.py::test_timed_generation_records_duration_without_prompt_content	15
tests/test_goal_design_dedup_001.py::test_the_bounded_subtask_supplies_an_empty_design_never_the_goal	15
tests/test_goal_design_dedup_001.py::test_the_goal_keeps_both_authoritative_representations	15
tests/test_goal_design_dedup_001.py::test_the_original_goal_reaches_a_subtask_twice_not_three_times	15
tests/test_goal_design_dedup_001.py::test_requirement_and_obligation_authority_inputs_are_unchanged	15
tests/test_goal_design_dedup_001.py::test_a_genuine_design_still_renders_on_the_first_request_and_on_the_retry	15
tests/test_goal_design_dedup_001.py::test_an_empty_design_skips_the_architect_and_restates_nothing	15
tests/test_goal_design_dedup_001.py::test_a_graphify_sized_goal_is_not_duplicated_through_the_design_slot	15
tests/test_graph_context_empty_header_001.py::test_an_empty_graph_context_renders_nothing	15
tests/test_graph_context_empty_header_001.py::test_a_left_out_file_still_reports_its_omission	15
tests/test_graph_context_empty_header_001.py::test_an_empty_graph_section_is_never_registered_so_nothing_is_unlocated	15
tests/test_graphify_oversize_request_001.py::test_the_split_keeps_planned_source_out_of_the_rendered_context	15
tests/test_graphify_oversize_request_001.py::test_a_large_planned_file_no_longer_makes_the_request_unsendable	15
tests/test_graphify_oversize_request_001.py::test_a_planned_file_that_fits_is_sent_whole_and_unchanged	15
tests/test_graphify_oversize_request_001.py::test_a_path_already_represented_by_a_known_target_is_never_rendered_twice	15
tests/test_graphify_oversize_request_001.py::test_no_planned_source_outside_a_bounded_subtask	15
tests/test_graphify_oversize_request_001.py::test_the_planned_source_gets_room_first	15
tests/test_graphify_oversize_request_001.py::test_the_bounded_subtask_hands_planned_paths_to_the_attempt	15
tests/test_graphify_oversize_request_001.py::test_every_developer_context_branch_includes_and_registers_the_planned_source	15
tests/test_indexing.py::test_indexing_repository_files	16
tests/test_indexing.py::test_indexing_does_not_cache_a_file_whose_embedding_failed	26
tests/test_indexing.py::test_indexing_covers_languages_beyond_the_original_hardcoded_four	27
tests/test_indexing.py::test_indexing_changed_flag_includes_a_staged_but_unmodified_file	17
tests/test_inf001_runtime_parity.py::test_the_wire_is_unchanged	16
tests/test_inf001_runtime_parity.py::test_the_runtime_fingerprint_digest_is_unchanged	16
tests/test_inf001_runtime_port.py::test_the_default_runtime_is_the_packaged_adapter	16
tests/test_inf001_runtime_port.py::test_an_unregistered_runtime_is_refused_never_served_by_the_default[vllm]	16
tests/test_inf001_runtime_port.py::test_an_unregistered_runtime_is_refused_never_served_by_the_default[nonexistent]	16
tests/test_inf001_runtime_port.py::test_the_fake_runtime_is_unreachable_in_production	16
tests/test_inf001_runtime_port.py::test_primary_and_fallback_requests_go_through_their_bindings_adapter	16
tests/test_inf001_runtime_port.py::test_settings_and_reasoning_controls_reach_the_adapter_unchanged	16
tests/test_inf001_runtime_port.py::test_a_runtime_without_a_per_request_window_is_sent_none_and_budgets_what_it_serves	16
tests/test_inf001_runtime_port.py::test_a_declared_window_the_runtime_does_not_serve_is_refused_before_inference	16
tests/test_inf001_runtime_port.py::test_a_provider_managed_window_that_is_not_reported_is_labelled_so	16
tests/test_inf001_runtime_port.py::test_a_runtime_with_a_per_request_window_is_sent_the_declared_window_in_its_own_form	16
tests/test_inf001_runtime_port.py::test_native_tool_calls_come_back_normalized_and_validated_by_kriya	16
tests/test_inf001_runtime_port.py::test_json_mode_and_streaming_are_requested_through_the_port	16
tests/test_inf001_runtime_port.py::test_transport_errors_are_classified_by_the_adapter[error0-TIMEOUT]	16
tests/test_inf001_runtime_port.py::test_transport_errors_are_classified_by_the_adapter[error1-BACKEND_ERROR]	16
tests/test_inf001_runtime_port.py::test_cancellation_propagates_and_is_recorded	16
tests/test_inf001_runtime_port.py::test_only_a_request_shape_error_earns_the_response_format_retry	16
tests/test_inf001_runtime_port.py::test_the_fingerprint_changes_when_the_runtime_materially_changes	16
tests/test_inf001_runtime_port.py::test_the_same_weights_on_another_runtime_never_share_qualification	16
tests/test_inf001_runtime_port.py::test_two_runtimes_at_one_endpoint_never_share_a_cached_fingerprint	16
tests/test_inf001_runtime_port.py::test_a_normal_call_never_probes_again	16
tests/test_inf001_runtime_port.py::test_a_qualification_record_is_parsed_once_while_unchanged	16
tests/test_inf001_runtime_port.py::test_the_doctor_discovers_and_identifies_through_the_primarys_adapter	16
tests/test_inf001_runtime_port.py::test_the_runtime_selection_is_security_authority	16
tests/test_inf001_runtime_port.py::test_workflow_and_agents_never_touch_an_adapter_or_a_transport[workflow]	16
tests/test_inf001_runtime_port.py::test_workflow_and_agents_never_touch_an_adapter_or_a_transport[agents]	16
tests/test_inf001_runtime_port.py::test_the_transport_runs_only_behind_the_port	16
tests/test_java_members.py::test_public_constructor	16
tests/test_java_members.py::test_protected_constructor	16
tests/test_java_members.py::test_package_private_constructor	16
tests/test_java_members.py::test_private_constructor	16
tests/test_java_members.py::test_public_method	16
tests/test_java_members.py::test_protected_method	16
tests/test_java_members.py::test_package_private_method	16
tests/test_java_members.py::test_private_method	16
tests/test_java_members.py::test_static_method	16
tests/test_java_members.py::test_final_method	16
tests/test_java_members.py::test_single_annotation	16
tests/test_java_members.py::test_multiple_annotations	16
tests/test_java_members.py::test_throws_clause	16
tests/test_java_members.py::test_generic_return_type	16
tests/test_java_members.py::test_generic_parameters	16
tests/test_java_members.py::test_array_parameter	16
tests/test_java_members.py::test_varargs_parameter	16
tests/test_java_members.py::test_multiline_method_declaration	16
tests/test_java_members.py::test_multiline_constructor_declaration	16
tests/test_java_members.py::test_method_body_with_nested_braces_finds_real_closing_brace	16
tests/test_java_members.py::test_comment_containing_method_looking_text_is_not_a_member	16
tests/test_java_members.py::test_string_literal_containing_braces_is_not_a_member	16
tests/test_java_members.py::test_overloaded_methods_each_get_own_record	16
tests/test_java_members.py::test_overloaded_constructors_each_get_own_record	16
tests/test_java_members.py::test_interface_method_has_no_body_and_is_detected	16
tests/test_java_members.py::test_record_compact_canonical_constructor_is_not_detected	16
tests/test_java_members.py::test_second_top_level_type_members_not_scanned	16
tests/test_java_members.py::test_frozen_a1_target_default_driver_service_inventory	16
tests/test_kernel.py::test_kernel_lifecycle_events	16
tests/test_knowledge.py::test_extract_library_versions	16
tests/test_knowledge.py::test_parse_iso_datetime	16
tests/test_knowledge.py::test_detect_stack	16
tests/test_knowledge.py::test_maven_central_adapter_success	16
tests/test_knowledge.py::test_pypi_adapter_success	15
tests/test_knowledge.py::test_npm_adapter_success	15
tests/test_knowledge.py::test_knowledge_guard_gaps	15
tests/test_knowledge.py::test_knowledge_guard_no_gaps	15
tests/test_knowledge.py::test_generate_skill_template	15
tests/test_knowledge.py::test_knowledge_cache	15
tests/test_knowledge.py::test_knowledge_cache_expires_stale_entries_and_supports_invalidation	19
tests/test_knowledge.py::test_knowledge_cache_uses_default_ttl_for_non_numeric_legacy_config	19
tests/test_knowledge.py::test_knowledge_guard_with_cache	19
tests/test_knowledge.py::test_workflow_stage_2a_gap	15
tests/test_knowledge.py::test_workflow_auto_accrual	15
tests/test_knowledge.py::test_workflow_auto_accrual_skipped_when_suggestion_never_actually_used	15
tests/test_knowledge.py::test_knowledge_guard_bare_mention_gap_without_skill	15
tests/test_knowledge.py::test_knowledge_guard_bare_mention_no_gap_with_skill	15
tests/test_knowledge.py::test_extract_library_versions_bare_mention_skipped_when_version_present	15
tests/test_knowledge.py::test_generate_skill_template_without_version	15
tests/test_knowledge.py::test_extract_library_versions_deduplication	15
tests/test_knowledge_extraction.py::test_knowledge_fact_rejects_unknown_category	15
tests/test_knowledge_extraction.py::test_knowledge_fact_rejects_unknown_confidence_tier	15
tests/test_knowledge_extraction.py::test_score_skill_empty_facts_is_all_zero	15
tests/test_knowledge_extraction.py::test_score_skill_level_progression_by_confidence	15
tests/test_knowledge_extraction.py::test_score_skill_overall_is_the_weakest_category	15
tests/test_knowledge_extraction.py::test_repo_manifest_channel_scopes_to_relevant_dependencies_only	15
tests/test_knowledge_extraction.py::test_repo_manifest_channel_empty_when_skill_not_relevant	15
tests/test_knowledge_extraction.py::test_repo_manifest_channel_handles_missing_version	15
tests/test_knowledge_extraction.py::test_parse_fact_list_handles_markdown_fenced_json	15
tests/test_knowledge_extraction.py::test_parse_fact_list_recovers_array_with_prose_around_it	15
tests/test_knowledge_extraction.py::test_parse_fact_list_returns_empty_on_garbage	15
tests/test_knowledge_extraction.py::test_live_failure_channel_tags_confidence_by_quote_presence	15
tests/test_knowledge_extraction.py::test_live_failure_channel_drops_items_with_unknown_category	15
tests/test_knowledge_extraction.py::test_live_failure_channel_folds_self_correction_transcript_into_the_prompt	15
tests/test_knowledge_extraction.py::test_live_failure_channel_omits_transcript_section_when_none_given	15
tests/test_knowledge_extraction.py::test_live_failure_channel_returns_empty_list_on_llm_failure	15
tests/test_knowledge_extraction.py::test_stage_facts_dedups_against_existing_staged_and_approved	15
tests/test_knowledge_extraction.py::test_promote_staged_writes_rules_txt_and_knowledge_json_and_clears_staged	15
tests/test_knowledge_extraction.py::test_promote_staged_noop_when_nothing_staged	15
tests/test_knowledge_extraction.py::test_record_direct_fact_skips_near_duplicate_of_existing_rule	15
tests/test_knowledge_extraction.py::test_record_direct_fact_writes_new_fact	15
tests/test_knowledge_extraction.py::test_generate_gap_questions_skips_categories_at_or_above_threshold	15
tests/test_knowledge_extraction.py::test_generate_gap_questions_empty_when_everything_ready	15
tests/test_knowledge_extraction.py::test_record_scaffold_answer_round_trips_through_staging	15
tests/test_knowledge_readpath_001.py::test_ask_reads_what_learn_wrote_fenced_with_provenance	15
tests/test_knowledge_readpath_001.py::test_direct_generate_hands_the_learned_chunk_to_the_workflow_as_reference_only	15
tests/test_knowledge_readpath_001.py::test_milestone_generate_retrieves_for_the_plans_own_user_goal	15
tests/test_knowledge_readpath_001.py::test_every_milestone_unit_and_the_integration_unit_receive_the_reference	15
tests/test_knowledge_readpath_001.py::test_the_workflow_itself_never_queries_a_knowledge_store	15
tests/test_knowledge_readpath_001.py::test_normal_retrieval_returns_scored_matches_with_provenance	15
tests/test_knowledge_readpath_001.py::test_rows_from_another_embedding_model_are_never_scored	15
tests/test_knowledge_readpath_001.py::test_an_undecodable_row_is_skipped_and_the_rest_still_served	15
tests/test_knowledge_readpath_001.py::test_a_corrupt_store_contributes_nothing_and_says_why	16
tests/test_knowledge_readpath_001.py::test_a_missing_store_is_simply_empty_and_is_never_created	16
tests/test_knowledge_readpath_001.py::test_an_unusable_query_vector_is_reported_not_scored	16
tests/test_knowledge_readpath_001.py::test_the_egress_boundary_holds_and_is_reported	16
tests/test_knowledge_readpath_001.py::test_the_cli_reader_shows_every_warning	16
tests/test_knowledge_readpath_001.py::test_hostile_learned_text_reaches_the_models_fenced_and_grants_no_authority	15
tests/test_knowledge_readpath_001.py::test_a_real_skill_section_still_earns_its_reminder	15
tests/test_knowledge_readpath_001.py::test_the_fence_neutralizes_markers_inside_its_body	15
tests/test_knowledge_readpath_001.py::test_an_unterminated_fence_hides_everything_after_it	15
tests/test_knowledge_readpath_001.py::test_one_module_owns_the_learned_knowledge_store	15
tests/test_knowledge_readpath_001.py::test_reference_text_is_read_only_where_it_is_shown_to_a_model	15
tests/test_knowledge_readpath_001.py::test_authority_modules_never_import_the_knowledge_reader[kriya.workflow.proposal_promotion]	15
tests/test_knowledge_readpath_001.py::test_authority_modules_never_import_the_knowledge_reader[kriya.workflow.requirements]	15
tests/test_knowledge_readpath_001.py::test_authority_modules_never_import_the_knowledge_reader[kriya.workflow.contract_authority]	15
tests/test_knowledge_readpath_001.py::test_authority_modules_never_import_the_knowledge_reader[kriya.workflow.resume_fingerprints]	15
tests/test_learn_command.py::test_learn_command_fetches_and_persists	15
tests/test_learn_egress_policy.py::test_learn_url_ignores_egress_policy_by_design	15
tests/test_learn_embedding_failure_warning.py::test_learn_warns_when_embedding_generation_fails	15
tests/test_learn_embedding_failure_warning.py::test_learn_no_warning_on_successful_embeddings	15
tests/test_learn_sources.py::test_learn_command_multiple_sources	15
tests/test_learn_text_naming_collision.py::test_learn_text_entries_do_not_collide_across_invocations	15
tests/test_linux_jvm_resource_strategy.py::test_a_non_jvm_command_keeps_rlimit_as	15
tests/test_linux_jvm_resource_strategy.py::test_a_jvm_execution_gets_no_rlimit_as_but_bounded_jvm_options[command0-None]	15
tests/test_linux_jvm_resource_strategy.py::test_a_jvm_execution_gets_no_rlimit_as_but_bounded_jvm_options[command1-None]	15
tests/test_linux_jvm_resource_strategy.py::test_a_jvm_execution_gets_no_rlimit_as_but_bounded_jvm_options[command2-None]	15
tests/test_linux_jvm_resource_strategy.py::test_a_jvm_execution_gets_no_rlimit_as_but_bounded_jvm_options[command3-None]	15
tests/test_linux_jvm_resource_strategy.py::test_a_jvm_execution_gets_no_rlimit_as_but_bounded_jvm_options[command4-java]	15
tests/test_linux_jvm_resource_strategy.py::test_shell_text_never_classifies_a_command_as_a_jvm	15
tests/test_linux_jvm_resource_strategy.py::test_an_unenforceable_budget_is_refused_never_run_unbounded[0-command0]	15
tests/test_linux_jvm_resource_strategy.py::test_an_unenforceable_budget_is_refused_never_run_unbounded[-5-command1]	15
tests/test_linux_jvm_resource_strategy.py::test_an_unenforceable_budget_is_refused_never_run_unbounded[255-command2]	15
tests/test_linux_jvm_resource_strategy.py::test_no_memory_budget_keeps_the_existing_unlimited_contract	15
tests/test_linux_jvm_resource_strategy.py::test_a_forked_jvm_observes_the_bound_and_the_evidence_reports_it	15
tests/test_linux_jvm_resource_strategy.py::test_the_timeout_still_kills_the_jvm_process_tree	15
tests/test_linux_jvm_resource_strategy.py::test_the_validator_records_the_strategy_with_the_gate_evidence	15
tests/test_linux_oci_venv_interpreter.py::test_a_contained_venv_linking_to_the_container_interpreter_is_used	15
tests/test_linux_oci_venv_interpreter.py::test_a_host_venv_with_a_dangling_interpreter_is_still_a_failed_venv	15
tests/test_linux_oci_workspace_identity.py::test_a_workspace_writing_container_runs_as_the_host_owner_with_capabilities_dropped	15
tests/test_linux_oci_workspace_identity.py::test_kriya_running_as_root_or_a_foreign_owned_workspace_fails_closed	15
tests/test_linux_oci_workspace_identity.py::test_an_explicit_identity_and_a_container_writing_no_host_mount_are_unchanged	15
tests/test_linux_oci_workspace_identity.py::test_a_private_workspace_compiles_and_its_outputs_belong_to_the_host_owner	15
tests/test_linux_oci_workspace_identity.py::test_writes_outside_the_authorized_areas_fail	15
tests/test_linux_oci_workspace_identity.py::test_a_read_only_workspace_stays_read_only	15
tests/test_linux_oci_workspace_identity.py::test_a_non_root_container_without_a_workspace_has_a_writable_working_directory	15
tests/test_live_process_helper.py::test_a_timeout_reports_elapsed_time_and_the_output_tail	15
tests/test_live_process_helper.py::test_a_completed_process_is_returned_unchanged	15
tests/test_live_smoke_contract.py::test_an_allowlisted_capability_failure_with_every_invariant_held_passes	20
tests/test_live_smoke_contract.py::test_a_run_without_a_real_planner_call_fails	25
tests/test_live_smoke_contract.py::test_verified_success_may_change_exactly_its_reported_files	32
tests/test_live_smoke_contract.py::test_an_untyped_outcome_is_named_as_untyped	35
tests/test_live_smoke_contract.py::test_an_unlisted_outcome_never_passes[payload0]	38
tests/test_live_smoke_contract.py::test_an_unlisted_outcome_never_passes[payload1]	41
tests/test_live_smoke_contract.py::test_an_unlisted_outcome_never_passes[payload2]	44
tests/test_live_smoke_contract.py::test_an_unlisted_outcome_never_passes[payload3]	47
tests/test_live_smoke_contract.py::test_an_unlisted_outcome_never_passes[payload4]	50
tests/test_live_smoke_contract.py::test_the_typed_outcome_reads_the_result_the_run_actually_produced	50
tests/test_live_smoke_contract.py::test_a_real_model_request_on_the_smoke_model_is_required[fingerprints0-no real model request]	53
tests/test_live_smoke_contract.py::test_a_real_model_request_on_the_smoke_model_is_required[fingerprints1-no recorded runtime]	56
tests/test_live_smoke_contract.py::test_a_workspace_changed_without_success_fails	61
tests/test_live_smoke_contract.py::test_a_crash_or_an_egress_violation_fails[Traceback (most recent call last):\n  boom]	64
tests/test_live_smoke_contract.py::test_a_crash_or_an_egress_violation_fails[EgressViolationError: public host]	67
tests/test_live_smoke_contract.py::test_unsafe_or_unbounded_evidence_fails[kwargs0]	70
tests/test_live_smoke_contract.py::test_unsafe_or_unbounded_evidence_fails[kwargs1]	73
tests/test_live_smoke_contract.py::test_unsafe_or_unbounded_evidence_fails[kwargs2]	76
tests/test_live_smoke_contract.py::test_unsafe_or_unbounded_evidence_fails[kwargs3]	79
tests/test_live_smoke_contract.py::test_unsafe_or_unbounded_evidence_fails[kwargs4]	84
tests/test_live_smoke_contract.py::test_no_run_record_or_an_unreadable_one_fails	87
tests/test_llm_egress_policy_integration.py::test_local_ollama_endpoint_remains_allowed	15
tests/test_llm_egress_policy_integration.py::test_non_local_llm_endpoint_remains_rejected	16
tests/test_llm_egress_policy_integration.py::test_policy_allow_cannot_override_local_only_enforcement	16
tests/test_llm_egress_policy_integration.py::test_policy_misconfiguration_cannot_silently_permit_remote_inference	16
tests/test_llm_egress_policy_integration.py::test_new_policy_path_does_not_swallow_egress_violation_error	16
tests/test_llm_egress_policy_integration.py::test_local_call_succeeds_and_the_real_audit_signal_now_agrees	16
tests/test_llm_egress_policy_integration.py::test_audit_call_never_blocks_a_local_call_even_when_forced_to_deny	16
tests/test_llm_egress_policy_integration.py::test_complete_with_tools_also_preserves_local_only_enforcement_under_forced_allow	16
tests/test_llm_egress_policy_integration.py::test_egress_policy_disabled_still_never_lets_audit_call_raise_out	16
tests/test_llm_extra.py::test_llm_client_forwards_extra_body	16
tests/test_llm_extra.py::test_local_egress_policy	16
tests/test_llm_extra.py::test_complete_uses_fallback_extra_body_not_the_primarys	16
tests/test_llm_extra.py::test_complete_falls_back_to_primary_extra_body_when_no_override_given	16
tests/test_llm_extra.py::test_complete_empty_dict_extra_body_override_means_no_extra_body	16
tests/test_llm_extra.py::test_complete_with_tools_uses_fallback_extra_body_not_the_primarys	16
tests/test_llm_extra.py::test_json_mode_sets_response_format_for_reasoning_model	16
tests/test_llm_extra.py::test_json_mode_sets_response_format_for_non_reasoning_model	16
tests/test_llm_extra.py::test_json_mode_retries_once_with_a_token_floor_on_empty_response	16
tests/test_llm_extra.py::test_json_mode_does_not_retry_when_response_is_non_empty	16
tests/test_llm_extra.py::test_json_mode_does_not_retry_when_already_at_or_above_the_floor	16
tests/test_llm_extra.py::test_non_json_mode_never_sets_response_format	16
tests/test_llm_extra.py::test_reasoning_model_retries_once_without_response_format_on_failure	16
tests/test_llm_extra.py::test_non_reasoning_model_does_not_retry_on_failure	16
tests/test_llm_extra.py::test_reasoning_model_retry_failure_propagates_original_style_error	16
tests/test_llm_extra.py::test_reasoning_model_does_not_retry_on_a_connection_or_auth_error	16
tests/test_llm_extra.py::test_reasoning_model_still_retries_on_an_unrecognized_exception	16
tests/test_llm_extra.py::test_is_local_url_fails_closed_on_hostname_less_url	16
tests/test_llm_extra.py::test_is_local_url_still_allows_real_local_hosts	16
tests/test_llm_extra.py::test_is_local_url_still_rejects_real_remote_hosts	16
tests/test_llm_extra.py::test_complete_with_tools_returns_tool_calls	16
tests/test_llm_extra.py::test_complete_with_tools_handles_empty_tool_calls	16
tests/test_llm_extra.py::test_complete_with_tools_respects_egress_policy	16
tests/test_llm_extra.py::test_complete_with_tools_malformed_arguments_does_not_crash	16
tests/test_llm_extra.py::test_finish_reason_captured_non_streaming_stop	16
tests/test_llm_extra.py::test_finish_reason_captured_non_streaming_length	16
tests/test_llm_extra.py::test_finish_reason_missing_non_streaming_is_none_not_fabricated	16
tests/test_llm_extra.py::test_finish_reason_captured_streaming_stop	16
tests/test_llm_extra.py::test_finish_reason_captured_streaming_length	16
tests/test_llm_extra.py::test_finish_reason_missing_streaming_is_none_not_fabricated	16
tests/test_logging_location.py::test_default_log_directory_is_under_home_and_identical_across_cwds	16
tests/test_logging_location.py::test_configured_absolute_directory_is_used	16
tests/test_logging_location.py::test_environment_override_wins_over_config_and_default	16
tests/test_logging_location.py::test_a_relative_or_empty_directory_is_a_typed_error_never_cwd_anchored[logs]	16
tests/test_logging_location.py::test_a_relative_or_empty_directory_is_a_typed_error_never_cwd_anchored[./logs]	16
tests/test_logging_location.py::test_a_relative_or_empty_directory_is_a_typed_error_never_cwd_anchored[../logs]	16
tests/test_logging_location.py::test_a_relative_or_empty_directory_is_a_typed_error_never_cwd_anchored[]	16
tests/test_logging_location.py::test_a_relative_environment_override_is_a_typed_error	16
tests/test_logging_location.py::test_load_config_canonicalizes_logging_directory_once	16
tests/test_logging_location.py::test_load_config_rejects_a_relative_logging_directory	16
tests/test_logging_location.py::test_a_repository_logging_directory_needs_security_authority	16
tests/test_logging_location.py::test_disabling_log_files_and_a_null_directory_are_repository_safe	16
tests/test_logging_location.py::test_packaged_default_names_no_relative_log_file	16
tests/test_logging_location.py::test_application_log_goes_to_the_canonical_directory_not_the_cwd	16
tests/test_logging_location.py::test_unwritable_log_directory_is_a_typed_error	16
tests/test_logging_location.py::test_unwritable_log_directory_fails_the_cli_cleanly	16
tests/test_logging_location.py::test_each_run_gets_its_own_run_log_keyed_by_run_id	16
tests/test_logging_location.py::test_run_file_disabled_writes_no_run_log	16
tests/test_logging_location.py::test_a_run_without_configured_logging_attaches_nothing	16
tests/test_logging_location.py::test_generate_bootstrap_creates_no_cwd_logs	16
tests/test_logging_location.py::test_production_doctor_from_arbitrary_cwd_creates_no_cwd_logs	16
tests/test_logging_location.py::test_plain_doctor_leaves_the_workspace_byte_tree_unchanged	16
tests/test_logging_location.py::test_runs_status_and_authority_inspect_leave_the_workspace_byte_tree_unchanged	16
tests/test_logging_location.py::test_logging_file_is_rejected_with_an_actionable_typed_error	16
tests/test_logging_location.py::test_programmatic_logging_file_is_rejected_too	16
tests/test_lsp.py::test_find_jdtls_returns_none_when_not_on_path	16
tests/test_lsp.py::test_find_jdtls_returns_path_when_found	16
tests/test_lsp.py::test_read_message_parses_framed_json	16
tests/test_lsp.py::test_write_message_uses_correct_content_length_framing	16
tests/test_lsp.py::test_check_file_sends_did_open_on_first_call_then_did_change	16
tests/test_lsp.py::test_check_file_returns_empty_on_timeout_without_raising	16
tests/test_lsp.py::test_start_and_check_file_end_to_end_via_fake_process	16
tests/test_lsp.py::test_start_does_not_inherit_java_home_from_parent_process	16
tests/test_lsp.py::test_shutdown_sigkills_a_process_that_ignores_sigterm	16
tests/test_lsp.py::test_shutdown_does_not_sigkill_a_process_that_terminates_promptly	16
tests/test_lsp.py::test_request_removes_pending_future_on_timeout	16
tests/test_lsp.py::test_read_loop_logs_warning_and_stops_on_malformed_content_length	16
tests/test_lsp.py::test_format_diagnostics_for_prompt_filters_to_errors_only	16
tests/test_lsp.py::test_format_diagnostics_for_prompt_empty_when_no_errors	16
tests/test_lsp.py::test_format_diagnostics_for_prompt_empty_on_no_diagnostics	16
tests/test_lsp.py::test_format_diagnostics_for_prompt_is_forceful_ground_truth_framing	16
tests/test_lsp.py::test_initialize_timeout_releases_data_dir_process_and_reader	16
tests/test_lsp.py::test_launch_failure_releases_the_data_dir	16
tests/test_lsp.py::test_successful_start_keeps_the_data_dir_until_shutdown	16
tests/test_mcp.py::test_mcp_client_handshake_and_call	16
tests/test_mcp.py::test_mcp_manager_integration	16
tests/test_mcp.py::test_mcp_manager_integration_allowed_with_pre_approved_identity	16
tests/test_mcp.py::test_kriya_local_mcp_tools	16
tests/test_memory.py::test_memory_engine_all_scopes	16
tests/test_migration.py::test_resolve_migration_resolution_no_replacement_intent_is_not_applicable	16
tests/test_migration.py::test_resolve_migration_resolution_grounds_source_and_target_from_repo_state	16
tests/test_migration.py::test_resolve_migration_resolution_no_pom_is_not_applicable	16
tests/test_migration.py::test_resolve_migration_resolution_not_applicable_when_no_dormant_dependency	16
tests/test_migration.py::test_resolve_migration_resolution_indeterminate_when_multiple_dormant_candidates	16
tests/test_migration.py::test_resolve_migration_resolution_excludes_test_scoped_dependency_from_ambiguity	16
tests/test_migration.py::test_resolve_migration_resolution_excludes_test_source_files_from_usage_scan	16
tests/test_migration.py::test_find_migration_incomplete_none_when_fully_migrated	16
tests/test_migration.py::test_find_migration_incomplete_when_nothing_changed	16
tests/test_migration.py::test_find_migration_incomplete_parallel_implementation_does_not_satisfy_migration	16
tests/test_migration.py::test_find_migration_incomplete_old_usage_remains_even_if_dependency_removed	16
tests/test_migration.py::test_find_migration_incomplete_preserves_public_api_shape_on_pass	16
tests/test_migration.py::test_find_migration_incomplete_names_the_manifest_when_consumer_is_fully_migrated	16
tests/test_migration.py::test_find_migration_incomplete_current_subtask_scope_pending_when_manifest_owned_by_future_subtask	16
tests/test_migration.py::test_find_migration_incomplete_current_subtask_scope_pending_at_s2_and_s3_too	16
tests/test_migration.py::test_find_migration_incomplete_current_subtask_scope_fails_when_owning_stage_is_reached	16
tests/test_migration.py::test_find_migration_incomplete_terminal_scope_always_fails_regardless_of_ownership	16
tests/test_migration.py::test_find_migration_incomplete_current_subtask_scope_without_plan_defaults_to_due	16
tests/test_migration.py::test_find_migration_incomplete_current_subtask_still_enforces_its_own_due_obligation	16
tests/test_migration.py::test_find_migration_incomplete_records_all_four_obligations_when_satisfied	16
tests/test_migration.py::test_find_migration_incomplete_records_pending_at_future_owner_stage	16
tests/test_migration.py::test_find_migration_incomplete_records_violated_when_owning_stage_reached	16
tests/test_migration.py::test_find_migration_incomplete_terminal_requires_no_pending_obligation	16
tests/test_migration.py::test_find_migration_incomplete_detects_true_regression	16
tests/test_migration.py::test_migration_obligations_carry_terminal_required	16
tests/test_migration.py::test_migration_obligation_owner_and_repair_scope_resolve_to_owning_stage	16
tests/test_migration.py::test_migration_obligation_owner_none_when_no_engineering_plan_supplied	16
tests/test_milestone2.py::test_hybrid_retrieval	21
tests/test_milestone2.py::test_spring_xml_parser	25
tests/test_milestone2.py::test_context_skeletonization	25
tests/test_milestone3_4.py::test_persistent_trace_logger	25
tests/test_milestone3_4.py::test_staged_skill_accrual	16
tests/test_milestone_validation.py::test_linear_chain_is_valid	16
tests/test_milestone_validation.py::test_diamond_dag_is_valid	16
tests/test_milestone_validation.py::test_branching_dag_is_valid	16
tests/test_milestone_validation.py::test_duplicate_ids_rejected	16
tests/test_milestone_validation.py::test_missing_dependency_rejected	16
tests/test_milestone_validation.py::test_ambiguous_reachable_capability_provider_rejected	16
tests/test_milestone_validation.py::test_self_dependency_rejected	16
tests/test_milestone_validation.py::test_two_node_cycle_rejected	16
tests/test_milestone_validation.py::test_three_node_cycle_rejected	16
tests/test_milestone_validation.py::test_extension_target_missing_rejected	16
tests/test_milestone_validation.py::test_extension_mode_without_extends_rejected	16
tests/test_milestone_validation.py::test_extension_dependency_auto_normalized_with_warning	16
tests/test_milestone_validation.py::test_extension_dependency_already_consistent_no_warning	16
tests/test_milestone_validation.py::test_capability_direct_provider_valid	16
tests/test_milestone_validation.py::test_capability_transitive_provider_valid	16
tests/test_milestone_validation.py::test_capability_unreachable_provider_rejected	16
tests/test_milestone_validation.py::test_empty_acceptance_rejected	16
tests/test_milestone_validation.py::test_extends_self_caught_as_self_dependency	16
tests/test_milestone_validation.py::test_result_is_json_serializable	16
tests/test_milestone_validation.py::test_validator_is_stateless_across_calls	16
tests/test_milestone_validation.py::test_no_topology_supplied_skips_physical_boundary_check	16
tests/test_milestone_validation.py::test_historical_incident_competing_entrypoints_rejected	16
tests/test_milestone_validation.py::test_single_extended_entrypoint_is_valid	16
tests/test_milestone_validation.py::test_legitimate_existing_multi_module_repo_allows_composition	16
tests/test_milestone_validation.py::test_explicit_goal_justifies_new_build_boundary	16
tests/test_milestone_validation.py::test_duplicate_acceptance_id_across_milestones_rejected	16
tests/test_milestone_validation.py::test_duplicate_acceptance_id_within_one_milestone_rejected	16
tests/test_milestone_validation.py::test_extension_entrypoint_need_not_exist_on_disk	16
tests/test_milestones.py::test_parse_milestone_list_extracts_valid_fenced_block	16
tests/test_milestones.py::test_parse_milestone_list_defaults_depends_on_previous_true	16
tests/test_milestones.py::test_parse_milestone_list_returns_error_on_no_json_block	16
tests/test_milestones.py::test_parse_milestone_list_returns_error_on_empty_text	16
tests/test_milestones.py::test_parse_milestone_list_bare_object_survives_a_bracket_in_goal_text	16
tests/test_milestones.py::test_milestone_list_rejects_empty_list	16
tests/test_milestones.py::test_milestone_list_rejects_more_than_eight_milestones	16
tests/test_milestones.py::test_milestone_rejects_blank_goal_or_criterion	16
tests/test_milestones.py::test_milestone_planner_agent_run_with_milestone_list_parses_v2_directly	16
tests/test_milestones.py::test_milestone_planner_agent_falls_back_to_v1_and_normalizes	16
tests/test_milestones.py::test_milestone_planner_agent_returns_none_on_malformed_output	16
tests/test_milestones.py::test_milestone_planner_agent_prompt_preserves_physical_topology_by_default	16
tests/test_milestones.py::test_build_milestone_goal_text_root_milestone_has_no_prior_work_header	16
tests/test_milestones.py::test_build_milestone_goal_text_dependent_milestone_gets_prior_work_header	16
tests/test_milestones.py::test_build_milestone_goal_text_extension_names_what_it_extends	16
tests/test_milestones.py::test_build_integration_goal_text_synthesizes_from_acceptance_criteria	16
tests/test_milestones.py::test_render_established_file_context_empty_is_blank	16
tests/test_milestones.py::test_render_established_file_context_includes_real_content_sorted	16
tests/test_milestones.py::test_render_established_file_context_calls_out_build_layout_not_just_signatures	16
tests/test_milestones.py::test_milestone_run_state_round_trips_through_sidecar_file	16
tests/test_milestones.py::test_milestone_run_state_loads_a_legacy_v1_sidecar_file	16
tests/test_milestones.py::test_load_milestone_run_state_returns_none_when_missing	16
tests/test_milestones.py::test_load_or_resume_prefers_fresh_plan_milestones_but_resumes_progress	16
tests/test_milestones.py::test_load_or_resume_with_no_existing_sidecar_starts_fresh	16
tests/test_milestones.py::test_check_dependency_regression_detects_a_real_drop	16
tests/test_milestones.py::test_check_dependency_regression_no_drop_returns_empty	16
tests/test_milestones.py::test_check_dependency_regression_skips_when_no_established_deps_yet	16
tests/test_milestones.py::test_check_dependency_regression_skips_when_no_pom_xml	16
tests/test_milestones.py::test_plan_milestones_success	16
tests/test_milestones.py::test_plan_milestones_failure_on_invalid_output	16
tests/test_milestones.py::test_plan_milestones_well_formed_v2_plan_passes_validation_first_try	16
tests/test_milestones.py::test_plan_milestones_retries_with_correction_feedback_on_rejection	16
tests/test_milestones.py::test_plan_milestones_bounded_retry_never_infinite	16
tests/test_milestones.py::test_plan_milestones_prompt_includes_real_repository_topology	16
tests/test_milestones.py::test_plan_milestones_end_to_end_planner_correction_against_real_validator	16
tests/test_milestones.py::test_render_repository_topology_summary_empty_workspace	16
tests/test_milestones.py::test_render_repository_topology_summary_single_module	16
tests/test_milestones.py::test_render_repository_topology_summary_multi_module	16
tests/test_milestones.py::test_run_milestones_success_path_through_all_milestones_and_integration	16
tests/test_milestones.py::test_run_milestones_registers_and_implements_declared_capabilities	16
tests/test_milestones.py::test_run_milestones_populates_real_contract_consumers_from_consumes	16
tests/test_milestones.py::test_run_milestones_invalidates_a_completed_consumer_when_its_providers_contract_changes	16
tests/test_milestones.py::test_authoritative_milestones_stop_when_contract_registry_cannot_persist	16
tests/test_milestones.py::test_authoritative_milestone_crash_leaves_m1_done_and_m2_current	16
tests/test_milestones.py::test_run_milestones_capability_stays_proposed_when_its_milestone_fails	16
tests/test_milestones.py::test_run_milestones_derives_and_persists_real_artifacts_per_milestone	16
tests/test_milestones.py::test_run_milestones_artifact_derivation_is_non_fatal_and_skips_an_unrecognized_ecosystem	16
tests/test_milestones.py::test_run_milestones_grounds_later_milestones_on_earlier_ones_real_files	16
tests/test_milestones.py::test_run_milestones_passes_pom_content_to_judge_for_exec_shape_inference	16
tests/test_milestones.py::test_run_milestones_judge_build_file_content_none_without_pom	16
tests/test_milestones.py::test_run_milestones_grounds_python_verification_commands_before_capture_for_replay	16
tests/test_milestones.py::test_run_milestones_failure_defaults_to_abandon_with_no_callback	16
tests/test_milestones.py::test_run_milestones_failure_callback_abandon_stops_sequence	16
tests/test_milestones.py::test_run_milestones_failure_callback_retry_then_succeeds	16
tests/test_milestones.py::test_run_milestones_dependency_regression_routes_through_failure_callback	16
tests/test_milestones.py::test_run_milestones_dependency_regression_retry_recovers	16
tests/test_milestones.py::test_run_milestones_never_skips_a_completed_milestone_without_proof	16
tests/test_milestones.py::test_replay_catches_a_real_regression	16
tests/test_milestones.py::test_replay_no_marker_is_not_treated_as_failure	16
tests/test_milestones.py::test_replay_uses_process_status_for_deterministic_build_command	16
tests/test_milestones.py::test_replay_timeout_is_reported_as_a_failure	16
tests/test_milestones.py::test_run_milestones_stops_before_integration_call_on_replay_failure	16
tests/test_milestones.py::test_trace_logger_persists_milestone_columns	16
tests/test_milestones.py::test_trace_logger_schema_migration_is_idempotent	16
tests/test_milestones.py::test_trace_logger_persists_milestone_plan_row	16
tests/test_milestones.py::test_plan_structure_telemetry_counts_edges_and_modes	16
tests/test_milestones.py::test_plan_milestones_logs_telemetry_when_accepted	16
tests/test_milestones.py::test_plan_milestones_without_trace_db_does_no_io	16
tests/test_model_capabilities.py::test_offline_conformance_rejects_oversized_or_malformed_tool_arguments	16
tests/test_model_capabilities.py::test_primary_model_capabilities_are_explicit_and_local_configured	16
tests/test_model_capabilities.py::test_generation_protocol_uses_active_fallback_model_profile	16
tests/test_model_capabilities.py::test_known_m1_profile_resolves_via_untouched_primary_binding	16
tests/test_model_capabilities.py::test_known_m2_profile_resolves_via_untouched_llm_chain_binding	16
tests/test_model_capabilities.py::test_known_m3_profile_resolves_via_untouched_agent_llms_binding	16
tests/test_model_capabilities.py::test_known_profiles_registry_has_exactly_the_three_evidenced_models	16
tests/test_model_capabilities.py::test_unknown_model_with_no_binding_gets_conservative_profile_not_m1	16
tests/test_model_capabilities.py::test_unknown_model_fails_closed_on_tool_calls_and_prefers_full_file_edit	16
tests/test_model_capabilities.py::test_explicit_capability_value_equal_to_default_still_counts_as_explicit	16
tests/test_model_capabilities.py::test_capabilities_model_fields_set_is_the_real_provenance_mechanism	16
tests/test_model_capabilities.py::test_explicit_valid_override_wins_over_known_registry_entry	16
tests/test_model_capabilities.py::test_invalid_capability_override_rejected_by_type_validation	16
tests/test_model_capabilities.py::test_precedence_explicit_beats_known_beats_conservative	16
tests/test_model_capabilities.py::test_case_insensitive_tag_normalization_matches_same_model	16
tests/test_model_capabilities.py::test_near_match_model_name_does_not_receive_wrong_profile	16
tests/test_model_capabilities.py::test_primary_model_gets_its_own_profile	16
tests/test_model_capabilities.py::test_llm_chain_model_gets_its_own_profile_independent_of_primary	16
tests/test_model_capabilities.py::test_agent_llms_role_model_gets_its_own_profile_independent_of_primary	16
tests/test_model_capabilities.py::test_different_models_in_one_llm_chain_retain_distinct_profiles	16
tests/test_model_capabilities.py::test_tool_call_consumer_uses_effective_profile_native_tool_calls	16
tests/test_model_capabilities.py::test_json_structured_output_consumer_uses_effective_profile	16
tests/test_model_capabilities.py::test_edit_protocol_consumer_uses_effective_profile	16
tests/test_model_capabilities.py::test_missing_required_capability_fails_safely_not_silently	16
tests/test_model_capabilities.py::test_capability_profile_field_set_carries_no_authority_shaped_fields	16
tests/test_model_capabilities.py::test_resolved_profile_for_unknown_model_never_exceeds_known_profile_authority_relevant_fields	16
tests/test_model_capabilities.py::test_config_loading_path_preserves_resolution_contract	16
tests/test_model_capabilities.py::test_exclude_unset_serialization_preserves_provenance_on_reload	16
tests/test_model_capabilities.py::test_resolved_profile_exposes_model_and_source_for_observability	16
tests/test_model_capabilities.py::test_resolution_logging_is_deduplicated_per_model_source_pair	16
tests/test_model_evidence_hardening_001.py::test_planner_outcomes_are_typed[valid]	16
tests/test_model_evidence_hardening_001.py::test_planner_outcomes_are_typed[malformed_json]	16
tests/test_model_evidence_hardening_001.py::test_planner_outcomes_are_typed[schema_invalid]	16
tests/test_model_evidence_hardening_001.py::test_planner_outcomes_are_typed[invalid_structure]	16
tests/test_model_evidence_hardening_001.py::test_planner_outcomes_are_typed[policy_route]	16
tests/test_model_evidence_hardening_001.py::test_planner_outcomes_are_typed[policy_grounded]	16
tests/test_model_evidence_hardening_001.py::test_planner_outcomes_are_typed[other_typed]	16
tests/test_model_evidence_hardening_001.py::test_planner_outcomes_are_typed[unmapped]	16
tests/test_model_evidence_hardening_001.py::test_planner_outcomes_are_typed[mixed_invalid_wins]	16
tests/test_model_evidence_hardening_001.py::test_planner_outcomes_are_typed[mixed_malformed_wins]	16
tests/test_model_evidence_hardening_001.py::test_the_model_eval_run3_failure_is_negative_planner_evidence	16
tests/test_model_evidence_hardening_001.py::test_a_policy_rejection_is_recorded_but_is_not_a_model_fault	16
tests/test_model_evidence_hardening_001.py::test_every_planner_rejection_code_is_classified	16
tests/test_model_evidence_hardening_001.py::test_the_four_classes_do_not_overlap	16
tests/test_model_evidence_hardening_001.py::test_legacy_completeness_classifications_are_typed[complete-valid]	16
tests/test_model_evidence_hardening_001.py::test_legacy_completeness_classifications_are_typed[incomplete_truncated-malformed_output]	16
tests/test_model_evidence_hardening_001.py::test_legacy_completeness_classifications_are_typed[schema_invalid-structured_validation_failure]	16
tests/test_model_evidence_hardening_001.py::test_legacy_completeness_classifications_are_typed[unauthorized_path-structured_validation_failure]	16
tests/test_model_evidence_hardening_001.py::test_legacy_completeness_classifications_are_typed[something_new-other_failure]	16
tests/test_model_evidence_hardening_001.py::test_an_outcome_is_charged_to_the_model_that_answered	16
tests/test_model_evidence_hardening_001.py::test_no_metrics_means_nothing_is_recorded	16
tests/test_model_evidence_hardening_001.py::test_structured_counters_reach_the_routing_table_and_old_rows_read_zero	16
tests/test_model_evidence_hardening_001.py::test_enforce_records_one_outcome_per_planner_response_and_writes_the_failure	16
tests/test_model_evidence_hardening_001.py::test_a_planning_failure_writes_its_calls_status_and_reason_exactly_once	22
tests/test_model_evidence_hardening_001.py::test_the_enforce_row_never_claims_success_it_did_not_have_and_is_not_a_run_record	19
tests/test_model_evidence_hardening_001.py::test_an_enforce_run_without_a_kernel_writes_nothing	19
tests/test_model_evidence_hardening_001.py::test_a_trace_write_failure_is_reported_not_raised	19
tests/test_model_evidence_hardening_001.py::test_a_legacy_planner_rejection_row_carries_the_planner_calls_and_outcomes	22
tests/test_model_evidence_hardening_001.py::test_milestone_planning_reports_its_calls_whatever_the_outcome	25
tests/test_model_evidence_hardening_001.py::test_every_unknown_says_why[call_failed]	25
tests/test_model_evidence_hardening_001.py::test_every_unknown_says_why[request_refused]	25
tests/test_model_evidence_hardening_001.py::test_every_unknown_says_why[unparseable]	25
tests/test_model_evidence_hardening_001.py::test_every_unknown_says_why[verdicts_not_a_list]	25
tests/test_model_evidence_hardening_001.py::test_every_unknown_says_why[no_verdicts_key]	25
tests/test_model_evidence_hardening_001.py::test_every_unknown_says_why[empty_list]	25
tests/test_model_evidence_hardening_001.py::test_malformed_no_verdict_and_genuine_insufficient_evidence_are_distinguishable	25
tests/test_model_evidence_hardening_001.py::test_a_missing_claim_about_general_prose_and_a_suppressed_claim_say_so	25
tests/test_model_evidence_hardening_001.py::test_a_requirement_without_any_verdict_is_pending_not_yet_verified	25
tests/test_model_evidence_hardening_001.py::test_a_two_element_verdict_still_gets_its_outcomes_default_reason	25
tests/test_model_evidence_hardening_001.py::test_the_verifier_names_why_it_has_no_verdict_and_who_judged[call_failed]	25
tests/test_model_evidence_hardening_001.py::test_the_verifier_names_why_it_has_no_verdict_and_who_judged[budget_refused]	25
tests/test_model_evidence_hardening_001.py::test_the_verifier_names_why_it_has_no_verdict_and_who_judged[unparseable]	25
tests/test_model_evidence_hardening_001.py::test_the_verifier_names_why_it_has_no_verdict_and_who_judged[not_an_object]	25
tests/test_model_evidence_hardening_001.py::test_a_normal_verdict_names_the_verifier	25
tests/test_model_evidence_hardening_001.py::test_enforce_verdict_reasons_survive_into_the_ledger_result_and_trace	19
tests/test_model_evidence_hardening_001.py::test_direct_path_verdict_event_carries_the_reasons	19
tests/test_model_evidence_hardening_final.py::test_a_fallback_executes_with_its_own_settings_not_the_primarys	16
tests/test_model_evidence_hardening_final.py::test_a_model_override_alone_never_inherits_the_primarys_sampling	16
tests/test_model_evidence_hardening_final.py::test_the_qualification_lookup_matches_the_executed_identity_and_follows_changes	16
tests/test_model_evidence_hardening_final.py::test_one_runtime_called_with_different_settings_has_separate_metric_buckets	16
tests/test_model_evidence_hardening_final.py::test_identical_identities_aggregate_and_different_ones_never_merge	16
tests/test_model_evidence_hardening_final.py::test_a_pre_identity_row_matches_no_candidate	16
tests/test_model_evidence_hardening_final.py::test_routing_never_ranks_on_another_identitys_metrics	16
tests/test_model_evidence_hardening_final.py::test_an_attempt_outcome_is_charged_to_the_identity_that_generated_it	16
tests/test_model_evidence_hardening_final.py::test_an_exception_after_a_planner_call_keeps_the_call_and_the_reason	21
tests/test_model_evidence_hardening_final.py::test_an_enforce_run_that_raises_records_its_row_and_still_raises	21
tests/test_model_evidence_hardening_final.py::test_shadow_planner_outcomes_are_typed_and_stay_out_of_the_planner_bucket[parse0-structured_validation_failures]	16
tests/test_model_evidence_hardening_final.py::test_shadow_planner_outcomes_are_typed_and_stay_out_of_the_planner_bucket[parse1-structured_malformed]	16
tests/test_model_evidence_hardening_final.py::test_a_policy_rejected_shadow_plan_is_distinct_from_a_malformed_one	16
tests/test_model_evidence_hardening_final.py::test_milestone_planner_responses_are_typed_once_each[malformed]	16
tests/test_model_evidence_hardening_final.py::test_milestone_planner_responses_are_typed_once_each[validation_failures]	16
tests/test_model_evidence_hardening_final.py::test_milestone_planner_responses_are_typed_once_each[repaired]	16
tests/test_model_qual_identity_001.py::test_a_behaviour_affecting_setting_changes_the_identity[reasoning_effort]	16
tests/test_model_qual_identity_001.py::test_a_behaviour_affecting_setting_changes_the_identity[reasoning_effort_absent]	16
tests/test_model_qual_identity_001.py::test_a_behaviour_affecting_setting_changes_the_identity[temperature]	16
tests/test_model_qual_identity_001.py::test_a_behaviour_affecting_setting_changes_the_identity[top_p]	16
tests/test_model_qual_identity_001.py::test_a_behaviour_affecting_setting_changes_the_identity[seed]	16
tests/test_model_qual_identity_001.py::test_a_behaviour_affecting_setting_changes_the_identity[reasoning_flag]	16
tests/test_model_qual_identity_001.py::test_a_behaviour_affecting_setting_changes_the_identity[requested_top_k]	16
tests/test_model_qual_identity_001.py::test_a_seed_change_changes_the_identity	16
tests/test_model_qual_identity_001.py::test_identical_effective_settings_are_the_same_identity[key_order]	16
tests/test_model_qual_identity_001.py::test_identical_effective_settings_are_the_same_identity[num_ctx]	16
tests/test_model_qual_identity_001.py::test_identical_effective_settings_are_the_same_identity[integral_float]	16
tests/test_model_qual_identity_001.py::test_identical_effective_settings_are_the_same_identity[think_false]	16
tests/test_model_qual_identity_001.py::test_identical_effective_settings_are_the_same_identity[effort_implicit_none]	16
tests/test_model_qual_identity_001.py::test_a_served_sampling_parameter_is_runtime_identity	16
tests/test_model_qual_identity_001.py::test_empty_options_equal_absent_options_equal_no_extra_body	16
tests/test_model_qual_identity_001.py::test_the_output_budget_is_metadata_not_identity	16
tests/test_model_qual_identity_001.py::test_role_temperatures_follow_what_each_role_sends	16
tests/test_model_qual_identity_001.py::test_each_roles_real_call_sends_its_resolved_identity	16
tests/test_model_qual_identity_001.py::test_an_explicit_role_binding_sends_its_own_temperature	16
tests/test_model_qual_identity_001.py::test_a_record_qualifies_only_its_own_inference_identity	16
tests/test_model_qual_identity_001.py::test_a_record_names_its_identity_and_keeps_the_output_ceiling_as_metadata	16
tests/test_model_qual_identity_001.py::test_an_old_policy_record_is_stale_never_missing_and_never_reused	16
tests/test_model_qual_identity_001.py::test_a_declared_tier_is_offered_only_while_no_qualification_data_exists	16
tests/test_model_qual_identity_001.py::test_no_tier_is_ever_offered_through_the_openai_compatible_v1	16
tests/test_model_qual_identity_001.py::test_an_old_not_qualified_64k_record_keeps_the_declared_tier_out	16
tests/test_model_qual_identity_001.py::test_a_tier_qualified_under_other_settings_is_not_offered	16
tests/test_model_qual_identity_001.py::test_qualification_sends_the_identity_it_records	16
tests/test_model_qual_identity_001.py::test_run_qualification_keys_the_record_by_the_developer_identity_by_default	16
tests/test_model_qual_identity_001.py::test_cli_qualify_qualifies_every_distinct_role_identity	16
tests/test_model_qual_identity_001.py::test_routing_never_consumes_a_qualification_from_another_inference_identity	16
tests/test_model_qual_identity_001.py::test_the_resume_fingerprint_binds_each_roles_inference_settings	16
tests/test_model_qual_identity_001.py::test_tokenizer_floors_are_runtime_scoped_so_allocation_and_dispatch_agree	16
tests/test_model_qual_identity_001.py::test_an_old_policy_record_contributes_no_tokenizer_floor	16
tests/test_obligations.py::test_authority_precedence_order	16
tests/test_obligations.py::test_record_returns_none_for_first_record	16
tests/test_obligations.py::test_record_returns_none_when_status_improves	16
tests/test_obligations.py::test_record_detects_regression_same_authority	16
tests/test_obligations.py::test_record_does_not_prevent_the_transition	16
tests/test_obligations.py::test_record_detects_regression_from_higher_authority	16
tests/test_obligations.py::test_record_does_not_flag_regression_from_lower_authority	16
tests/test_obligations.py::test_authoritative_state_deterministic_satisfied_survives_later_judgment_violated	16
tests/test_obligations.py::test_authoritative_state_judgment_satisfied_overridden_by_later_deterministic_violated	16
tests/test_obligations.py::test_authoritative_state_ignores_any_number_of_repeated_lower_authority_records	16
tests/test_obligations.py::test_authoritative_state_same_authority_as_established_can_still_update	16
tests/test_obligations.py::test_detect_oscillation_true_for_violated_satisfied_violated	16
tests/test_obligations.py::test_detect_oscillation_false_for_monotonic_progress	16
tests/test_obligations.py::test_detect_oscillation_true_with_repeated_intermediate_status	16
tests/test_obligations.py::test_satisfied_and_violated_ids_reflect_current_state_only	16
tests/test_obligations.py::test_current_by_kind_filters_correctly	16
tests/test_obligations.py::test_history_preserves_full_revision_order	16
tests/test_obligations.py::test_unresolved_terminal_obligations_finds_only_unsatisfied_terminal_required	16
tests/test_obligations.py::test_unresolved_terminal_obligations_includes_pending	16
tests/test_obligations.py::test_unresolved_terminal_obligations_includes_indeterminate	16
tests/test_obligations.py::test_unresolved_terminal_obligations_empty_when_all_satisfied	16
tests/test_obligations.py::test_relevant_for_preservation_includes_just_fixed_obligation	16
tests/test_obligations.py::test_relevant_for_preservation_includes_previously_regressed_obligation	16
tests/test_obligations.py::test_relevant_for_preservation_includes_unrelated_satisfied_obligation	16
tests/test_obligations.py::test_relevant_for_preservation_scoped_to_kind	16
tests/test_oci_daemon_probe.py::test_an_unreachable_daemon_is_backend_unavailable[-Cannot connect to the Docker daemon at unix:///x.sock. Is the docker daemon running?-0]	16
tests/test_oci_daemon_probe.py::test_an_unreachable_daemon_is_backend_unavailable[\n--0]	16
tests/test_oci_daemon_probe.py::test_an_unreachable_daemon_is_backend_unavailable[-permission denied-1]	16
tests/test_oci_daemon_probe.py::test_a_daemon_reporting_its_version_is_reachable	16
tests/test_outbound_lookup.py::test_public_dependency_coordinates_and_versions_are_allowed	16
tests/test_outbound_lookup.py::test_source_paths_code_and_diagnostics_are_rejected[src/main/java/com/acme/SecretService.java]	16
tests/test_outbound_lookup.py::test_source_paths_code_and_diagnostics_are_rejected[CustomerTier.STANDARD: Decimal("0.00"),]	16
tests/test_outbound_lookup.py::test_source_paths_code_and_diagnostics_are_rejected[java.lang.IllegalStateException\n\tat com.acme.Application.run(Application.java:42)]	16
tests/test_outbound_lookup.py::test_source_paths_code_and_diagnostics_are_rejected[<dependency><groupId>com.acme</groupId></dependency>]	16
tests/test_outbound_lookup.py::test_canonical_local_evidence_cannot_be_used_as_lookup_terms	16
tests/test_outbound_lookup.py::test_unknown_term_requires_explicit_public_declaration_for_auto_approval	16
tests/test_performance_telemetry.py::test_pt02_llm_call_metrics_map_exactly_from_server_usage	16
tests/test_performance_telemetry.py::test_pt02_llm_call_metrics_marks_estimated_when_server_reports_no_usage	16
tests/test_performance_telemetry.py::test_pt02_llm_call_metrics_is_none_after_a_failed_call	16
tests/test_performance_telemetry.py::test_pt05_validator_timing_records_kind_duration_and_success	16
tests/test_performance_telemetry.py::test_pt03_multiple_developer_attempts_are_recorded_in_order_with_metrics	16
tests/test_performance_telemetry.py::test_pt04_candidate_independent_diagnostic_metrics_positive_case	16
tests/test_performance_telemetry.py::test_pt04_candidate_independent_diagnostic_metrics_negative_control	16
tests/test_performance_telemetry.py::test_pt01_telemetry_does_not_change_outcome_or_authorized_writes	16
tests/test_performance_telemetry.py::test_pt08_generation_metrics_serializes_with_no_prompt_or_source_content	16
tests/test_pinned_images.py::test_the_manifest_names_every_pinned_image_a_certification_tier_uses	16
tests/test_pinned_images.py::test_an_unpinned_manifest_entry_is_refused	16
tests/test_pinned_images.py::test_verify_passes_only_for_the_exact_digest_and_never_pulls	16
tests/test_pinned_images.py::test_pull_fetches_a_missing_image_by_digest_then_verifies	16
tests/test_pinned_images.py::test_no_docker_is_unavailable_and_bad_arguments_are_refused	16
tests/test_plan_obligation_superseded.py::test_a_requirement_dropped_by_the_repaired_draft_no_longer_blocks_the_terminal_gate	16
tests/test_plan_obligation_superseded.py::test_a_draft_that_plans_the_element_again_makes_it_terminal_again	16
tests/test_plan_obligation_superseded.py::test_a_dropped_unknown_invariant_reference_is_retired_too	16
tests/test_plan_obligation_superseded.py::test_a_still_planned_integration_stays_pending_and_terminal_across_drafts	16
tests/test_plan_obligation_superseded.py::test_a_dropped_integration_is_retired	16
tests/test_plan_obligation_superseded.py::test_obligations_from_other_sources_are_never_retired_by_plan_validation	16
tests/test_plan_obligation_superseded.py::test_a_satisfied_requirement_dropped_later_still_raises_its_regression	16
tests/test_plan_obligation_superseded.py::test_a_satisfied_record_of_a_dropped_element_is_left_untouched	16
tests/test_plan_schema.py::test_planned_file_rejects_absolute_path	16
tests/test_plan_schema.py::test_planned_file_rejects_path_traversal	16
tests/test_plan_schema.py::test_planned_file_rejects_blank_path	16
tests/test_plan_schema.py::test_planned_file_accepts_a_real_relative_path	16
tests/test_plan_schema.py::test_planned_file_rejects_glob_wildcard_path	16
tests/test_plan_schema.py::test_planned_file_rejects_single_star_wildcard_path	16
tests/test_plan_schema.py::test_planned_file_rejects_bracket_glob_path	16
tests/test_plan_schema.py::test_planned_file_rejects_directory_path	16
tests/test_plan_schema.py::test_planned_file_rejects_directory_path_with_backslash_separator	16
tests/test_plan_schema.py::test_planned_file_accepts_a_real_file_nested_under_a_would_be_directory_name	16
tests/test_plan_schema.py::test_verification_method_tool_requires_tool_name	16
tests/test_plan_schema.py::test_verification_method_judgment_must_not_set_tool_name	16
tests/test_plan_schema.py::test_verification_method_tool_with_tool_name_is_valid	16
tests/test_plan_schema.py::test_verification_method_explicitly_declares_runtime_execution_requirement	16
tests/test_plan_schema.py::test_test_runtime_means_test_process_not_application_runtime	16
tests/test_plan_schema.py::test_application_runtime_verifier_explicitly_requires_application_execution	16
tests/test_plan_schema.py::test_application_runtime_verifier_self_heals_requires_runtime_execution	16
tests/test_plan_schema.py::test_non_runtime_verifier_is_never_touched_by_the_self_heal	16
tests/test_plan_schema.py::test_directly_executable_runtime_verifiers_matches_a_self_healed_entry	16
tests/test_plan_schema.py::test_has_evidence_producer_true_for_application_runtime_with_runtime_true	16
tests/test_plan_schema.py::test_has_evidence_producer_true_for_compile_tool	16
tests/test_plan_schema.py::test_has_evidence_producer_false_for_judgment_with_no_runtime_and_no_tool	16
tests/test_plan_schema.py::test_has_evidence_producer_true_after_application_runtime_self_heal	16
tests/test_plan_schema.py::test_has_evidence_producer_false_for_type_tool_application_runtime	16
tests/test_plan_schema.py::test_judgment_verification_with_tool_name_is_rejected_at_construction	16
tests/test_plan_schema.py::test_acceptance_criterion_blank_id_rejected	16
tests/test_plan_schema.py::test_acceptance_criterion_tool_method_requires_tool_name	16
tests/test_plan_schema.py::test_acceptance_criterion_judgment_method_must_not_set_tool_name	16
tests/test_plan_schema.py::test_acceptance_criterion_defaults_to_judgment	16
tests/test_plan_schema.py::test_subtask_blank_id_rejected	16
tests/test_plan_schema.py::test_subtask_tool_execution_requires_tool_name	16
tests/test_plan_schema.py::test_subtask_model_execution_must_not_set_tool_name	16
tests/test_plan_schema.py::test_subtask_model_execution_must_not_set_tool_arguments	16
tests/test_plan_schema.py::test_subtask_cannot_depend_on_itself	16
tests/test_plan_schema.py::test_subtask_rejects_duplicate_dependency	16
tests/test_plan_schema.py::test_subtask_valid_tool_subtask	16
tests/test_plan_schema.py::test_subtask_valid_model_subtask_with_dependency	16
tests/test_plan_schema.py::test_subtask_semantic_contract_metadata_round_trips	16
tests/test_plan_schema.py::test_global_invariant_rejects_blank_id	16
tests/test_plan_schema.py::test_global_invariant_rejects_blank_statement	16
tests/test_plan_schema.py::test_engineering_plan_rejects_duplicate_global_invariant_ids	16
tests/test_plan_schema.py::test_subtask_execution_role_defaults_to_implementation	16
tests/test_plan_schema.py::test_subtask_verification_role_accepts_zero_planned_files	16
tests/test_plan_schema.py::test_subtask_verification_role_rejects_planned_files	16
tests/test_plan_schema.py::test_subtask_verification_role_requires_at_least_one_verifier	16
tests/test_plan_schema.py::test_engineering_plan_rejects_blank_plan_id	16
tests/test_plan_schema.py::test_engineering_plan_rejects_zero_subtasks	16
tests/test_plan_schema.py::test_engineering_plan_subtask_by_id_found_and_missing	16
tests/test_plan_schema.py::test_engineering_plan_resolves_only_unique_file_owner	16
tests/test_plan_schema.py::test_engineering_plan_content_hash_is_stable_and_deterministic	16
tests/test_plan_schema.py::test_engineering_plan_content_hash_changes_with_content	16
tests/test_plan_schema.py::test_build_engineering_plan_returns_none_for_zero_subtasks	16
tests/test_plan_schema.py::test_build_engineering_plan_supplies_plan_id_and_kind_from_caller_not_output	16
tests/test_plan_schema.py::test_classify_file_ownership_current_for_sequential_co_owner	16
tests/test_plan_schema.py::test_classify_file_ownership_future_ordered_for_not_yet_reached_owner	16
tests/test_plan_schema.py::test_classify_file_ownership_current_at_the_owning_stage	16
tests/test_plan_schema.py::test_classify_file_ownership_past_ordered_for_completed_predecessor	16
tests/test_plan_schema.py::test_classify_file_ownership_unowned_when_no_subtask_declares_the_path	16
tests/test_plan_schema.py::test_classify_file_ownership_unrelated_for_parallel_unordered_owners	16
tests/test_plan_schema.py::test_classify_requirement_ownership_current_when_sole_claimant	16
tests/test_plan_schema.py::test_classify_requirement_ownership_future_ordered_for_a_real_downstream_claimant	16
tests/test_plan_schema.py::test_classify_requirement_ownership_unrelated_duplicate_does_not_defer	16
tests/test_plan_schema.py::test_classify_requirement_ownership_accidental_duplicate_on_past_owner_does_not_change_ownership	16
tests/test_plan_schema.py::test_classify_requirement_ownership_past_ordered_when_only_an_earlier_subtask_claims_it	16
tests/test_plan_schema.py::test_classify_requirement_ownership_unowned_when_nothing_claims_it	16
tests/test_plan_schema.py::test_classify_requirement_ownership_unrelated_when_current_is_not_a_claimant_either	16
tests/test_plan_validation.py::test_valid_single_subtask_plan_passes	16
tests/test_plan_validation.py::test_duplicate_subtask_id_reports_dedicated_reason_code	16
tests/test_plan_validation.py::test_depends_on_unknown_id_reports_dedicated_reason_code	16
tests/test_plan_validation.py::test_dependency_cycle_reports_dedicated_reason_code	16
tests/test_plan_validation.py::test_runtime_behavior_requires_an_application_runtime_owner	16
tests/test_plan_validation.py::test_runtime_and_test_verifiers_have_distinct_owners	16
tests/test_plan_validation.py::test_integration_provider_must_be_upstream_of_consumer	16
tests/test_plan_validation.py::test_plan_validation_enforces_authoritative_stack_contract	16
tests/test_plan_validation.py::test_stack_dependent_verification_without_any_manifest_is_rejected	16
tests/test_plan_validation.py::test_stack_dependent_verification_with_prior_manifest_provider_passes	16
tests/test_plan_validation.py::test_stack_dependent_verification_manifest_only_after_consumer_is_still_rejected	16
tests/test_plan_validation.py::test_stack_dependent_verification_satisfied_by_already_established_environment	16
tests/test_plan_validation.py::test_ordinary_verification_with_no_named_framework_is_unaffected	16
tests/test_plan_validation.py::test_planned_artifact_prerequisite_correctly_upstream_passes	16
tests/test_plan_validation.py::test_planned_artifact_prerequisite_not_declared_by_consumer_is_rejected	16
tests/test_plan_validation.py::test_planned_artifact_prerequisite_provider_not_upstream_is_rejected	16
tests/test_plan_validation.py::test_planned_artifact_prerequisite_self_satisfied_by_sole_provider_passes	16
tests/test_plan_validation.py::test_planned_artifact_prerequisite_ambiguous_provider_is_not_self_satisfied	16
tests/test_plan_validation.py::test_preserved_reference_to_an_unowned_target_is_not_a_conflict	16
tests/test_plan_validation.py::test_preserved_reference_to_a_target_also_owned_for_modification_is_rejected	16
tests/test_plan_validation.py::test_grounded_owner_merge_of_test_file_into_provider_subtask_revalidates	16
tests/test_plan_validation.py::test_ambient_java_and_maven_requirements_are_not_subtask_capabilities	16
tests/test_plan_validation.py::test_maven_manifest_owner_is_resolved_into_structured_prerequisite_evidence	16
tests/test_plan_validation.py::test_authoritative_validation_rejects_model_subtask_without_planned_files	16
tests/test_plan_validation.py::test_authoritative_validation_exempts_verification_role_from_missing_planned_files	16
tests/test_plan_validation.py::test_legacy_validation_keeps_empty_model_scope_backward_compatible	16
tests/test_plan_validation.py::test_verification_only_application_runtime_passes_validation	16
tests/test_plan_validation.py::test_verification_only_compile_tool_passes_validation	16
tests/test_plan_validation.py::test_verification_only_judgment_no_runtime_no_tool_is_rejected	16
tests/test_plan_validation.py::test_mixed_compile_and_unresolved_judgment_still_rejected	16
tests/test_plan_validation.py::test_application_runtime_runtime_omitted_self_heals_and_validation_passes	16
tests/test_plan_validation.py::test_acceptance_criterion_judgment_entry_is_not_a_terminal_verification_requirement	16
tests/test_plan_validation.py::test_evidence_path_check_not_enforced_without_require_model_planned_files	16
tests/test_plan_validation.py::test_repaired_verification_requirement_converts_to_executable_and_validation_passes	16
tests/test_plan_validation.py::test_semantic_requirement_requires_provider_dependency_edge	16
tests/test_plan_validation.py::test_semantic_requirement_accepts_unique_provider_with_dependency_edge	16
tests/test_plan_validation.py::test_subtask_referencing_unknown_global_invariant_id_is_an_error	16
tests/test_plan_validation.py::test_compound_global_invariant_referenced_by_multiple_subtasks_is_valid	16
tests/test_plan_validation.py::test_subtask_with_no_relevant_global_invariants_still_flagged_missing	16
tests/test_plan_validation.py::test_invariant_reference_obligation_recorded_violated_then_satisfied	16
tests/test_plan_validation.py::test_planned_file_has_exactly_one_owner	16
tests/test_plan_validation.py::test_planned_file_with_dependency_ordered_co_owners_is_not_ambiguous	16
tests/test_plan_validation.py::test_planned_file_with_only_partially_ordered_co_owners_is_still_ambiguous	16
tests/test_plan_validation.py::test_unknown_depends_on_reference_is_an_error	16
tests/test_plan_validation.py::test_dependency_cycle_is_detected	16
tests/test_plan_validation.py::test_acyclic_diamond_dependency_graph_passes	16
tests/test_plan_validation.py::test_modify_action_on_a_nonexistent_file_is_an_error	16
tests/test_plan_validation.py::test_create_action_on_a_nonexistent_file_is_fine	16
tests/test_plan_validation.py::test_modify_action_on_an_existing_file_is_fine	16
tests/test_plan_validation.py::test_uncovered_acceptance_criterion_is_an_error	16
tests/test_plan_validation.py::test_subtask_referencing_unknown_acceptance_criterion_is_an_error	16
tests/test_plan_validation.py::test_covered_acceptance_criterion_passes	16
tests/test_plan_validation.py::test_enhancement_plan_requires_extension_points	16
tests/test_plan_validation.py::test_milestone_plan_requires_extension_points	16
tests/test_plan_validation.py::test_milestone_plan_on_a_genuinely_empty_workspace_does_not_require_extension_points	16
tests/test_plan_validation.py::test_enhancement_plan_on_a_genuinely_empty_workspace_does_not_require_extension_points	16
tests/test_plan_validation.py::test_milestone_plan_resuming_own_established_progress_does_not_require_extension_points	16
tests/test_plan_validation.py::test_milestone_plan_not_resuming_still_requires_extension_points_on_non_empty_workspace	16
tests/test_plan_validation.py::test_milestone_plan_with_real_extension_points_is_valid_even_on_a_non_empty_workspace	16
tests/test_plan_validation.py::test_task_plan_does_not_require_extension_points	16
tests/test_plan_validation.py::test_refactor_plan_requires_refactor_baseline	16
tests/test_plan_validation.py::test_refactor_plan_with_baseline_passes	16
tests/test_plan_validation.py::test_unregistered_tool_name_on_subtask_is_rejected	16
tests/test_plan_validation.py::test_registered_tool_name_on_subtask_passes	16
tests/test_plan_validation.py::test_available_tool_names_none_skips_tool_registry_check_entirely	16
tests/test_plan_validation.py::test_unregistered_tool_name_in_verification_method_is_rejected	16
tests/test_plan_validation.py::test_unregistered_tool_name_in_acceptance_criterion_is_rejected	16
tests/test_plan_validation.py::test_planned_file_outside_supplied_context_is_rejected	16
tests/test_plan_validation.py::test_planned_file_inside_supplied_context_passes	16
tests/test_plan_validation.py::test_context_files_none_skips_that_check_entirely	16
tests/test_plan_validation.py::test_duplicate_subtask_ids_are_rejected	16
tests/test_plan_validation.py::test_risk_recomputation_skipped_when_route_and_triage_service_not_both_supplied	16
tests/test_plan_validation.py::test_risk_recomputation_calls_triage_service_with_real_touched_files	16
tests/test_plan_validation.py::test_run8_both_constraints_initially_violated	16
tests/test_plan_validation.py::test_run8_repair_fixes_one_constraint_and_records_it_satisfied	16
tests/test_plan_validation.py::test_run8_regression_detected_and_next_repair_receives_both_conditions	16
tests/test_plan_validation.py::test_plan_structural_obligations_carry_owner_and_terminal_required	16
tests/test_plan_validation.py::test_must_preserve_includes_just_fixed_obligation_ahead_of_next_repair	16
tests/test_plan_validation.py::test_unresolved_terminal_obligations_empty_once_plan_fully_valid	16
tests/test_plan_validation.py::test_integration_relationship_unknown_subtask_id_is_an_error	16
tests/test_plan_validation.py::test_valid_integration_relationship_seeds_pending_terminal_obligation	16
tests/test_plan_validation.py::test_revalidating_the_same_plan_does_not_clobber_a_settled_integration_status	16
tests/test_plan_validation.py::test_canonicalize_corrects_modify_to_create_for_nonexistent_file	16
tests/test_plan_validation.py::test_canonicalize_corrects_create_to_modify_for_existing_file	16
tests/test_plan_validation.py::test_canonicalize_leaves_already_correct_actions_unchanged	16
tests/test_plan_validation.py::test_canonicalize_never_touches_delete_even_when_path_missing	16
tests/test_plan_validation.py::test_canonicalize_does_not_leak_correction_across_repeated_calls_on_the_same_input	16
tests/test_plan_validation.py::test_canonicalize_then_validate_plan_closes_run10_incident_without_repair	16
tests/test_plan_validation.py::test_correctly_wired_requires_records_satisfied	16
tests/test_plan_validation.py::test_unprovided_requirement_records_violated	16
tests/test_plan_validation.py::test_missing_depends_on_edge_records_violated	16
tests/test_plan_validation.py::test_unambiguous_provides_records_satisfied	16
tests/test_plan_validation.py::test_ambiguous_provides_records_violated_with_no_single_owner	16
tests/test_plan_validation.py::test_requirement_silently_dropped_between_revisions_is_recorded_violated	16
tests/test_plan_validation.py::test_requirement_still_present_is_not_spuriously_flagged_as_dropped	16
tests/test_plan_validation.py::test_capability_silently_dropped_from_every_provides_is_recorded_violated	16
tests/test_plan_validation.py::test_ambiguous_capability_error_text_names_every_provider_subtask	16
tests/test_planner_robust_001_repair.py::test_planner_prompt_distinguishes_subtask_tool_name_from_verification_tool_name	16
tests/test_planner_robust_001_repair.py::test_worked_example_a_is_verification_only_using_model_execution	16
tests/test_planner_robust_001_repair.py::test_worked_example_b_is_genuinely_tool_executed_with_top_level_tool_name	16
tests/test_planner_robust_001_repair.py::test_d_verification_tool_name_alone_never_satisfies_subtask_tool_name_requirement	16
tests/test_planner_robust_001_repair.py::test_a_valid_model_subtask_with_nested_verification_tool_is_accepted	16
tests/test_planner_robust_001_repair.py::test_b_valid_registered_top_level_tool_subtask_accepted_by_legacy_path	16
tests/test_planner_robust_001_repair.py::test_b_valid_registered_top_level_tool_subtask_accepted_by_workflow_controller_path	16
tests/test_planner_robust_001_repair.py::test_c_missing_top_level_tool_name_is_strictly_rejected_on_first_pass	16
tests/test_planner_robust_001_repair.py::test_e_invented_tool_name_on_first_response_rejected_by_legacy_path	16
tests/test_planner_robust_001_repair.py::test_e_invented_tool_name_on_first_response_rejected_by_workflow_controller_path	16
tests/test_planner_robust_001_repair.py::test_f_invented_tool_name_on_repaired_response_is_rejected_not_silently_accepted	16
tests/test_planner_robust_001_repair.py::test_g_runtime_registered_tool_automatically_advertised_and_accepted	16
tests/test_planner_robust_001_repair.py::test_h_absent_tool_never_advertised_and_rejected	16
tests/test_planner_robust_001_repair.py::test_i_registry_catalog_read_once_per_planning_operation	16
tests/test_planner_robust_001_repair.py::test_j_valid_first_plan_incurs_zero_repair_calls	16
tests/test_planner_robust_001_repair.py::test_k_g1_shape_recovers_via_bounded_repair_and_proceeds_to_architect	16
tests/test_planner_robust_001_repair.py::test_k_repeated_repair_failure_is_bounded_and_terminates_truthfully	16
tests/test_planner_robust_001_repair.py::test_l_repaired_response_introducing_unauthorized_path_is_rejected_not_repaired_again	16
tests/test_planner_robust_001_repair.py::test_l_repaired_response_widening_via_path_traversal_is_also_rejected	16
tests/test_planner_robust_001_repair.py::test_m_legacy_and_controller_paths_share_the_same_repair_primitives	16
tests/test_planner_robust_001_repair.py::test_m_legacy_and_controller_paths_share_the_same_tool_capability_validator	16
tests/test_planner_robust_001_repair.py::test_n_repair_prompt_no_longer_contains_obsolete_tool_subtask_claim	16
tests/test_planner_robust_001_repair.py::test_o_repair_prompt_trailer_distinguishes_subtask_tool_name_from_verification_tool_name	16
tests/test_planner_robust_001_repair.py::test_p_repair_capped_at_shared_bound	16
tests/test_planner_robust_001_repair.py::test_q_repair_call_uses_planner_stage_token_budget_not_general_max_tokens	16
tests/test_planner_robust_001_repair.py::test_r_valid_model_only_plan_with_no_tool_subtasks_is_unaffected	16
tests/test_planner_robust_001_repair.py::test_r_truncated_output_never_enters_the_repair_loop_at_all	16
tests/test_planner_robust_001_repair.py::test_s_empty_registry_advertises_no_catalog_and_rejects_non_blank_tool_name	16
tests/test_planner_robust_001_repair.py::test_s_empty_iterable_available_tool_names_is_not_the_same_as_none	16
tests/test_planner_robust_001_repair.py::test_t_multiple_registered_tools_membership_correctness	16
tests/test_planner_robust_001_repair.py::test_t_one_unregistered_name_among_multiple_registered_still_rejects	16
tests/test_planner_robust_001_repair.py::test_t_membership_check_is_case_insensitive_matching_registry_normalization	16
tests/test_planner_structured_output.py::test_empty_text_returns_none_with_a_reason	16
tests/test_planner_structured_output.py::test_no_fenced_json_block_returns_none_with_a_reason	16
tests/test_planner_structured_output.py::test_malformed_json_returns_none_with_a_reason	16
tests/test_planner_structured_output.py::test_a_well_formed_plan_parses_cleanly	16
tests/test_planner_structured_output.py::test_a_raw_json_plan_parses_without_markdown_fences	16
tests/test_planner_structured_output.py::test_a_genuinely_unfixable_shape_still_fails_cleanly	16
tests/test_planner_structured_output.py::test_tool_subtask_with_no_tool_name_and_no_scope_remains_invalid_for_plan_repair	16
tests/test_planner_structured_output.py::test_tool_subtask_with_no_tool_name_but_explicit_scope_can_downgrade_to_model	16
tests/test_planner_structured_output.py::test_model_subtask_with_a_stray_tool_name_has_it_cleared	16
tests/test_planner_structured_output.py::test_model_subtask_with_stray_tool_arguments_has_them_cleared	16
tests/test_planner_structured_output.py::test_a_genuine_tool_subtask_with_a_real_tool_name_is_left_alone	16
tests/test_planner_structured_output.py::test_self_dependency_is_removed_not_left_to_fail_validation	16
tests/test_planner_structured_output.py::test_duplicate_depends_on_is_deduplicated	16
tests/test_planner_structured_output.py::test_acceptance_criterion_tool_method_with_no_tool_name_downgrades_to_judgment	16
tests/test_planner_structured_output.py::test_subtask_verification_method_tool_with_no_tool_name_downgrades_to_judgment	16
tests/test_planner_structured_output.py::test_acceptance_criterion_test_method_with_no_tool_name_canonicalizes_to_tool	16
tests/test_planner_structured_output.py::test_acceptance_criterion_test_method_with_existing_test_tool_name_canonicalizes_to_tool	16
tests/test_planner_structured_output.py::test_acceptance_criterion_test_method_with_contradictory_tool_name_is_left_alone	16
tests/test_planner_structured_output.py::test_acceptance_criterion_unrelated_invalid_method_stays_invalid	16
tests/test_planner_structured_output.py::test_missing_execution_method_with_planned_files_and_no_tool_name_defaults_to_model	16
tests/test_planner_structured_output.py::test_missing_execution_method_with_tool_name_is_left_unresolved	16
tests/test_planner_structured_output.py::test_missing_execution_method_with_no_planned_files_and_no_execution_role_is_left_unresolved	16
tests/test_planner_structured_output.py::test_missing_execution_method_verification_role_empty_planned_files_defaults_to_model	16
tests/test_planner_structured_output.py::test_missing_execution_method_implementation_role_empty_planned_files_is_left_unresolved	16
tests/test_planner_structured_output.py::test_missing_execution_method_verification_role_with_tool_name_is_left_unresolved	16
tests/test_planner_structured_output.py::test_both_new_self_heal_cases_in_one_payload_resolve_in_a_single_parse	16
tests/test_planner_structured_output.py::test_p2_run5_attempt0_schema_shape_parses_without_a_repair_round	16
tests/test_planner_structured_output.py::test_p2_run5_attempt1_schema_shape_parses_without_a_repair_round	16
tests/test_planner_structured_output.py::test_p2_run6_attempt_schema_shape_parses_without_a_repair_round	16
tests/test_planner_structured_output.py::test_flat_string_global_invariants_are_reshaped_into_ids	16
tests/test_planner_structured_output.py::test_flat_string_global_invariants_assign_stable_sequential_ids	16
tests/test_planner_structured_output.py::test_subtask_string_with_no_matching_statement_is_left_unresolved_not_dropped	16
tests/test_planner_structured_output.py::test_already_new_shape_global_invariants_pass_through_unchanged	16
tests/test_planner_structured_output.py::test_new_shape_global_invariants_with_a_stray_old_subtask_key_still_resolves_by_id	16
tests/test_planner_structured_output.py::test_stale_compile_tool_name_on_runtime_verification_is_reshaped_to_judgment	16
tests/test_planner_structured_output.py::test_stale_test_tool_name_on_command_verification_is_reshaped_to_judgment	16
tests/test_planner_structured_output.py::test_compile_vs_test_tool_name_mismatch_is_left_alone_not_reinterpreted	16
tests/test_planner_structured_output.py::test_consistent_compile_verification_is_left_alone	16
tests/test_plat001_protected_path_identity.py::test_plat001_ascii_case_variant[GOAL.md]	16
tests/test_plat001_protected_path_identity.py::test_plat001_ascii_case_variant[Goal.MD]	16
tests/test_plat001_protected_path_identity.py::test_plat001_ascii_case_variant[gOaL.md]	16
tests/test_plat001_protected_path_identity.py::test_plat001_exact_spelling_is_still_refused	16
tests/test_plat001_protected_path_identity.py::test_plat001_unicode_normalization_and_combined_variants[cafe\u0301.md]	16
tests/test_plat001_protected_path_identity.py::test_plat001_unicode_normalization_and_combined_variants[CAFE\u0301.MD]	16
tests/test_plat001_protected_path_identity.py::test_plat001_unicode_normalization_and_combined_variants[CAF\xc9.MD]	16
tests/test_plat001_protected_path_identity.py::test_plat001_symlink_alias_is_refused_on_every_host	16
tests/test_plat001_protected_path_identity.py::test_plat001_hard_link_alias_is_refused_on_every_host	16
tests/test_plat001_protected_path_identity.py::test_plat001_non_existing_protected_leaf_folds_conservatively	16
tests/test_plat001_protected_path_identity.py::test_plat001_ordinary_files_are_unaffected	16
tests/test_plat001_protected_path_identity.py::test_plat001_unknown_identity_fails_closed	16
tests/test_plat001_protected_path_identity.py::test_plat001_decisions_create_no_file	16
tests/test_plat001_protected_path_identity.py::test_path_relation_and_identity_on_plain_paths	16
tests/test_plat001_protected_path_identity.py::test_non_existing_paths_under_different_directories_are_different	16
tests/test_plat001_protected_path_identity.py::test_an_unreadable_ancestor_makes_the_relation_unknown	16
tests/test_plat002_outside_workspace_identity.py::test_plat002_exact_and_nested_inside_paths_are_refused[authority-trust-file]	16
tests/test_plat002_outside_workspace_identity.py::test_plat002_exact_and_nested_inside_paths_are_refused[mcp-approval-store]	16
tests/test_plat002_outside_workspace_identity.py::test_plat002_exact_and_nested_inside_paths_are_refused[qualification-store]	16
tests/test_plat002_outside_workspace_identity.py::test_plat002_ascii_case_variant_of_the_workspace[WORKSPACE-authority-trust-file]	16
tests/test_plat002_outside_workspace_identity.py::test_plat002_ascii_case_variant_of_the_workspace[WORKSPACE-mcp-approval-store]	16
tests/test_plat002_outside_workspace_identity.py::test_plat002_ascii_case_variant_of_the_workspace[WORKSPACE-qualification-store]	16
tests/test_plat002_outside_workspace_identity.py::test_plat002_ascii_case_variant_of_the_workspace[workspace-authority-trust-file]	16
tests/test_plat002_outside_workspace_identity.py::test_plat002_ascii_case_variant_of_the_workspace[workspace-mcp-approval-store]	16
tests/test_plat002_outside_workspace_identity.py::test_plat002_ascii_case_variant_of_the_workspace[workspace-qualification-store]	16
tests/test_plat002_outside_workspace_identity.py::test_plat002_ascii_case_variant_of_the_workspace[wOrKsPaCe-authority-trust-file]	16
tests/test_plat002_outside_workspace_identity.py::test_plat002_ascii_case_variant_of_the_workspace[wOrKsPaCe-mcp-approval-store]	16
tests/test_plat002_outside_workspace_identity.py::test_plat002_ascii_case_variant_of_the_workspace[wOrKsPaCe-qualification-store]	16
tests/test_plat002_outside_workspace_identity.py::test_plat002_normalization_and_combined_variant[cafe\u0301.md-authority-trust-file]	16
tests/test_plat002_outside_workspace_identity.py::test_plat002_normalization_and_combined_variant[cafe\u0301.md-mcp-approval-store]	16
tests/test_plat002_outside_workspace_identity.py::test_plat002_normalization_and_combined_variant[cafe\u0301.md-qualification-store]	16
tests/test_plat002_outside_workspace_identity.py::test_plat002_normalization_and_combined_variant[CAFE\u0301.MD-authority-trust-file]	16
tests/test_plat002_outside_workspace_identity.py::test_plat002_normalization_and_combined_variant[CAFE\u0301.MD-mcp-approval-store]	16
tests/test_plat002_outside_workspace_identity.py::test_plat002_normalization_and_combined_variant[CAFE\u0301.MD-qualification-store]	16
tests/test_plat002_outside_workspace_identity.py::test_plat002_symlink_alias_of_the_workspace_is_refused[authority-trust-file]	16
tests/test_plat002_outside_workspace_identity.py::test_plat002_symlink_alias_of_the_workspace_is_refused[mcp-approval-store]	16
tests/test_plat002_outside_workspace_identity.py::test_plat002_symlink_alias_of_the_workspace_is_refused[qualification-store]	16
tests/test_plat002_outside_workspace_identity.py::test_plat002_sibling_prefix_is_outside[authority-trust-file]	16
tests/test_plat002_outside_workspace_identity.py::test_plat002_sibling_prefix_is_outside[mcp-approval-store]	16
tests/test_plat002_outside_workspace_identity.py::test_plat002_sibling_prefix_is_outside[qualification-store]	16
tests/test_plat002_outside_workspace_identity.py::test_plat002_unknown_identity_fails_closed[authority-trust-file]	16
tests/test_plat002_outside_workspace_identity.py::test_plat002_unknown_identity_fails_closed[mcp-approval-store]	16
tests/test_plat002_outside_workspace_identity.py::test_plat002_unknown_identity_fails_closed[qualification-store]	16
tests/test_plat039_trusted_control_paths.py::test_a_generation_run_never_writes_a_trusted_control_path[.kriya/policy/approved-sources.json]	16
tests/test_plat039_trusted_control_paths.py::test_a_generation_run_never_writes_a_trusted_control_path[.kriya/control/runs/forged.json]	16
tests/test_plat039_trusted_control_paths.py::test_a_generation_run_never_writes_a_trusted_control_path[.kriya/checkpoints/forged.json]	16
tests/test_plat039_trusted_control_paths.py::test_a_generation_run_never_writes_a_trusted_control_path[.git/hooks/pre-commit]	16
tests/test_plat039_trusted_control_paths.py::test_a_generation_run_never_writes_a_trusted_control_path[.git/config]	16
tests/test_plat039_trusted_control_paths.py::test_a_generation_run_never_writes_a_trusted_control_path[.GIT/hooks/post-checkout]	16
tests/test_plat039_trusted_control_paths.py::test_a_generation_run_never_writes_a_trusted_control_path[.Kriya/control/runs/forged.json]	16
tests/test_plat039_trusted_control_paths.py::test_the_writer_refuses_every_trusted_control_path[.git]	16
tests/test_plat039_trusted_control_paths.py::test_the_writer_refuses_every_trusted_control_path[.git/config]	16
tests/test_plat039_trusted_control_paths.py::test_the_writer_refuses_every_trusted_control_path[.git/hooks/pre-commit]	16
tests/test_plat039_trusted_control_paths.py::test_the_writer_refuses_every_trusted_control_path[.GIT/HOOKS/x]	16
tests/test_plat039_trusted_control_paths.py::test_the_writer_refuses_every_trusted_control_path[.kriya]	16
tests/test_plat039_trusted_control_paths.py::test_the_writer_refuses_every_trusted_control_path[.kriya/control/runs/x.json]	16
tests/test_plat039_trusted_control_paths.py::test_the_writer_refuses_every_trusted_control_path[.KRIYA/control/x]	16
tests/test_plat039_trusted_control_paths.py::test_the_writer_refuses_every_trusted_control_path[.kriya/new/deep/x]	16
tests/test_plat039_trusted_control_paths.py::test_the_writer_refuses_every_trusted_control_path[sub/../.kriya/x]	16
tests/test_plat039_trusted_control_paths.py::test_the_writer_refuses_every_trusted_control_path[vendor/lib/.git/hooks/post-checkout]	16
tests/test_plat039_trusted_control_paths.py::test_the_writer_refuses_every_trusted_control_path[vendor/lib/.GIT/config]	16
tests/test_plat039_trusted_control_paths.py::test_the_writer_refuses_every_trusted_control_path[sub/.kriya/x]	16
tests/test_plat039_trusted_control_paths.py::test_the_writer_refuses_every_trusted_control_path[caf\xe9/.Git/x]	16
tests/test_plat039_trusted_control_paths.py::test_a_worktree_style_git_file_and_missing_control_dirs_are_refused	16
tests/test_plat039_trusted_control_paths.py::test_a_symlink_alias_of_a_control_directory_is_refused	16
tests/test_plat039_trusted_control_paths.py::test_ordinary_look_alike_paths_are_not_control_paths[.github/workflows/ci.yml]	16
tests/test_plat039_trusted_control_paths.py::test_ordinary_look_alike_paths_are_not_control_paths[.gitignore]	16
tests/test_plat039_trusted_control_paths.py::test_ordinary_look_alike_paths_are_not_control_paths[.gitattributes]	16
tests/test_plat039_trusted_control_paths.py::test_ordinary_look_alike_paths_are_not_control_paths[.kriyarc]	16
tests/test_plat039_trusted_control_paths.py::test_ordinary_look_alike_paths_are_not_control_paths[.kriya-notes/x.md]	16
tests/test_plat039_trusted_control_paths.py::test_ordinary_look_alike_paths_are_not_control_paths[src/.git_helper.py]	16
tests/test_plat039_trusted_control_paths.py::test_ordinary_look_alike_paths_are_not_control_paths[docs/.kriya.md]	16
tests/test_plat039_trusted_control_paths.py::test_the_writer_refuses_before_any_byte_is_written	16
tests/test_plat039_trusted_control_paths.py::test_unknown_location_counts_as_trusted	16
tests/test_plat039_trusted_control_paths.py::test_the_terminal_commit_refuses_a_control_path_candidate[.kriya/control/runs/x.json]	16
tests/test_plat039_trusted_control_paths.py::test_the_terminal_commit_refuses_a_control_path_candidate[.git/hooks/pre-commit]	16
tests/test_plat039_trusted_control_paths.py::test_the_terminal_commit_refuses_a_control_path_candidate[.GIT/config]	16
tests/test_plat039_trusted_control_paths.py::test_the_terminal_commit_still_materializes_ordinary_files	16
tests/test_plat039_trusted_control_paths.py::test_the_control_store_writes_only_beneath_kriya	16
tests/test_plat039_trusted_control_paths.py::test_the_control_store_refuses_an_unknown_location	16
tests/test_plat039_trusted_control_paths.py::test_a_control_directory_outside_the_root_is_not_this_roots_control_path	16
tests/test_plat039_trusted_control_paths.py::test_an_unplanned_control_path_in_a_developer_answer_never_lands	16
tests/test_platform_architecture_guard.py::test_no_platform_mechanism_outside_the_platform_package_and_the_allowlist	16
tests/test_platform_architecture_guard.py::test_the_allowlist_only_shrinks_and_names_open_mechanism_migrations	16
tests/test_platform_architecture_guard.py::test_no_temporary_exception_remains	16
tests/test_platform_architecture_guard.py::test_the_guard_detects_every_forbidden_form	16
tests/test_platform_architecture_guard.py::test_kriya_core_imports_without_posix_only_modules	16
tests/test_platform_host_identity_contract.py::test_the_posix_provider_reports_the_process_identity_and_path_owner	16
tests/test_platform_host_identity_contract.py::test_the_rule_returns_the_trusted_identity_when_every_mount_is_owned	16
tests/test_platform_host_identity_contract.py::test_each_refusal_reaches_both_callers_as_their_own_typed_error[provider0-privileged]	16
tests/test_platform_host_identity_contract.py::test_each_refusal_reaches_both_callers_as_their_own_typed_error[provider1-owner_mismatch]	16
tests/test_platform_host_identity_contract.py::test_a_host_without_an_identity_provider_is_refused_by_both_callers	16
tests/test_platform_process_control_contract.py::test_the_posix_provider_reports_enforced_tree_termination_and_windows_reports_it_unavailable	16
tests/test_platform_process_control_contract.py::test_posix_attach_is_a_no_op_that_touches_nothing	16
tests/test_platform_process_control_contract.py::test_a_spawned_child_leads_its_own_session_and_process_group	16
tests/test_platform_process_control_contract.py::test_normal_completion_is_unchanged_and_kills_nothing	16
tests/test_platform_process_control_contract.py::test_run_timeout_kills_the_grandchild	16
tests/test_platform_process_control_contract.py::test_run_async_timeout_kills_the_grandchild	16
tests/test_platform_process_control_contract.py::test_managed_process_teardown_kills_the_grandchild	16
tests/test_platform_process_control_contract.py::test_mcp_spawn_and_forced_teardown_use_the_port_and_kill_the_grandchild	16
tests/test_platform_process_control_contract.py::test_a_failed_attach_kills_and_reaps_the_new_process_on_every_spawn_path	16
tests/test_platform_process_control_contract.py::test_a_failed_async_attach_is_reaped_before_the_refusal_reaches_the_caller	16
tests/test_platform_process_control_contract.py::test_when_the_provider_cannot_kill_what_it_failed_to_attach_the_direct_child_is_killed	16
tests/test_platform_process_control_contract.py::test_a_failed_attach_is_a_typed_containment_stop_that_is_not_retried	16
tests/test_platform_process_control_contract.py::test_without_tree_termination_run_starts_nothing	16
tests/test_platform_process_control_contract.py::test_without_tree_termination_async_and_managed_spawns_start_nothing	16
tests/test_platform_process_control_contract.py::test_without_tree_termination_there_is_no_direct_child_kill_fallback	16
tests/test_platform_process_control_contract.py::test_a_caller_cannot_override_the_providers_spawn_options	16
tests/test_platform_process_control_contract.py::test_terminating_an_already_exited_tree_is_not_an_error	16
tests/test_platform_release_identity.py::test_an_unchanged_host_is_current_and_the_record_carries_every_material_field	16
tests/test_platform_release_identity.py::test_a_new_revision_is_stale	16
tests/test_platform_release_identity.py::test_a_dirty_or_unversioned_record_is_never_current	16
tests/test_platform_release_identity.py::test_a_different_platform_provider_is_stale	16
tests/test_platform_release_identity.py::test_a_changed_capability_status_is_stale	16
tests/test_platform_release_identity.py::test_a_different_containment_backend_or_environment_is_stale	16
tests/test_platform_release_identity.py::test_a_tampered_record_is_stale	16
tests/test_platform_resource_limits_contract.py::test_posix_provider_reports_cpu_enforced_and_address_space_per_host[darwin-advisory]	16
tests/test_platform_resource_limits_contract.py::test_posix_provider_reports_cpu_enforced_and_address_space_per_host[linux-enforced]	16
tests/test_platform_resource_limits_contract.py::test_address_space_evidence_states_how_the_host_enforces_it[darwin-advisory]	16
tests/test_platform_resource_limits_contract.py::test_address_space_evidence_states_how_the_host_enforces_it[linux-enforced]	16
tests/test_platform_resource_limits_contract.py::test_a_jvm_plan_has_no_address_space_enforcement_claim	16
tests/test_platform_resource_limits_contract.py::test_posix_provider_applies_exactly_the_requested_limits	16
tests/test_platform_resource_limits_contract.py::test_a_host_without_a_provider_refuses_requested_limits_and_reports_unavailable	16
tests/test_platform_workspace_lock_contract.py::test_exclusive_contention_is_nonblocking_and_released	16
tests/test_platform_workspace_lock_contract.py::test_the_lock_is_released_when_the_holder_dies	16
tests/test_platform_workspace_lock_contract.py::test_the_posix_composition_reports_an_enforced_crash_safe_lock	16
tests/test_platform_workspace_lock_contract.py::test_host_family_classification[linux-posix]	16
tests/test_platform_workspace_lock_contract.py::test_host_family_classification[darwin-posix]	16
tests/test_platform_workspace_lock_contract.py::test_host_family_classification[win32-windows]	16
tests/test_platform_workspace_lock_contract.py::test_host_family_classification[cygwin-windows]	16
tests/test_platform_workspace_lock_contract.py::test_host_family_classification[freebsd14-posix]	16
tests/test_platform_workspace_lock_contract.py::test_a_host_without_a_provider_refuses_every_lock_use	16
tests/test_platform_workspace_lock_contract.py::test_run_ownership_fails_closed_without_a_provider	16
tests/test_platform_workspace_lock_contract.py::test_run_ownership_contention_still_raises_the_typed_held_error	16
tests/test_platform_workspace_lock_contract.py::test_the_doctor_reports_an_unavailable_workspace_lock	16
tests/test_platform_workspace_lock_contract.py::test_the_doctor_passes_with_an_enforced_workspace_lock	16
tests/test_plugins.py::test_plugin_discovery_and_lifecycle	16
tests/test_plugins.py::test_discover_and_load_isolates_a_broken_plugin_folder	16
tests/test_plugins_command.py::test_plugins_command_reports_initialize_failure_not_just_discovery	16
tests/test_plugins_command.py::test_plugins_command_shows_working_plugin_as_initialized	16
tests/test_plugins_command.py::test_plugins_command_reports_every_plugin_even_when_one_fails	16
tests/test_policy_approval_rules.py::test_approval_rules_stage_matches_ma2s_real_process_profiles	16
tests/test_policy_approval_rules.py::test_approval_rules_never_grants_a_bare_allow	16
tests/test_policy_approval_rules.py::test_high_risk_route_requires_approval_even_without_a_profile	16
tests/test_policy_approval_rules.py::test_low_or_medium_risk_route_has_no_opinion	16
tests/test_policy_approval_rules.py::test_process_profile_takes_precedence_over_a_non_high_route	16
tests/test_policy_approval_rules.py::test_stages_that_already_own_their_action_type_are_unaffected	16
tests/test_policy_approval_rules.py::test_publish_artifact_gets_approval_rules_coverage_despite_no_owning_stage	16
tests/test_policy_approved_sources.py::test_compute_sha256_matches_hashlib_directly	16
tests/test_policy_approved_sources.py::test_load_manifest_is_empty_for_a_workspace_with_no_approvals	16
tests/test_policy_approved_sources.py::test_load_manifest_tolerates_malformed_json_and_fails_closed	16
tests/test_policy_approved_sources.py::test_save_and_load_manifest_round_trips	16
tests/test_policy_approved_sources.py::test_promote_source_creates_manifest_and_directory	16
tests/test_policy_approved_sources.py::test_promote_source_upserts_rather_than_duplicating	16
tests/test_policy_approved_sources.py::test_promote_source_normalizes_the_path	16
tests/test_policy_approved_sources.py::test_resolve_trust_level_promotes_on_exact_hash_match	16
tests/test_policy_approved_sources.py::test_resolve_trust_level_falls_back_when_path_was_never_approved	16
tests/test_policy_approved_sources.py::test_resolve_trust_level_loses_elevated_trust_on_hash_mismatch	16
tests/test_policy_approved_sources.py::test_resolve_trust_level_never_downgrades_an_already_higher_default	16
tests/test_policy_approved_sources.py::test_resolve_trust_level_raises_from_repository_or_external_equally	16
tests/test_policy_approved_sources.py::test_resolve_trust_level_never_mutates_the_manifest	16
tests/test_policy_approved_sources.py::test_approved_source_entry_is_frozen	16
tests/test_policy_command_allowlist.py::test_allowlisted_build_test_commands_are_sandboxed	16
tests/test_policy_command_allowlist.py::test_non_allowlisted_commands_deny_with_specific_reason_code	16
tests/test_policy_command_allowlist.py::test_sudo_is_denied_unconditionally	16
tests/test_policy_command_allowlist.py::test_shell_wrapper_with_dash_c_requires_approval	16
tests/test_policy_command_allowlist.py::test_shell_invoked_without_dash_c_is_not_treated_as_a_wrapper	16
tests/test_policy_command_allowlist.py::test_command_matching_is_by_executable_basename_not_full_path	16
tests/test_policy_command_allowlist.py::test_git_read_action_type_is_untouched_by_command_allowlist_stage	16
tests/test_policy_enforcement.py::test_each_hard_enforced_reason_code_raises[COMMAND_SUDO_DENIED]	16
tests/test_policy_enforcement.py::test_each_hard_enforced_reason_code_raises[GIT_CONFIG_MUTATION_DENIED]	16
tests/test_policy_enforcement.py::test_each_hard_enforced_reason_code_raises[GIT_FORCE_PUSH_DENIED]	16
tests/test_policy_enforcement.py::test_each_hard_enforced_reason_code_raises[GIT_REMOTE_MUTATION_DENIED]	16
tests/test_policy_enforcement.py::test_each_hard_enforced_reason_code_raises[PROTECTED_REF_MUTATION_DENIED]	16
tests/test_policy_enforcement.py::test_a_deny_for_an_unlisted_reason_code_does_not_raise	16
tests/test_policy_enforcement.py::test_non_deny_decisions_never_raise_even_with_a_hard_enforced_looking_reason_code[allow]	16
tests/test_policy_enforcement.py::test_non_deny_decisions_never_raise_even_with_a_hard_enforced_looking_reason_code[allow_sandboxed]	16
tests/test_policy_enforcement.py::test_non_deny_decisions_never_raise_even_with_a_hard_enforced_looking_reason_code[require_approval]	16
tests/test_policy_enforcement.py::test_returns_the_same_policyresult_evaluate_produced_when_not_raising	16
tests/test_policy_enforcement.py::test_hard_enforced_set_is_exactly_the_documented_five	16
tests/test_policy_enforcement_adversarial.py::test_real_adversarial_command_is_denied_and_raises[sudo-prefixed command-request_kwargs0-COMMAND_SUDO_DENIED]	16
tests/test_policy_enforcement_adversarial.py::test_real_adversarial_command_is_denied_and_raises[force-push to a branch-request_kwargs1-GIT_FORCE_PUSH_DENIED]	16
tests/test_policy_enforcement_adversarial.py::test_real_adversarial_command_is_denied_and_raises[protected branch deletion via git branch -D-request_kwargs2-PROTECTED_REF_MUTATION_DENIED]	16
tests/test_policy_enforcement_adversarial.py::test_real_adversarial_command_is_denied_and_raises[protected ref deletion via git push --delete-request_kwargs3-PROTECTED_REF_MUTATION_DENIED]	16
tests/test_policy_enforcement_adversarial.py::test_real_adversarial_command_is_denied_and_raises[git config mutation-request_kwargs4-GIT_CONFIG_MUTATION_DENIED]	16
tests/test_policy_enforcement_adversarial.py::test_real_adversarial_command_is_denied_and_raises[git remote URL rewrite-request_kwargs5-GIT_REMOTE_MUTATION_DENIED]	16
tests/test_policy_enforcement_adversarial.py::test_an_ordinary_non_adversarial_command_is_not_blocked_by_this_mechanism	16
tests/test_policy_enforcement_adversarial.py::test_adversarial_sudo_command_never_actually_executes	16
tests/test_policy_errors.py::test_policy_denied_error_carries_request_and_result	16
tests/test_policy_errors.py::test_policy_denied_error_message_includes_reason_code_and_explanation	16
tests/test_policy_errors.py::test_policy_denied_error_is_a_real_exception	16
tests/test_policy_execution.py::test_stage_order_matches_ma4_design_doc_section_11	16
tests/test_policy_execution.py::test_evaluate_runs_stages_in_fixed_order_before_default_policy	16
tests/test_policy_execution.py::test_first_matching_stage_wins_and_later_stages_never_run	16
tests/test_policy_execution.py::test_malformed_request_denies_regardless_of_action_type	16
tests/test_policy_execution.py::test_well_formed_read_only_actions_default_allow	16
tests/test_policy_execution.py::test_well_formed_consequential_actions_default_deny_until_their_stage_lands	16
tests/test_policy_execution.py::test_evaluate_is_deterministic	16
tests/test_policy_execution.py::test_no_llm_or_network_module_imported_by_the_policy_engine	16
tests/test_policy_execution_sensitive_path_override.py::test_default_construction_still_uses_the_hardcoded_list	16
tests/test_policy_execution_sensitive_path_override.py::test_custom_patterns_replace_rather_than_extend_the_default_list	16
tests/test_policy_execution_sensitive_path_override.py::test_custom_patterns_actually_take_effect	16
tests/test_policy_execution_sensitive_path_override.py::test_empty_list_falls_back_to_the_default_rather_than_disabling_the_rule	16
tests/test_policy_execution_sensitive_path_override.py::test_other_stages_are_unaffected_by_the_override	16
tests/test_policy_filesystem.py::test_sensitive_paths_deny_regardless_of_workspace_context	16
tests/test_policy_filesystem.py::test_sensitive_path_denies_even_without_workspace_context	16
tests/test_policy_filesystem.py::test_write_within_workspace_is_allowed	16
tests/test_policy_filesystem.py::test_write_within_kriya_worktree_subdirectory_is_allowed	16
tests/test_policy_filesystem.py::test_write_outside_workspace_is_denied	16
tests/test_policy_filesystem.py::test_a_sibling_directory_with_a_shared_prefix_is_not_treated_as_inside	16
tests/test_policy_filesystem.py::test_read_without_workspace_context_falls_through_to_default_allow	16
tests/test_policy_filesystem.py::test_write_without_workspace_context_falls_through_to_default_deny	16
tests/test_policy_filesystem.py::test_symlinked_subdirectory_escaping_the_workspace_is_denied	16
tests/test_policy_filesystem.py::test_symlinked_subdirectory_staying_inside_the_workspace_is_allowed	16
tests/test_policy_filesystem.py::test_filesystem_stage_ignores_non_file_action_types	16
tests/test_policy_filesystem_authorized_writer.py::test_make_workspace_scope_canonicalizes_and_dedupes	16
tests/test_policy_filesystem_authorized_writer.py::test_target_inside_workspace_is_within_scope	16
tests/test_policy_filesystem_authorized_writer.py::test_target_outside_workspace_is_not_within_scope	16
tests/test_policy_filesystem_authorized_writer.py::test_sibling_directory_with_shared_prefix_is_not_within_scope	16
tests/test_policy_filesystem_authorized_writer.py::test_symlink_escape_is_not_within_scope	16
tests/test_policy_filesystem_authorized_writer.py::test_multiple_writable_roots_all_count	16
tests/test_policy_filesystem_authorized_writer.py::test_authorize_allows_a_path_inside_the_workspace	16
tests/test_policy_filesystem_authorized_writer.py::test_authorize_denies_a_path_outside_the_workspace	16
tests/test_policy_filesystem_authorized_writer.py::test_authorize_denies_a_symlink_escape	16
tests/test_policy_filesystem_authorized_writer.py::test_authorize_denies_a_real_credential_store_file	16
tests/test_policy_filesystem_authorized_writer.py::test_authorize_never_flags_a_legitimate_generated_file_with_a_sensitive_looking_name	16
tests/test_policy_filesystem_authorized_writer.py::test_authorize_denies_the_protected_goal_source_file	16
tests/test_policy_filesystem_authorized_writer.py::test_authorize_denies_a_protected_file_in_a_subdirectory	16
tests/test_policy_filesystem_authorized_writer.py::test_authorize_allows_every_other_file_when_a_path_is_protected	16
tests/test_policy_filesystem_authorized_writer.py::test_authorize_allows_goal_source_file_when_nothing_is_protected	16
tests/test_policy_filesystem_authorized_writer.py::test_authorize_denies_file_outside_validated_subtask_scope	16
tests/test_policy_filesystem_authorized_writer.py::test_authorize_allows_file_inside_validated_subtask_scope	16
tests/test_policy_filesystem_authorized_writer.py::test_authorize_treats_trailing_slash_allowlist_entry_as_same_identity_as_bare_name	16
tests/test_policy_filesystem_authorized_writer.py::test_authorize_trailing_slash_allowlist_entry_does_not_grant_directory_containment	16
tests/test_policy_filesystem_authorized_writer.py::test_authorize_dot_slash_prefixed_allowlist_entry_normalizes_safely	16
tests/test_policy_filesystem_authorized_writer.py::test_authorize_relative_traversal_target_cannot_collide_with_an_unrelated_allowlisted_file	16
tests/test_policy_filesystem_authorized_writer.py::test_commit_batch_raises_and_writes_nothing_when_the_goal_source_file_is_targeted	16
tests/test_policy_filesystem_authorized_writer.py::test_deny_all_rejects_any_write_regardless_of_allowed_relpaths	16
tests/test_policy_filesystem_authorized_writer.py::test_deny_all_rejects_even_a_path_present_in_allowed_relpaths	16
tests/test_policy_filesystem_authorized_writer.py::test_allowlist_mode_allows_listed_file	16
tests/test_policy_filesystem_authorized_writer.py::test_allowlist_mode_rejects_unlisted_file	16
tests/test_policy_filesystem_authorized_writer.py::test_unrestricted_mode_preserves_existing_behavior	16
tests/test_policy_filesystem_authorized_writer.py::test_write_scope_mode_omitted_infers_unrestricted_from_empty_allowed_relpaths	16
tests/test_policy_filesystem_authorized_writer.py::test_write_scope_mode_omitted_infers_allowlist_from_nonempty_allowed_relpaths	16
tests/test_policy_filesystem_authorized_writer.py::test_deny_all_commit_file_raises_and_writes_nothing	16
tests/test_policy_filesystem_authorized_writer.py::test_commit_file_writes_when_authorized	16
tests/test_policy_filesystem_authorized_writer.py::test_commit_file_raises_and_writes_nothing_when_denied	16
tests/test_policy_filesystem_authorized_writer.py::test_commit_batch_writes_all_when_every_target_authorized	16
tests/test_policy_filesystem_authorized_writer.py::test_commit_batch_raises_and_writes_nothing_when_one_target_is_denied	16
tests/test_policy_filesystem_authorized_writer.py::test_raise_if_denied_fails_closed_on_require_approval	16
tests/test_policy_filesystem_authorized_writer.py::test_commit_file_raises_and_writes_nothing_when_forced_require_approval	16
tests/test_policy_filesystem_authorized_writer.py::test_raise_if_denied_still_passes_allow_and_allow_sandboxed	16
tests/test_policy_git_destructive.py::test_git_read_is_unaffected_by_this_stage	16
tests/test_policy_git_destructive.py::test_force_push_variants_all_deny	16
tests/test_policy_git_destructive.py::test_force_push_denies_even_under_light_weight	16
tests/test_policy_git_destructive.py::test_protected_ref_deletion_via_push_denies	16
tests/test_policy_git_destructive.py::test_non_protected_ref_deletion_via_push_follows_the_ordinary_push_rule	16
tests/test_policy_git_destructive.py::test_protected_branch_deletion_denies_regardless_of_flag_spelling	16
tests/test_policy_git_destructive.py::test_non_protected_branch_deletion_requires_approval	16
tests/test_policy_git_destructive.py::test_push_weight_table	16
tests/test_policy_git_destructive.py::test_git_config_mutation_always_denies	16
tests/test_policy_git_destructive.py::test_git_remote_mutation_denies_for_mutating_verbs	16
tests/test_policy_git_destructive.py::test_git_remote_read_only_verb_is_not_denied_by_the_remote_mutation_rule	16
tests/test_policy_git_destructive.py::test_ordinary_git_writes_require_approval_never_a_bare_allow	16
tests/test_policy_git_destructive.py::test_command_without_a_leading_git_token_is_still_classified_correctly	16
tests/test_policy_git_destructive.py::test_exact_zero_commit_bootstrap_is_allowed_with_dedicated_reason	16
tests/test_policy_git_destructive.py::test_exact_greenfield_bootstrap_is_allowed_with_dedicated_reason	16
tests/test_policy_git_destructive.py::test_identity_free_allow_empty_commit_still_requires_approval	16
tests/test_policy_git_destructive.py::test_kriya_identity_without_allow_empty_is_not_exempt	16
tests/test_policy_git_destructive.py::test_wrong_name_is_not_exempt	16
tests/test_policy_git_destructive.py::test_wrong_email_is_not_exempt	16
tests/test_policy_git_destructive.py::test_only_name_field_is_not_exempt	16
tests/test_policy_git_destructive.py::test_only_email_field_is_not_exempt	16
tests/test_policy_git_destructive.py::test_amend_is_not_exempt	16
tests/test_policy_git_destructive.py::test_dash_a_is_not_exempt	16
tests/test_policy_git_destructive.py::test_dash_dash_all_is_not_exempt	16
tests/test_policy_git_destructive.py::test_pathspec_argument_is_not_exempt	16
tests/test_policy_git_destructive.py::test_fixup_variant_is_not_exempt	16
tests/test_policy_git_destructive.py::test_reuse_message_flag_after_commit_is_not_exempt	16
tests/test_policy_git_destructive.py::test_other_git_write_subcommands_unaffected_by_the_bootstrap_recognizer	16
tests/test_policy_git_destructive.py::test_exact_greenfield_init_is_allowed_with_dedicated_reason	16
tests/test_policy_git_destructive.py::test_bare_init_without_hooks_prefix_is_not_exempt	16
tests/test_policy_git_destructive.py::test_init_with_bare_flag_is_not_exempt	16
tests/test_policy_git_destructive.py::test_init_with_template_flag_is_not_exempt	16
tests/test_policy_git_destructive.py::test_init_with_target_directory_argument_is_not_exempt	16
tests/test_policy_injection.py::test_should_scan_only_repository_and_external	16
tests/test_policy_injection.py::test_content_above_repository_is_never_scanned_even_if_it_looks_hostile	16
tests/test_policy_injection.py::test_flags_permission_override_ignore_previous_instructions	16
tests/test_policy_injection.py::test_flags_permission_override_now_authorized	16
tests/test_policy_injection.py::test_flags_permission_override_bypass_policy	16
tests/test_policy_injection.py::test_flags_permission_override_pre_approved	16
tests/test_policy_injection.py::test_flags_secret_exfiltration_dot_env	16
tests/test_policy_injection.py::test_flags_secret_exfiltration_system_prompt	16
tests/test_policy_injection.py::test_flags_egress_authorization_send_data	16
tests/test_policy_injection.py::test_flags_scope_expansion_read_outside_workspace	16
tests/test_policy_injection.py::test_flags_scope_expansion_grant_admin_access	16
tests/test_policy_injection.py::test_flags_goal_override_ignore_users_goal	16
tests/test_policy_injection.py::test_flags_goal_override_real_goal_is	16
tests/test_policy_injection.py::test_multiple_matches_are_all_reported_not_just_the_first	16
tests/test_policy_injection.py::test_matched_text_is_capped_and_is_an_excerpt_not_the_whole_content	16
tests/test_policy_injection.py::test_scan_never_mutates_the_content	16
tests/test_policy_injection.py::test_benign_documentation_prose_is_never_flagged	16
tests/test_policy_model.py::test_policy_decision_has_exactly_four_distinct_outcomes	16
tests/test_policy_model.py::test_action_type_is_a_closed_small_vocabulary	16
tests/test_policy_model.py::test_action_request_defaults_are_all_none_or_empty	16
tests/test_policy_model.py::test_action_request_is_frozen	16
tests/test_policy_model.py::test_action_request_carries_real_engineering_route_and_process_profile	16
tests/test_policy_model.py::test_policy_result_defaults_are_safe	16
tests/test_policy_model.py::test_policy_result_is_frozen	16
tests/test_policy_network_egress.py::test_local_llm_endpoint_is_allowed	16
tests/test_policy_network_egress.py::test_non_local_llm_endpoint_is_denied_with_specific_reason_code	16
tests/test_policy_network_egress.py::test_local_plain_network_access_is_allowed	16
tests/test_policy_network_egress.py::test_non_local_plain_network_access_is_denied_with_specific_reason_code	16
tests/test_policy_network_egress.py::test_network_egress_stage_reuses_the_real_is_local_url_boundary	16
tests/test_policy_network_egress.py::test_network_egress_stage_ignores_unrelated_action_types	16
tests/test_policy_package_supply_chain.py::test_registry_package_requires_approval	16
tests/test_policy_package_supply_chain.py::test_url_or_git_source_is_denied	16
tests/test_policy_package_supply_chain.py::test_package_supply_chain_stage_ignores_other_action_types	16
tests/test_policy_package_supply_chain.py::test_extract_install_package_target_detects_pip	16
tests/test_policy_package_supply_chain.py::test_extract_install_package_target_detects_venv_qualified_pip	16
tests/test_policy_package_supply_chain.py::test_extract_install_package_target_detects_other_package_managers	16
tests/test_policy_package_supply_chain.py::test_extract_install_package_target_returns_none_for_non_install_commands	16
tests/test_policy_package_supply_chain.py::test_extract_install_package_target_returns_none_when_no_trailing_arguments	16
tests/test_policy_telemetry.py::test_scrubs_key_value_password	16
tests/test_policy_telemetry.py::test_scrubs_key_value_api_key_with_colon	16
tests/test_policy_telemetry.py::test_scrubs_bearer_token	16
tests/test_policy_telemetry.py::test_scrubs_aws_access_key_id_shape	16
tests/test_policy_telemetry.py::test_scrubs_openai_style_key_shape	16
tests/test_policy_telemetry.py::test_scrubs_github_token_shape	16
tests/test_policy_telemetry.py::test_multiple_secrets_in_one_string_all_scrubbed	16
tests/test_policy_telemetry.py::test_scrub_never_mutates_the_input	16
tests/test_policy_telemetry.py::test_sha256_hash_is_not_redacted	16
tests/test_policy_telemetry.py::test_git_commit_sha_is_not_redacted	16
tests/test_policy_telemetry.py::test_ordinary_file_path_is_not_redacted	16
tests/test_policy_telemetry.py::test_ordinary_command_is_not_redacted	16
tests/test_policy_telemetry.py::test_build_decision_record_captures_the_core_fields	16
tests/test_policy_telemetry.py::test_build_decision_record_never_carries_metadata	16
tests/test_policy_telemetry.py::test_build_decision_record_scrubs_target_and_network_target	16
tests/test_policy_telemetry.py::test_build_decision_record_caps_summary_length	16
tests/test_policy_telemetry.py::test_to_dict_is_json_serializable_and_stable	16
tests/test_policy_telemetry.py::test_record_is_frozen	16
tests/test_policy_trust.py::test_trust_levels_match_design_docs_priority_list_in_order	16
tests/test_policy_trust.py::test_platform_outranks_every_other_level	16
tests/test_policy_trust.py::test_external_outranks_nothing	16
tests/test_policy_trust.py::test_a_level_never_outranks_itself	16
tests/test_policy_trust.py::test_outranks_reflects_the_full_declared_order_pairwise	16
tests/test_policy_trust.py::test_repository_outranks_external_but_not_milestone	16
tests/test_policy_trust.py::test_trusted_content_requires_trust_level_and_source_explicitly	16
tests/test_policy_trust.py::test_trusted_content_is_frozen	16
tests/test_policy_trust.py::test_trust_level_is_an_int_enum_for_direct_ordering_comparisons	16
tests/test_polymorphic_validation.py::test_polymorphic_stack_detection	16
tests/test_polymorphic_validation.py::test_explicit_ruby_marker_precedes_residual_standalone_java	16
tests/test_polymorphic_validation.py::test_standalone_javac_ignores_contextual_files_absent_from_sandbox	16
tests/test_polymorphic_validation.py::test_polymorphic_stack_detection_unknown_for_unsupported_stack	16
tests/test_polymorphic_validation.py::test_unknown_stack_compile_check_is_honest_about_no_validation	16
tests/test_polymorphic_validation.py::test_unknown_stack_run_tests_is_honest_about_no_validation	16
tests/test_polymorphic_validation.py::test_java_compile_enrichment_respects_local_only_without_network	16
tests/test_polymorphic_validation.py::test_python_compile_check	16
tests/test_polymorphic_validation.py::test_run_app_success	16
tests/test_polymorphic_validation.py::test_run_app_nonzero_exit	16
tests/test_polymorphic_validation.py::test_run_app_timeout	16
tests/test_polymorphic_validation.py::test_run_app_timeout_kills_child_processes_too	16
tests/test_polymorphic_validation.py::test_run_app_timeout_does_not_hang_forever_if_sigkill_cannot_reap_the_process	16
tests/test_polymorphic_validation.py::test_run_app_no_command	16
tests/test_polymorphic_validation.py::test_deterministic_verification_classifier_separates_builds_from_runtime	16
tests/test_polymorphic_validation.py::test_deterministic_verification_sequence_requires_every_step_to_be_authoritative	16
tests/test_polymorphic_validation.py::test_run_app_sequence_multi_step_success	16
tests/test_polymorphic_validation.py::test_packaged_raw_java_runtime_uses_isolated_classes_and_distinguishes_invalid_input	16
tests/test_polymorphic_validation.py::test_jvm_launch_failure_is_not_valid_invalid_input_evidence	16
tests/test_polymorphic_validation.py::test_run_app_sequence_continues_after_step_failure_and_reports_it	16
tests/test_polymorphic_validation.py::test_run_app_sequence_plain_crash_output_feeds_the_real_contract_parser	16
tests/test_polymorphic_validation.py::test_run_app_sequence_stops_on_timeout	16
tests/test_polymorphic_validation.py::test_run_app_sequence_no_commands	16
tests/test_polymorphic_validation.py::test_run_app_sequence_uses_isolated_venv_interpreter_for_python	16
tests/test_polymorphic_validation.py::test_run_app_sequence_reports_pip_install_failure_without_running_commands	16
tests/test_polymorphic_validation.py::test_run_app_sequence_without_requirements_txt_uses_sys_executable	16
tests/test_polymorphic_validation.py::test_python_run_tests_resolves_src_layout_imports	16
tests/test_polymorphic_validation.py::test_python_run_tests_resolves_maven_style_invented_layout	16
tests/test_polymorphic_validation.py::test_python_run_tests_installs_requirements_into_isolated_venv_before_pytest	16
tests/test_polymorphic_validation.py::test_python_run_tests_reports_pip_install_failure_without_running_pytest	16
tests/test_polymorphic_validation.py::test_python_run_tests_skips_venv_without_requirements_txt	16
tests/test_polymorphic_validation.py::test_python_run_tests_skips_venv_for_comments_only_requirements_txt	16
tests/test_polymorphic_validation.py::test_python_run_tests_creates_venv_from_scratch_when_not_already_present	16
tests/test_polymorphic_validation.py::test_java_ruby_compile_invocation	16
tests/test_polymorphic_validation.py::test_ruby_run_tests_installs_gems_before_rspec	16
tests/test_polymorphic_validation.py::test_java_run_tests_converts_test_file_path_to_class_name_for_maven	16
tests/test_polymorphic_validation.py::test_java_run_tests_converts_test_file_path_to_class_name_for_gradle	16
tests/test_polymorphic_validation.py::test_java_run_tests_no_target_test_omits_dtest_flag	16
tests/test_polymorphic_validation.py::test_python_run_tests_multi_target_uses_separate_argv_entries_never_joined_string	16
tests/test_polymorphic_validation.py::test_python_run_tests_multi_target_list_form_equivalent_to_tuple	16
tests/test_polymorphic_validation.py::test_python_run_tests_single_string_target_unchanged_single_argv_entry	16
tests/test_polymorphic_validation.py::test_python_run_tests_multi_target_real_execution_selects_exactly_both_files	16
tests/test_polymorphic_validation.py::test_java_run_tests_multi_target_honors_only_first_target	16
tests/test_polymorphic_validation.py::test_ruby_run_tests_multi_target_extends_argv	16
tests/test_polymorphic_validation.py::test_ruby_run_tests_reports_bundle_install_failure_without_running_rspec	16
tests/test_polymorphic_validation.py::test_ruby_run_tests_skips_bundle_install_without_a_gemfile	16
tests/test_polymorphic_validation.py::test_resolve_maven_classpath_writes_and_reads_the_output_file	16
tests/test_polymorphic_validation.py::test_resolve_maven_classpath_returns_none_without_pom	16
tests/test_polymorphic_validation.py::test_resolve_maven_classpath_returns_none_on_resolution_failure	16
tests/test_polymorphic_validation.py::test_inspect_external_class_returns_public_api_via_javap	16
tests/test_polymorphic_validation.py::test_inspect_external_class_returns_none_when_classpath_unresolvable	16
tests/test_polymorphic_validation.py::test_inspect_external_class_returns_none_when_class_not_on_classpath	16
tests/test_polymorphic_validation.py::test_java_compile_check_enables_rawtypes_unchecked_lint_flags	16
tests/test_polymorphic_validation.py::test_java_compile_check_catches_maven_false_positive_when_nothing_actually_compiled	16
tests/test_polymorphic_validation.py::test_java_compile_check_trusts_maven_success_when_something_really_compiled	16
tests/test_polymorphic_validation.py::test_get_pom_reactor_modules_parses_real_declared_modules	16
tests/test_polymorphic_validation.py::test_get_pom_reactor_modules_empty_for_genuinely_single_module_pom	16
tests/test_polymorphic_validation.py::test_reactor_compile_check_succeeds_when_owning_modules_have_real_classes	16
tests/test_polymorphic_validation.py::test_reactor_compile_check_fails_when_owning_module_produced_no_classes	16
tests/test_polymorphic_validation.py::test_reactor_compile_check_scans_every_owning_module_not_just_the_first	16
tests/test_polymorphic_validation.py::test_reactor_compile_check_stale_unrelated_module_classes_do_not_grant_false_success	16
tests/test_polymorphic_validation.py::test_reactor_compile_check_does_not_require_every_module_to_produce_classes	16
tests/test_polymorphic_validation.py::test_reactor_compile_check_maven_failure_still_fails	16
tests/test_polymorphic_validation.py::test_java_compile_check_reports_missing_mvn_without_javac_fallback	16
tests/test_polymorphic_validation.py::test_run_pom_validate_catches_wrong_root_element	16
tests/test_polymorphic_validation.py::test_run_pom_validate_passes_a_valid_pom	16
tests/test_polymorphic_validation.py::test_run_pom_validate_noop_when_no_pom_exists	16
tests/test_polymorphic_validation.py::test_run_pom_validate_reports_missing_mvn_honestly	16
tests/test_polymorphic_validation.py::test_check_java_toolchain_detects_mismatch	16
tests/test_polymorphic_validation.py::test_check_java_toolchain_no_mismatch_when_versions_match	16
tests/test_polymorphic_validation.py::test_check_java_toolchain_neither_found	16
tests/test_polymorphic_validation.py::test_get_pom_dependencies_is_module_level_and_reusable	16
tests/test_polymorphic_validation.py::test_get_pom_dependencies_missing_file_returns_empty	16
tests/test_polymorphic_validation.py::test_get_pom_own_coordinate_reads_top_level_groupid_artifactid	16
tests/test_polymorphic_validation.py::test_get_pom_own_coordinate_missing_file_returns_none	16
tests/test_polymorphic_validation.py::test_java_dependency_regression	16
tests/test_polymorphic_validation.py::test_sandbox_execution_restricts_subprocess_env_by_default	16
tests/test_polymorphic_validation.py::test_sandbox_execution_disabled_uses_full_env	16
tests/test_polymorphic_validation.py::test_java_home_override_forces_subprocess_to_the_specified_jdk	16
tests/test_polymorphic_validation.py::test_java_home_override_also_applies_under_sandbox_execution	16
tests/test_polymorphic_validation.py::test_run_app_sequence_multi_package_test_file_target_hits_module_not_found	16
tests/test_prd004_commit_failure.py::test_real_concurrent_edit_between_gates_and_commit_is_structured_conflict	16
tests/test_prd004_commit_failure.py::test_missing_candidate_file_is_structured_materialization_failure	16
tests/test_prd004_commit_failure.py::test_uncertain_commit_is_recorded_uncertain_and_candidate_retained	16
tests/test_prd004_commit_failure.py::test_run_record_failure_after_successful_commit_is_persistence_error_not_exception	16
tests/test_prd005_commit_transactions.py::test_mixed_batch_fault_after_each_mutation_rolls_back_every_path[created.txt]	16
tests/test_prd005_commit_transactions.py::test_mixed_batch_fault_after_each_mutation_rolls_back_every_path[modified.txt]	16
tests/test_prd005_commit_transactions.py::test_mixed_batch_fault_after_each_mutation_rolls_back_every_path[deleted.txt]	16
tests/test_prd005_commit_transactions.py::test_mixed_batch_success_is_one_committed_result_and_preserves_mode	16
tests/test_prd005_commit_transactions.py::test_any_revision_conflict_changes_zero_paths_and_creates_no_intent	16
tests/test_prd005_commit_transactions.py::test_invalid_batch_shapes_fail_before_mutation[alias-BatchCommitError]	16
tests/test_prd005_commit_transactions.py::test_invalid_batch_shapes_fail_before_mutation[escape-BatchCommitError]	16
tests/test_prd005_commit_transactions.py::test_invalid_batch_shapes_fail_before_mutation[missing_modify-FileRevisionConflict]	16
tests/test_prd005_commit_transactions.py::test_invalid_batch_shapes_fail_before_mutation[missing_delete-BatchCommitError]	16
tests/test_prd005_commit_transactions.py::test_sigkill_leaves_uncertain_intent_and_next_commit_fails_closed	16
tests/test_prd005_commit_transactions.py::test_commit_evidence_contains_no_source_bytes	16
tests/test_prd005_commit_transactions.py::test_intent_persistence_failure_changes_nothing_and_leaves_no_trace	16
tests/test_prd005_commit_transactions.py::test_staging_failure_removes_every_staged_file_and_records_rolled_back	16
tests/test_prd005_commit_transactions.py::test_fault_before_replace_takes_effect_rolls_back[created.txt]	16
tests/test_prd005_commit_transactions.py::test_fault_before_replace_takes_effect_rolls_back[modified.txt]	16
tests/test_prd005_commit_transactions.py::test_rollback_failure_is_uncertain_not_an_ordinary_failure	16
tests/test_prd005_commit_transactions.py::test_rolled_back_evidence_write_failure_is_uncertain	16
tests/test_prd005_commit_transactions.py::test_conflict_at_any_position_changes_zero_paths[created.txt]	16
tests/test_prd005_commit_transactions.py::test_conflict_at_any_position_changes_zero_paths[modified.txt]	16
tests/test_prd005_commit_transactions.py::test_conflict_at_any_position_changes_zero_paths[deleted.txt]	16
tests/test_prd005_commit_transactions.py::test_committed_bytes_equal_verified_bytes_and_new_file_mode_is_kept	16
tests/test_prd005_commit_transactions.py::test_symlink_target_is_refused_before_mutation	16
tests/test_prd005_commit_transactions.py::test_base_path_outside_workspace_is_refused	16
tests/test_prd005_commit_transactions.py::test_empty_batch_writes_no_evidence	16
tests/test_prd005_commit_transactions.py::test_evidence_records_candidate_revisions_and_stage_prefix	16
tests/test_prd005_commit_transactions.py::test_batch_never_prunes_evidence_on_its_own	16
tests/test_prd006_candidate_workspace.py::test_production_engine_method_carries_the_coordinator_wrapper	16
tests/test_prd006_candidate_workspace.py::test_enforce_runs_subtasks_in_real_worktree_under_the_same_run	16
tests/test_prd006_candidate_workspace.py::test_unauthorized_other_workspace_is_still_refused_inside_a_run	16
tests/test_prd006_candidate_workspace.py::test_authorized_candidate_outside_the_workspace_is_accepted	16
tests/test_prd006_candidate_workspace.py::test_authorization_without_an_active_run_is_a_no_op	16
tests/test_prd006_candidate_workspace.py::test_lock_and_capability_are_released_even_if_terminal_record_write_fails	16
tests/test_prd006_candidate_workspace.py::test_possibly_mutating_tool_call_is_refused_while_workspace_is_owned	16
tests/test_prd006_candidate_workspace.py::test_read_only_tool_call_takes_no_workspace_lock	16
tests/test_prd006_candidate_workspace.py::test_workspace_lock_error_type_is_the_existing_diagnostic	16
tests/test_prd007_run_lifecycle.py::test_v1_record_with_a_commit_migrates_to_one_explicit_cycle	16
tests/test_prd007_run_lifecycle.py::test_v1_fabricated_no_changes_cycle_migrates_to_no_commit	16
tests/test_prd007_run_lifecycle.py::test_v1_interrupted_intent_stays_unsettled_after_migration	16
tests/test_prd007_run_lifecycle.py::test_unknown_or_malformed_schema_is_unsupported[payload0]	16
tests/test_prd007_run_lifecycle.py::test_unknown_or_malformed_schema_is_unsupported[payload1]	16
tests/test_prd007_run_lifecycle.py::test_unknown_or_malformed_schema_is_unsupported[payload2]	16
tests/test_prd007_run_lifecycle.py::test_unknown_or_malformed_schema_is_unsupported[payload3]	16
tests/test_prd007_run_lifecycle.py::test_unknown_or_malformed_schema_is_unsupported[payload4]	16
tests/test_prd007_run_lifecycle.py::test_unknown_or_malformed_schema_is_unsupported[payload5]	16
tests/test_prd007_run_lifecycle.py::test_every_persistent_store_is_classified	16
tests/test_prd007_run_lifecycle.py::test_commit_states_are_reachable_only_through_begin_and_settle	16
tests/test_prd007_run_lifecycle.py::test_an_unsettled_commit_cannot_be_downgraded_to_failure_or_success	16
tests/test_prd007_run_lifecycle.py::test_success_requires_a_settled_committed_cycle_or_none_at_all	16
tests/test_prd007_run_lifecycle.py::test_several_commit_cycles_summarize_truthfully	16
tests/test_prd007_run_lifecycle.py::test_stage_marker_cannot_rewrite_the_current_cycle_result	16
tests/test_prd007_run_lifecycle.py::test_annotate_cannot_touch_lifecycle_or_commit_state	16
tests/test_prd007_run_lifecycle.py::test_scan_ignores_stray_files_and_reports_unreadable_records	16
tests/test_prd007_run_lifecycle.py::test_an_unreadable_record_is_never_overwritten_as_if_absent	16
tests/test_prd007_run_lifecycle.py::test_concurrent_writer_between_check_and_write_is_a_conflict_not_a_lost_update	16
tests/test_prd007_run_lifecycle.py::test_materialized_candidate_is_byte_and_mode_exact	16
tests/test_prd007_run_lifecycle.py::test_nested_real_workspace_commits_are_each_recorded_candidate_commits_are_not	16
tests/test_prd007_run_lifecycle.py::test_later_commit_that_does_not_land_makes_the_run_partially_committed	16
tests/test_prd007_run_lifecycle.py::test_commit_is_refused_when_intent_cannot_be_persisted	16
tests/test_prd007_run_lifecycle.py::test_entry_point_records_the_resume_config_fingerprint	16
tests/test_prd007_run_lifecycle.py::test_crash_between_intent_and_result_is_recognized_and_blocks_enforce	16
tests/test_prd007_run_lifecycle.py::test_unreadable_record_blocks_enforce_but_a_stray_file_does_not	16
tests/test_prd007_run_lifecycle.py::test_enforce_controller_run_records_real_stages_and_evidence	16
tests/test_prd007_run_lifecycle.py::test_generation_workflow_terminal_apply_goes_through_the_recorded_seam	16
tests/test_prd008_commit_state_gate.py::test_gate_refuses_before_creating_a_record_and_releases_the_lock	16
tests/test_prd008_commit_state_gate.py::test_every_unsafe_prior_state_refuses_a_new_run[in-progress-evidence]	16
tests/test_prd008_commit_state_gate.py::test_every_unsafe_prior_state_refuses_a_new_run[uncertain-evidence]	16
tests/test_prd008_commit_state_gate.py::test_every_unsafe_prior_state_refuses_a_new_run[unreadable-evidence]	16
tests/test_prd008_commit_state_gate.py::test_every_unsafe_prior_state_refuses_a_new_run[unreadable-record]	16
tests/test_prd008_commit_state_gate.py::test_every_unsafe_prior_state_refuses_a_new_run[uncertain-record]	16
tests/test_prd008_commit_state_gate.py::test_every_unsafe_prior_state_refuses_a_new_run[unsettled-cycle]	16
tests/test_prd008_commit_state_gate.py::test_safe_prior_states_do_not_refuse	16
tests/test_prd008_commit_state_gate.py::test_lock_is_held_and_no_new_record_exists_while_prior_state_is_assessed	16
tests/test_prd008_commit_state_gate.py::test_workflow_engine_returns_structured_refusal_before_any_model_call	16
tests/test_prd008_commit_state_gate.py::test_controller_refuses_in_every_migration_mode_before_triage[legacy]	16
tests/test_prd008_commit_state_gate.py::test_controller_refuses_in_every_migration_mode_before_triage[shadow]	16
tests/test_prd008_commit_state_gate.py::test_controller_refuses_in_every_migration_mode_before_triage[enforce]	16
tests/test_prd008_commit_state_gate.py::test_milestones_and_undecorated_owners_raise	16
tests/test_prd008_commit_state_gate.py::test_every_cli_mutating_entry_reports_recovery_required	16
tests/test_prd008_commit_state_gate.py::test_cli_fix_prints_recovery_required	16
tests/test_prd008_commit_state_gate.py::test_evidence_records_kind_and_exact_byte_state	16
tests/test_prd008_commit_state_gate.py::test_evidence_candidate_hash_is_the_run_record_cycle_candidate_hash	16
tests/test_prd008_commit_state_gate.py::test_schema_1_evidence_still_loads	16
tests/test_prd008_commit_state_gate.py::test_run_record_intent_and_in_progress_evidence_precede_the_first_workspace_byte	16
tests/test_prd008_commit_state_gate.py::test_unsettled_cycle_evidence_survives_any_number_of_later_commits	16
tests/test_prd008_commit_state_gate.py::test_record_and_its_evidence_are_pruned_as_a_unit	16
tests/test_prd008_commit_state_gate.py::test_prune_protects_every_run_that_may_still_be_needed	16
tests/test_prd008_commit_state_gate.py::test_prune_does_nothing_while_any_record_is_unreadable	16
tests/test_prd008_commit_state_gate.py::test_prune_never_removes_uncertain_or_unreadable_evidence_and_dry_run_removes_nothing	16
tests/test_prd008_commit_state_gate.py::test_retention_runs_under_the_lock_at_the_end_of_every_run	16
tests/test_prd008_recovery.py::test_crash_before_commit_evidence_settles_the_cycle_not_committed	16
tests/test_prd008_recovery.py::test_crash_after_staging_settles_rolled_back_and_removes_staged_files	16
tests/test_prd008_recovery.py::test_crash_after_every_replace_settles_committed_but_never_success	16
tests/test_prd008_recovery.py::test_partial_commit_is_finished_only_by_complete_partial	16
tests/test_prd008_recovery.py::test_partial_commit_without_a_run_record_is_never_rolled_forward	16
tests/test_prd008_recovery.py::test_foreign_content_blocks_recovery_until_the_operator_restores_a_recorded_state	16
tests/test_prd008_recovery.py::test_tampered_staged_candidate_is_never_rolled_forward	16
tests/test_prd008_recovery.py::test_candidate_hash_must_match_between_run_record_and_evidence	16
tests/test_prd008_recovery.py::test_crashed_run_without_a_commit_is_recovered_as_failed	16
tests/test_prd008_recovery.py::test_unreadable_evidence_blocks_its_run_and_is_never_touched	16
tests/test_prd008_recovery.py::test_interrupt_mid_apply_rolls_back_in_process_and_needs_no_recovery	16
tests/test_prd008_recovery.py::test_interrupt_with_a_failed_rollback_keeps_the_candidate_for_complete_partial	16
tests/test_prd008_recovery.py::test_staged_files_of_a_transaction_whose_id_extends_this_one_are_never_claimed	16
tests/test_prd008_recovery.py::test_status_is_read_only	16
tests/test_prd008_recovery.py::test_a_live_run_is_reported_and_never_recovered_or_pruned	16
tests/test_prd008_recovery.py::test_cli_status_recover_json_and_exit_codes	16
tests/test_prd008_recovery.py::test_runs_commands_are_reachable_when_configuration_authority_is_denied	16
tests/test_prd008_recovery.py::test_prune_keeps_what_recovery_still_needs_and_removes_recovered_runs	16
tests/test_prd008_recovery.py::test_recover_settles_exactly_the_open_cycles_with_proven_results	16
tests/test_prd008_recovery.py::test_recover_accepts_an_uncertain_record_and_nothing_already_settled	16
tests/test_prd008_recovery.py::test_uncertain_record_without_a_commit_cycle_is_recovered_for_review	16
tests/test_prd008_recovery.py::test_recovered_is_terminal_and_never_success	16
tests/test_prd008_recovery.py::test_v2_record_loads_as_v3_and_an_unknown_schema_fails_closed	16
tests/test_prd008_resume_fingerprints.py::test_not_applicable_comes_only_from_the_matrix	16
tests/test_prd008_resume_fingerprints.py::test_unavailable_on_either_side_is_unverified_never_a_match[stored]	16
tests/test_prd008_resume_fingerprints.py::test_unavailable_on_either_side_is_unverified_never_a_match[current]	16
tests/test_prd008_resume_fingerprints.py::test_unavailable_to_unavailable_is_still_unverified	16
tests/test_prd008_resume_fingerprints.py::test_different_basis_is_unverified	16
tests/test_prd008_resume_fingerprints.py::test_match_and_changed	16
tests/test_prd008_resume_fingerprints.py::test_missing_or_unknown_block_makes_every_applicable_fingerprint_unverified[None]	16
tests/test_prd008_resume_fingerprints.py::test_missing_or_unknown_block_makes_every_applicable_fingerprint_unverified[junk]	16
tests/test_prd008_resume_fingerprints.py::test_missing_or_unknown_block_makes_every_applicable_fingerprint_unverified[block2]	16
tests/test_prd008_resume_fingerprints.py::test_unknown_artifact_is_rejected	16
tests/test_prd008_resume_fingerprints.py::test_fingerprint_serialization_round_trips_unavailable	16
tests/test_prd008_resume_fingerprints.py::test_every_fingerprint_is_a_dependency_of_some_artifact_and_in_the_resume_matrix	16
tests/test_prd008_resume_fingerprints.py::test_model_runtime_invalidates_only_model_protocol	16
tests/test_prd008_resume_fingerprints.py::test_kriya_runtime_change_invalidates_every_stage	16
tests/test_prd008_resume_fingerprints.py::test_reused_artifacts_follow_values_not_key_presence	16
tests/test_prd008_resume_fingerprints.py::test_toolchain_is_not_applicable_to_a_plan_resume_but_blocks_candidate_reuse	16
tests/test_prd008_resume_fingerprints.py::test_every_owned_config_path_exists	16
tests/test_prd008_resume_fingerprints.py::test_only_model_identity_leaves_leave_config	16
tests/test_prd008_resume_fingerprints.py::test_config_split_partitions_every_leaf_exactly_once	16
tests/test_prd008_resume_fingerprints.py::test_an_unlisted_config_field_stays_in_config	16
tests/test_prd008_resume_fingerprints.py::test_model_identity_change_leaves_config_fingerprint_alone_but_temperature_does_not	16
tests/test_prd008_resume_fingerprints.py::test_containment_and_verification_changes_are_their_own_fingerprints	16
tests/test_prd008_resume_fingerprints.py::test_model_runtime_and_toolchain_are_declared_unavailable	16
tests/test_prd008_resume_fingerprints.py::test_skills_fingerprint_tracks_rule_content_and_ignores_staged_rules	16
tests/test_prd008_resume_fingerprints.py::test_authority_context_sorts_regions_that_differ_only_by_a_missing_successor	16
tests/test_prd008_resume_fingerprints.py::test_input_ledger_is_fixed_at_entry_while_effective_grows	16
tests/test_prd008_resume_fingerprints.py::test_kriya_runtime_ignores_dotfiles_and_bytecode	16
tests/test_prd008_resume_fingerprints.py::test_authority_context_is_order_independent_and_ignores_audit_source	16
tests/test_prd008_resume_fingerprints.py::test_no_ledger_fingerprints_like_an_empty_ledger_and_growth_changes_it	16
tests/test_prd008_resume_fingerprints.py::test_effective_ledger_grown_by_the_prior_run_blocks_candidate_reuse	16
tests/test_prd008_resume_fingerprints.py::test_missing_referenced_run_record_invalidates_everything	16
tests/test_prd008_resume_fingerprints.py::test_workflow_saves_every_fingerprint_with_each_checkpoint	16
tests/test_prd008_resume_fingerprints.py::test_workflow_resumes_a_plan_checkpoint_when_every_applicable_fingerprint_matches	16
tests/test_prd008_resume_fingerprints.py::test_workflow_does_not_resume_a_legacy_checkpoint_without_fingerprints	16
tests/test_prd008_resume_fingerprints.py::test_workflow_does_not_resume_after_a_skill_changed	16
tests/test_prd008_resume_fingerprints.py::test_workflow_does_not_resume_under_a_different_semantic_region_boundary	16
tests/test_prd008_resume_fingerprints.py::test_workflow_does_not_resume_when_the_referenced_run_record_is_gone	16
tests/test_prd008_resume_fingerprints.py::test_retention_protects_the_run_the_control_state_references	16
tests/test_prd008_resume_fingerprints.py::test_invalidation_keeps_the_longest_valid_prefix[invalidated0-reused0-candidate_gates_passed]	16
tests/test_prd008_resume_fingerprints.py::test_invalidation_keeps_the_longest_valid_prefix[invalidated1-reused1-candidate_gates_passed]	16
tests/test_prd008_resume_fingerprints.py::test_invalidation_keeps_the_longest_valid_prefix[invalidated2-reused2-design]	16
tests/test_prd008_resume_fingerprints.py::test_invalidation_keeps_the_longest_valid_prefix[invalidated3-reused3-context]	16
tests/test_prd008_resume_fingerprints.py::test_invalidation_keeps_the_longest_valid_prefix[invalidated4-reused4-candidate_gates_passed]	16
tests/test_prd008_resume_fingerprints.py::test_context_invalidation_reuses_nothing	16
tests/test_prd008_resume_fingerprints.py::test_reuse_flags_come_from_the_plan_never_from_checkpoint_content	16
tests/test_prd008_resume_fingerprints.py::test_every_surviving_artifact_has_only_matching_dependencies[workspace-plan]	16
tests/test_prd008_resume_fingerprints.py::test_every_surviving_artifact_has_only_matching_dependencies[workspace-design]	16
tests/test_prd008_resume_fingerprints.py::test_every_surviving_artifact_has_only_matching_dependencies[workspace-candidate_gates_passed]	16
tests/test_prd008_resume_fingerprints.py::test_every_surviving_artifact_has_only_matching_dependencies[config-plan]	16
tests/test_prd008_resume_fingerprints.py::test_every_surviving_artifact_has_only_matching_dependencies[config-design]	16
tests/test_prd008_resume_fingerprints.py::test_every_surviving_artifact_has_only_matching_dependencies[config-candidate_gates_passed]	16
tests/test_prd008_resume_fingerprints.py::test_every_surviving_artifact_has_only_matching_dependencies[goal-plan]	16
tests/test_prd008_resume_fingerprints.py::test_every_surviving_artifact_has_only_matching_dependencies[goal-design]	16
tests/test_prd008_resume_fingerprints.py::test_every_surviving_artifact_has_only_matching_dependencies[goal-candidate_gates_passed]	16
tests/test_prd008_resume_fingerprints.py::test_every_surviving_artifact_has_only_matching_dependencies[approved_plan-plan]	16
tests/test_prd008_resume_fingerprints.py::test_every_surviving_artifact_has_only_matching_dependencies[approved_plan-design]	16
tests/test_prd008_resume_fingerprints.py::test_every_surviving_artifact_has_only_matching_dependencies[approved_plan-candidate_gates_passed]	16
tests/test_prd008_resume_fingerprints.py::test_every_surviving_artifact_has_only_matching_dependencies[input_obligation_ledger-plan]	16
tests/test_prd008_resume_fingerprints.py::test_every_surviving_artifact_has_only_matching_dependencies[input_obligation_ledger-design]	16
tests/test_prd008_resume_fingerprints.py::test_every_surviving_artifact_has_only_matching_dependencies[input_obligation_ledger-candidate_gates_passed]	16
tests/test_prd008_resume_fingerprints.py::test_every_surviving_artifact_has_only_matching_dependencies[effective_obligation_ledger-plan]	16
tests/test_prd008_resume_fingerprints.py::test_every_surviving_artifact_has_only_matching_dependencies[effective_obligation_ledger-design]	16
tests/test_prd008_resume_fingerprints.py::test_every_surviving_artifact_has_only_matching_dependencies[effective_obligation_ledger-candidate_gates_passed]	16
tests/test_prd008_resume_fingerprints.py::test_every_surviving_artifact_has_only_matching_dependencies[skills-plan]	16
tests/test_prd008_resume_fingerprints.py::test_every_surviving_artifact_has_only_matching_dependencies[skills-design]	16
tests/test_prd008_resume_fingerprints.py::test_every_surviving_artifact_has_only_matching_dependencies[skills-candidate_gates_passed]	16
tests/test_prd008_resume_fingerprints.py::test_every_surviving_artifact_has_only_matching_dependencies[model_runtime-plan]	16
tests/test_prd008_resume_fingerprints.py::test_every_surviving_artifact_has_only_matching_dependencies[model_runtime-design]	16
tests/test_prd008_resume_fingerprints.py::test_every_surviving_artifact_has_only_matching_dependencies[model_runtime-candidate_gates_passed]	16
tests/test_prd008_resume_fingerprints.py::test_every_surviving_artifact_has_only_matching_dependencies[containment-plan]	16
tests/test_prd008_resume_fingerprints.py::test_every_surviving_artifact_has_only_matching_dependencies[containment-design]	16
tests/test_prd008_resume_fingerprints.py::test_every_surviving_artifact_has_only_matching_dependencies[containment-candidate_gates_passed]	16
tests/test_prd008_resume_fingerprints.py::test_every_surviving_artifact_has_only_matching_dependencies[toolchain-plan]	16
tests/test_prd008_resume_fingerprints.py::test_every_surviving_artifact_has_only_matching_dependencies[toolchain-design]	16
tests/test_prd008_resume_fingerprints.py::test_every_surviving_artifact_has_only_matching_dependencies[toolchain-candidate_gates_passed]	16
tests/test_prd008_resume_fingerprints.py::test_every_surviving_artifact_has_only_matching_dependencies[verification_policy-plan]	16
tests/test_prd008_resume_fingerprints.py::test_every_surviving_artifact_has_only_matching_dependencies[verification_policy-design]	16
tests/test_prd008_resume_fingerprints.py::test_every_surviving_artifact_has_only_matching_dependencies[verification_policy-candidate_gates_passed]	16
tests/test_prd008_resume_fingerprints.py::test_every_surviving_artifact_has_only_matching_dependencies[authority_context-plan]	16
tests/test_prd008_resume_fingerprints.py::test_every_surviving_artifact_has_only_matching_dependencies[authority_context-design]	16
tests/test_prd008_resume_fingerprints.py::test_every_surviving_artifact_has_only_matching_dependencies[authority_context-candidate_gates_passed]	16
tests/test_prd008_resume_fingerprints.py::test_every_surviving_artifact_has_only_matching_dependencies[contract_registry-plan]	16
tests/test_prd008_resume_fingerprints.py::test_every_surviving_artifact_has_only_matching_dependencies[contract_registry-design]	16
tests/test_prd008_resume_fingerprints.py::test_every_surviving_artifact_has_only_matching_dependencies[contract_registry-candidate_gates_passed]	16
tests/test_prd008_resume_fingerprints.py::test_every_surviving_artifact_has_only_matching_dependencies[kriya_runtime-plan]	16
tests/test_prd008_resume_fingerprints.py::test_every_surviving_artifact_has_only_matching_dependencies[kriya_runtime-design]	16
tests/test_prd008_resume_fingerprints.py::test_every_surviving_artifact_has_only_matching_dependencies[kriya_runtime-candidate_gates_passed]	16
tests/test_prd008_resume_fingerprints.py::test_model_runtime_change_never_discards_a_candidate	16
tests/test_prd008_resume_fingerprints.py::test_candidate_integrity_accepts_only_an_exact_complete_snapshot	16
tests/test_prd008_resume_fingerprints.py::test_a_tampered_candidate_is_dropped_but_its_plan_is_kept	16
tests/test_prd008_resume_fingerprints.py::test_ledger_snapshot_round_trips_to_the_same_fingerprint	16
tests/test_prd008_resume_fingerprints.py::test_restore_from_keeps_the_callers_ledger_object	16
tests/test_prd008_resume_fingerprints.py::test_malformed_ledger_snapshots_are_rejected[snapshot0]	16
tests/test_prd008_resume_fingerprints.py::test_malformed_ledger_snapshots_are_rejected[snapshot1]	16
tests/test_prd008_resume_fingerprints.py::test_malformed_ledger_snapshots_are_rejected[snapshot2]	16
tests/test_prd008_resume_fingerprints.py::test_malformed_ledger_snapshots_are_rejected[snapshot3]	16
tests/test_prd008_resume_fingerprints.py::test_a_missing_ledger_snapshot_is_never_an_empty_ledger	16
tests/test_prd008_resume_fingerprints.py::test_run_record_accepts_a_resume_decision_and_old_records_still_load	16
tests/test_prd008_resume_fingerprints.py::test_control_state_completion_scope_round_trips_and_defaults_to_unrecorded	16
tests/test_prd008_resume_fingerprints.py::test_an_unset_completion_scope_leaves_the_control_state_hash_unchanged	16
tests/test_prd008_resume_fingerprints.py::test_a_skill_change_reopens_the_knowledge_gate_so_nothing_is_reused	16
tests/test_prd008_s4b_milestone_completion.py::test_a_execute_milestones_refuses_an_uncertain_workspace_exactly_like_direct_execution	16
tests/test_prd008_s4b_milestone_completion.py::test_b_resume_inside_a_milestone_uses_the_prd008_validator[False]	16
tests/test_prd008_s4b_milestone_completion.py::test_b_resume_inside_a_milestone_uses_the_prd008_validator[True]	16
tests/test_prd008_s4b_milestone_completion.py::test_c_recovery_across_milestone_commit_cycles[stage2-COMPLETE_PARTIAL_REQUIRED-m2_decision0-False]	16
tests/test_prd008_s4b_milestone_completion.py::test_c_recovery_across_milestone_commit_cycles[stage1-RECOVERY_AVAILABLE-None-True]	16
tests/test_prd008_s4b_milestone_completion.py::test_d_unchanged_completed_milestones_are_skipped_on_valid_proof	16
tests/test_prd008_s4b_milestone_completion.py::test_e_one_changed_byte_makes_the_milestone_and_its_dependents_rerun	16
tests/test_prd008_s4b_milestone_completion.py::test_f_deleted_output_is_output_missing	16
tests/test_prd008_s4b_milestone_completion.py::test_g_recreating_a_path_the_milestone_deleted_is_detected	16
tests/test_prd008_s4b_milestone_completion.py::test_h_workspace_reset_to_before_the_milestone_is_not_skipped	16
tests/test_prd008_s4b_milestone_completion.py::test_i_missing_commit_evidence_is_unverified_and_reruns	16
tests/test_prd008_s4b_milestone_completion.py::test_i_corrupt_commit_evidence_is_refused_by_the_gate_before_any_reuse_decision	16
tests/test_prd008_s4b_milestone_completion.py::test_i_missing_run_record_is_unverified	16
tests/test_prd008_s4b_milestone_completion.py::test_i_proof_that_disagrees_with_the_evidence_is_unverified	16
tests/test_prd008_s4b_milestone_completion.py::test_j_legacy_milestone_state_loads_but_is_never_grandfathered	16
tests/test_prd008_s4b_milestone_completion.py::test_a_proof_missing_from_a_current_sidecar_is_unverified	16
tests/test_prd008_s4b_milestone_completion.py::test_k_only_the_stale_milestone_and_its_dependents_rerun	16
tests/test_prd008_s4b_milestone_completion.py::test_an_unrelated_milestone_sharing_a_path_with_a_rerun_also_reruns	16
tests/test_prd008_s4b_milestone_completion.py::test_milestones_modifying_each_others_files_stay_valid_when_nothing_changed	16
tests/test_prd008_s4b_milestone_completion.py::test_a_milestone_that_committed_nothing_is_unverified	16
tests/test_prd008_s4b_milestone_completion.py::test_l_byte_exact_detection[x\r\ny\r\n-<lambda>-OUTPUT_CHANGED]	16
tests/test_prd008_s4b_milestone_completion.py::test_l_byte_exact_detection[\xff\n-<lambda>-OUTPUT_CHANGED]	16
tests/test_prd008_s4b_milestone_completion.py::test_l_byte_exact_detection[M1 = 1\n-<lambda>-MODE_CHANGED]	16
tests/test_prd008_s4b_milestone_completion.py::test_retention_keeps_the_runs_a_completion_proof_references	16
tests/test_prd008_s4b_milestone_completion.py::test_execute_milestones_never_marks_a_milestone_done_that_will_rerun	16
tests/test_prd008_s4b_milestone_completion.py::test_invalidated_output_is_not_fed_back_as_established_context	16
tests/test_prd008_s4b_milestone_completion.py::test_execute_milestones_records_every_decision_once_per_run	16
tests/test_prd008_s4b_milestone_completion.py::test_a_hand_edited_milestone_definition_reruns_with_its_dependents	16
tests/test_prd008_s4c_milestone_resume.py::test_c_a_covered_no_op_milestone_is_verified_no_change_and_skipped	16
tests/test_prd008_s4c_milestone_resume.py::test_no_change_reuse_is_unverified_while_the_toolchain_identity_is_unavailable	16
tests/test_prd008_s4c_milestone_resume.py::test_a_real_engine_no_change_milestone_converges	16
tests/test_prd008_s4c_milestone_resume.py::test_b_a_changed_dependency_invalidates_verified_no_change[verification_policy]	16
tests/test_prd008_s4c_milestone_resume.py::test_b_a_changed_dependency_invalidates_verified_no_change[workspace_edit]	16
tests/test_prd008_s4c_milestone_resume.py::test_b_a_changed_dependency_invalidates_verified_no_change[upstream_recompleted]	16
tests/test_prd008_s4c_milestone_resume.py::test_b_a_changed_dependency_invalidates_verified_no_change[toolchain]	16
tests/test_prd008_s4c_milestone_resume.py::test_a_an_unrelated_or_unproven_passing_test_never_issues_verified_no_change[gates0-coverage0-UNCOVERED]	16
tests/test_prd008_s4c_milestone_resume.py::test_a_an_unrelated_or_unproven_passing_test_never_issues_verified_no_change[gates1-coverage1-UNCOVERED]	16
tests/test_prd008_s4c_milestone_resume.py::test_a_an_unrelated_or_unproven_passing_test_never_issues_verified_no_change[gates2-coverage2-UNAVAILABLE]	16
tests/test_prd008_s4c_milestone_resume.py::test_a_an_unrelated_or_unproven_passing_test_never_issues_verified_no_change[gates3-coverage3-UNAVAILABLE]	16
tests/test_prd008_s4c_milestone_resume.py::test_a_an_unrelated_or_unproven_passing_test_never_issues_verified_no_change[gates4-coverage4-FAILED]	16
tests/test_prd008_s4c_milestone_resume.py::test_b_zero_executed_tests_are_never_positive_evidence[NO_TESTS_EXECUTED]	16
tests/test_prd008_s4c_milestone_resume.py::test_b_zero_executed_tests_are_never_positive_evidence[PASS_WITH_TESTS]	16
tests/test_prd008_s4c_milestone_resume.py::test_c_a_model_only_no_change_never_becomes_reusable[gates0]	16
tests/test_prd008_s4c_milestone_resume.py::test_c_a_model_only_no_change_never_becomes_reusable[gates1]	16
tests/test_prd008_s4c_milestone_resume.py::test_d_generated_output_never_invalidates_verified_no_change	16
tests/test_prd008_s4c_milestone_resume.py::test_e_relevant_untracked_or_tracked_changes_invalidate_verified_no_change[new_untracked_source]	16
tests/test_prd008_s4c_milestone_resume.py::test_e_relevant_untracked_or_tracked_changes_invalidate_verified_no_change[new_untracked_config]	16
tests/test_prd008_s4c_milestone_resume.py::test_e_relevant_untracked_or_tracked_changes_invalidate_verified_no_change[tracked_file_in_generated_dir]	16
tests/test_prd008_s4c_milestone_resume.py::test_e_relevant_untracked_or_tracked_changes_invalidate_verified_no_change[committed_file_in_generated_dir]	16
tests/test_prd008_s4c_milestone_resume.py::test_d_a_durable_commit_whose_completion_was_never_saved_is_reconstructed[after_commit]	16
tests/test_prd008_s4c_milestone_resume.py::test_d_a_durable_commit_whose_completion_was_never_saved_is_reconstructed[in_judge]	16
tests/test_prd008_s4c_milestone_resume.py::test_e_reconstruction_is_refused_when_the_evidence_does_not_prove_the_output[delete_evidence-COMMIT_EVIDENCE_MISSING]	16
tests/test_prd008_s4c_milestone_resume.py::test_e_reconstruction_is_refused_when_the_evidence_does_not_prove_the_output[edit_output-OUTPUT_CHANGED]	16
tests/test_prd008_s4c_milestone_resume.py::test_e_corrupt_evidence_is_refused_by_the_gate_first	16
tests/test_prd008_s4c_milestone_resume.py::test_f_a_recovery_completed_milestone_is_reusable_and_its_run_stays_recovered	16
tests/test_prd008_s4c_milestone_resume.py::test_g_recovery_completion_with_unproven_evidence_is_refused_and_reruns[delete_evidence-COMMIT_EVIDENCE_MISSING]	16
tests/test_prd008_s4c_milestone_resume.py::test_g_recovery_completion_with_unproven_evidence_is_refused_and_reruns[foreign_operation-RECOVERY_PROVENANCE_UNVERIFIED]	16
tests/test_prd008_s4c_milestone_resume.py::test_g_recovery_completion_with_unproven_evidence_is_refused_and_reruns[not_an_interrupted_commit-RECOVERY_PROVENANCE_UNVERIFIED]	16
tests/test_prd008_s4c_milestone_resume.py::test_g_recovery_completion_with_unproven_evidence_is_refused_and_reruns[not_kriya_recovery-RECOVERY_PROVENANCE_UNVERIFIED]	16
tests/test_prd008_s4c_milestone_resume.py::test_f_resume_offers_a_milestone_only_its_own_newest_checkpoint	16
tests/test_prd008_s4c_milestone_resume.py::test_h_no_compatible_checkpoint_means_a_fresh_start_never_another_units	16
tests/test_prd008_s4c_milestone_resume.py::test_h_an_explicit_resume_id_is_offered_only_to_its_own_milestone	16
tests/test_prd008_s4c_milestone_resume.py::test_g_the_selected_checkpoint_still_goes_through_the_prd008_validator[False]	16
tests/test_prd008_s4c_milestone_resume.py::test_g_the_selected_checkpoint_still_goes_through_the_prd008_validator[True]	16
tests/test_prd008_s4c_milestone_resume.py::test_i_a_fully_proven_overwrite_keeps_both_milestones_valid	16
tests/test_prd008_s4c_milestone_resume.py::test_j_an_unproven_overwrite_never_excuses_the_earlier_milestone	16
tests/test_prd008_s4c_milestone_resume.py::test_j_corrupt_overwrite_evidence_is_refused_by_the_gate_first	16
tests/test_prd008_s4c_milestone_resume.py::test_j_a_reordered_ledger_cannot_rewrite_who_wrote_last	16
tests/test_prd008_s4c_milestone_resume.py::test_i_an_edit_to_a_path_the_integration_pass_owns_is_charged_to_its_milestone	16
tests/test_prd008_s4c_milestone_resume.py::test_i_an_edit_to_a_path_a_failed_milestone_wrote_last_is_charged_to_the_completed_writer	16
tests/test_prd008_s4c_milestone_resume.py::test_k_a_stale_milestone_reruns_on_the_users_bytes_never_restored	16
tests/test_prd008_s4c_milestone_resume.py::test_gate_evidence_counts_only_the_final_attempt_and_never_unconfirmed_gates	16
tests/test_prd008_s4c_milestone_resume.py::test_gate_evidence_never_counts_a_test_run_that_executed_zero_tests	16
tests/test_prd008_s4c_milestone_resume.py::test_prd011_contained_no_change_proof_binds_the_real_toolchain_identity[False]	16
tests/test_prd008_s4c_milestone_resume.py::test_prd011_contained_no_change_proof_binds_the_real_toolchain_identity[True]	16
tests/test_prd008a_cross_path.py::test_success_is_owned_recorded_attributed_and_terminal[direct]	16
tests/test_prd008a_cross_path.py::test_success_is_owned_recorded_attributed_and_terminal[milestone]	16
tests/test_prd008a_cross_path.py::test_failure_is_never_success_and_leaves_the_file_untouched[direct]	16
tests/test_prd008a_cross_path.py::test_failure_is_never_success_and_leaves_the_file_untouched[milestone]	16
tests/test_prd008a_cross_path.py::test_checkpoints_belong_to_the_unit_and_run_that_saved_them[direct]	16
tests/test_prd008a_cross_path.py::test_checkpoints_belong_to_the_unit_and_run_that_saved_them[milestone]	16
tests/test_prd008a_cross_path.py::test_resume_selects_the_units_checkpoint_and_prd008_judges_the_drift[direct]	16
tests/test_prd008a_cross_path.py::test_resume_selects_the_units_checkpoint_and_prd008_judges_the_drift[milestone]	16
tests/test_prd008a_cross_path.py::test_an_uncertain_workspace_is_refused_before_any_model_work[direct]	16
tests/test_prd008a_cross_path.py::test_an_uncertain_workspace_is_refused_before_any_model_work[milestone]	16
tests/test_prd008a_cross_path.py::test_the_run_coordinator_never_records_success_with_an_unverified_unit	16
tests/test_prd008a_cross_path.py::test_a_blocked_downstream_unit_is_in_the_milestone_result	16
tests/test_prd008a_cross_path.py::test_a_direct_result_is_its_units_own_result_unchanged	16
tests/test_prd008a_cross_path.py::test_the_workspace_lock_is_held_for_the_whole_unit[direct]	16
tests/test_prd008a_cross_path.py::test_the_workspace_lock_is_held_for_the_whole_unit[milestone]	16
tests/test_prd008a_cross_path.py::test_every_commit_is_an_eligible_verified_candidate_of_a_unit[direct]	16
tests/test_prd008a_cross_path.py::test_every_commit_is_an_eligible_verified_candidate_of_a_unit[milestone]	16
tests/test_prd008a_cross_path.py::test_a_write_outside_the_workspace_never_lands[direct]	16
tests/test_prd008a_cross_path.py::test_a_write_outside_the_workspace_never_lands[milestone]	16
tests/test_prd008a_execution_plan.py::test_work_unit_round_trips_with_every_field	16
tests/test_prd008a_execution_plan.py::test_plan_round_trips_and_keeps_its_fingerprint	16
tests/test_prd008a_execution_plan.py::test_a_tampered_definition_is_refused_not_refingerprinted	16
tests/test_prd008a_execution_plan.py::test_an_unknown_schema_is_refused	16
tests/test_prd008a_execution_plan.py::test_fingerprint_is_deterministic_and_ignores_plan_id_and_provenance	16
tests/test_prd008a_execution_plan.py::test_goal_criterion_dependency_order_and_identity_changes_change_the_fingerprint[<lambda>0]	16
tests/test_prd008a_execution_plan.py::test_goal_criterion_dependency_order_and_identity_changes_change_the_fingerprint[<lambda>1]	16
tests/test_prd008a_execution_plan.py::test_goal_criterion_dependency_order_and_identity_changes_change_the_fingerprint[<lambda>2]	16
tests/test_prd008a_execution_plan.py::test_goal_criterion_dependency_order_and_identity_changes_change_the_fingerprint[<lambda>3]	16
tests/test_prd008a_execution_plan.py::test_goal_criterion_dependency_order_and_identity_changes_change_the_fingerprint[<lambda>4]	16
tests/test_prd008a_execution_plan.py::test_runtime_state_is_not_part_of_any_identity	16
tests/test_prd008a_execution_plan.py::test_work_units_are_immutable_however_constructed	16
tests/test_prd008a_execution_plan.py::test_an_adapter_supplied_digest_is_kept_verbatim	16
tests/test_prd008a_execution_plan.py::test_an_empty_plan_is_invalid	16
tests/test_prd008a_execution_plan.py::test_duplicate_ids_are_invalid	16
tests/test_prd008a_execution_plan.py::test_a_missing_dependency_is_invalid	16
tests/test_prd008a_execution_plan.py::test_dependency_cycles_are_invalid[units0]	16
tests/test_prd008a_execution_plan.py::test_dependency_cycles_are_invalid[units1]	16
tests/test_prd008a_execution_plan.py::test_blank_units_are_invalid	16
tests/test_prd008a_execution_plan.py::test_a_direct_plan_has_exactly_one_unit	16
tests/test_prd008a_execution_plan.py::test_atomic_plan_commits_fail_closed_as_unsupported	16
tests/test_prd008a_execution_plan.py::test_an_integration_unit_must_depend_on_every_primary_unit	16
tests/test_prd008a_execution_plan.py::test_every_issue_is_reported_together	16
tests/test_prd008a_execution_plan.py::test_topological_order_breaks_ties_by_declared_position	16
tests/test_prd008a_execution_plan.py::test_order_matches_the_milestone_executors_own_order	16
tests/test_prd008a_execution_plan.py::test_ancestors_and_descendants	16
tests/test_prd008a_execution_plan.py::test_work_unit_identity_carries_plan_unit_and_upstream_digests	16
tests/test_prd008a_execution_plan.py::test_an_unrelated_new_unit_changes_the_plan_but_not_an_existing_units_identity	16
tests/test_prd008a_execution_plan.py::test_an_upstream_change_changes_downstream_identity	16
tests/test_prd008a_plan_adapters.py::test_a_direct_goal_is_exactly_one_work_unit_with_the_goal_verbatim	16
tests/test_prd008a_plan_adapters.py::test_the_direct_unit_digest_is_the_goal_hash	16
tests/test_prd008a_plan_adapters.py::test_a_blank_direct_goal_cannot_become_a_plan[]	16
tests/test_prd008a_plan_adapters.py::test_a_blank_direct_goal_cannot_become_a_plan[   ]	16
tests/test_prd008a_plan_adapters.py::test_the_same_goal_is_the_same_plan_whatever_the_run	16
tests/test_prd008a_plan_adapters.py::test_the_direct_record_is_stable_across_runs_and_goals	16
tests/test_prd008a_plan_adapters.py::test_a_milestone_plan_is_one_unit_per_milestone_plus_integration	16
tests/test_prd008a_plan_adapters.py::test_execution_order_is_run_milestones_order_then_integration	16
tests/test_prd008a_plan_adapters.py::test_milestone_semantics_are_preserved_losslessly	16
tests/test_prd008a_plan_adapters.py::test_unit_identity_records_are_byte_compatible_with_existing_checkpoints_and_proofs	16
tests/test_prd008a_plan_adapters.py::test_the_integration_unit_goal_is_the_existing_integration_goal_text	16
tests/test_prd008a_plan_adapters.py::test_a_legacy_v1_plan_file_still_adapts	16
tests/test_prd008a_plan_adapters.py::test_a_hand_edited_plan_that_would_silently_drop_milestones_is_refused[milestones0]	16
tests/test_prd008a_plan_adapters.py::test_a_hand_edited_plan_that_would_silently_drop_milestones_is_refused[milestones1]	16
tests/test_prd008a_plan_adapters.py::test_a_changed_milestone_changes_its_own_digest_but_not_an_unrelated_ones	16
tests/test_prd008a_plan_executor.py::test_every_unit_runs_in_order_and_the_plan_succeeds	16
tests/test_prd008a_plan_executor.py::test_a_failed_dependency_blocks_its_dependents_and_halts_the_rest	16
tests/test_prd008a_plan_executor.py::test_a_failure_result_claiming_success_fails_closed	16
tests/test_prd008a_plan_executor.py::test_reusable_units_are_verified_without_running	16
tests/test_prd008a_plan_executor.py::test_the_active_work_unit_is_each_units_own_record_and_cleared_after	16
tests/test_prd008a_plan_executor.py::test_a_failed_plan_phase_blocks_the_integration_unit	16
tests/test_prd008a_plan_executor.py::test_an_exception_fails_the_unit_blocks_the_rest_and_propagates	16
tests/test_prd008a_plan_executor.py::test_a_plan_cannot_run_without_run_ownership	16
tests/test_prd008a_plan_executor.py::test_a_new_intent_inside_a_running_unit_is_refused_not_wrapped	16
tests/test_prd008a_plan_executor.py::test_a_direct_goal_runs_as_one_work_unit_through_the_executor	16
tests/test_prd008a_plan_executor.py::test_a_failed_direct_goal_is_a_failed_unit_and_never_success	16
tests/test_prd008a_plan_executor.py::test_direct_checkpoints_carry_the_direct_unit_record	16
tests/test_prd008a_plan_executor.py::test_a_milestone_sequence_runs_as_one_plan_through_the_executor	16
tests/test_prd008a_plan_executor.py::test_a_failed_milestone_blocks_its_dependents_and_integration	16
tests/test_prd008a_plan_executor.py::test_completed_milestones_are_reused_units_on_the_next_run	16
tests/test_prd008a_plan_executor.py::test_a_hand_edited_plan_with_a_cycle_is_refused_before_any_work	16
tests/test_prd008a_plan_executor.py::test_an_exception_before_generation_still_fails_the_unit_and_blocks_the_rest[before_unit]	16
tests/test_prd008a_plan_executor.py::test_an_exception_before_generation_still_fails_the_unit_and_blocks_the_rest[on_checkpoint_selection]	16
tests/test_prd008a_resume_convergence.py::test_a_direct_unit_never_resumes_a_newer_milestone_checkpoint	16
tests/test_prd008a_resume_convergence.py::test_w1_resumes_its_own_latest_checkpoint_never_w2s	16
tests/test_prd008a_resume_convergence.py::test_a_pre_prd008a_direct_checkpoint_is_still_offered_to_a_direct_unit_only	16
tests/test_prd008a_resume_convergence.py::test_an_explicit_id_in_a_single_unit_plan_goes_to_prd008_to_judge	16
tests/test_prd008a_resume_convergence.py::test_no_resume_requested_selects_nothing	16
tests/test_prd008a_resume_convergence.py::test_another_workspaces_checkpoint_is_an_error_not_silently_skipped	16
tests/test_prd008a_resume_convergence.py::test_direct_resume_selects_its_own_checkpoint_and_prd008_still_judges_it	16
tests/test_prd008a_resume_convergence.py::test_reuse_with_a_non_reused_ancestor_fails_closed_before_any_work	16
tests/test_prd008a_resume_convergence.py::test_plan_drift_invalidates_exactly_the_changed_units_and_their_descendants[<lambda>-rerun0]	16
tests/test_prd008a_resume_convergence.py::test_plan_drift_invalidates_exactly_the_changed_units_and_their_descendants[<lambda>-rerun1]	16
tests/test_prd008a_resume_convergence.py::test_plan_drift_invalidates_exactly_the_changed_units_and_their_descendants[<lambda>-rerun2]	16
tests/test_prd008a_resume_convergence.py::test_plan_drift_invalidates_exactly_the_changed_units_and_their_descendants[<lambda>-rerun3]	16
tests/test_prd008a_resume_convergence.py::test_reordering_independent_units_is_detected_but_does_not_invalidate_their_completion	16
tests/test_prd011_python310_compat.py::test_cli_imports_and_parses_pyproject_without_stdlib_tomllib	16
tests/test_prd011_python310_compat.py::test_tomllib_is_imported_only_through_tomlcompat	16
tests/test_prd011_python310_compat.py::test_tomli_backport_is_declared_for_python_310	16
tests/test_prd011_python310_compat.py::test_no_python_311_only_syntax_or_stdlib_names	16
tests/test_prd011_toolchain_evidence.py::test_execution_evidence_is_empty_for_host_mode_results	16
tests/test_prd011_toolchain_evidence.py::test_contained_compile_result_carries_the_attested_identity	16
tests/test_prd011_toolchain_evidence.py::test_app_sequence_result_carries_the_attested_identity	16
tests/test_prd011_toolchain_evidence.py::test_contained_compile_gate_persists_image_digest_in_the_trace	16
tests/test_prd011_toolchain_evidence.py::test_host_mode_gate_outcomes_never_claim_a_toolchain_identity	16
tests/test_prd011_toolchain_fingerprint.py::test_host_mode_toolchain_stays_unavailable	16
tests/test_prd011_toolchain_fingerprint.py::test_contained_toolchain_binds_profile_and_image_digest	16
tests/test_prd011_toolchain_fingerprint.py::test_required_jdk_change_changes_the_fingerprint	16
tests/test_prd011_toolchain_fingerprint.py::test_missing_image_or_unresolvable_requirement_is_unavailable	16
tests/test_prd011_toolchain_fingerprint.py::test_unknown_stack_is_unavailable	16
tests/test_prd011_toolchain_fingerprint.py::test_goal_stated_jdk_is_part_of_the_identity	16
tests/test_prd011_toolchain_fingerprint.py::test_direct_resume_detects_a_toolchain_image_change	16
tests/test_prd011_toolchain_fingerprint.py::test_direct_resume_in_host_mode_stays_unverified	16
tests/test_prd011_toolchain_fingerprint.py::test_milestone_identity_uses_the_same_function	16
tests/test_prd011_toolchain_identity.py::test_existing_validator_stack_detection_drives_versioned_jdk_profile[17-maven:3.9-eclipse-temurin-17]	16
tests/test_prd011_toolchain_identity.py::test_existing_validator_stack_detection_drives_versioned_jdk_profile[21-maven:3.9-eclipse-temurin-21]	16
tests/test_prd011_toolchain_identity.py::test_conflicting_java_requirements_fail_before_container_execution	16
tests/test_prd011_toolchain_identity.py::test_unsupported_java_requirement_fails_closed	16
tests/test_prd011_toolchain_identity.py::test_selected_host_jdk_version_is_reused_for_containment	16
tests/test_prd011_toolchain_identity.py::test_python_requires_python_selects_compatible_versioned_image	16
tests/test_prd011_toolchain_identity.py::test_patch_specific_python_requirement_is_carried_to_attestation	16
tests/test_prd011_toolchain_identity.py::test_oci_runtime_attestation_rejects_mismatched_jdk	16
tests/test_prd011_toolchain_identity.py::test_oci_prepare_uses_resolved_image_and_persists_digest	16
tests/test_prd011_toolchain_identity.py::test_goal_stated_jdk_assigned_after_construction_selects_the_contained_image	16
tests/test_prd011_toolchain_identity.py::test_goal_stated_jdk_contradicting_the_repository_is_refused_on_assignment	16
tests/test_prd011_toolchain_identity.py::test_clearing_the_override_restores_the_repository_identity	16
tests/test_prd011_toolchain_identity.py::test_uncontained_validator_never_resolves_a_toolchain_on_assignment	16
tests/test_prd011_toolchain_identity.py::test_every_lts_jdk_has_versioned_maven_and_gradle_profiles[8]	16
tests/test_prd011_toolchain_identity.py::test_every_lts_jdk_has_versioned_maven_and_gradle_profiles[11]	16
tests/test_prd011_toolchain_identity.py::test_every_lts_jdk_has_versioned_maven_and_gradle_profiles[17]	16
tests/test_prd011_toolchain_identity.py::test_every_lts_jdk_has_versioned_maven_and_gradle_profiles[21]	16
tests/test_prd011_toolchain_identity.py::test_legacy_1_x_java_version_in_pom_maps_to_jdk8	16
tests/test_prd011_toolchain_identity.py::test_common_requires_python_specs_resolve_without_a_constraint[>=3.9,<4-3.12]	16
tests/test_prd011_toolchain_identity.py::test_common_requires_python_specs_resolve_without_a_constraint[!=3.9.*-3.12]	16
tests/test_prd011_toolchain_identity.py::test_common_requires_python_specs_resolve_without_a_constraint[>=3.8.1-3.12]	16
tests/test_prd011_toolchain_identity.py::test_common_requires_python_specs_resolve_without_a_constraint[~=3.10-3.12]	16
tests/test_prd011_toolchain_identity.py::test_common_requires_python_specs_resolve_without_a_constraint[<3.12,>=3.10-3.11]	16
tests/test_prd011_toolchain_identity.py::test_common_requires_python_specs_resolve_without_a_constraint[>=3.13-3.13]	16
tests/test_prd011_toolchain_identity.py::test_common_requires_python_specs_resolve_without_a_constraint[>3.12-3.13]	16
tests/test_prd011_toolchain_identity.py::test_common_requires_python_specs_resolve_without_a_constraint[==3.14.*-3.14]	16
tests/test_prd011_toolchain_identity.py::test_common_requires_python_specs_resolve_without_a_constraint[==3.10.*-3.10]	16
tests/test_prd011_toolchain_identity.py::test_common_requires_python_specs_resolve_without_a_constraint[>=3-3.12]	16
tests/test_prd011_toolchain_identity.py::test_same_minor_patch_bound_is_verified_at_attestation	16
tests/test_prd011_toolchain_identity.py::test_unsatisfiable_or_unsupported_specs_fail_closed[<3.10]	16
tests/test_prd011_toolchain_identity.py::test_unsatisfiable_or_unsupported_specs_fail_closed[>=3.15]	16
tests/test_prd011_toolchain_identity.py::test_unsatisfiable_or_unsupported_specs_fail_closed[==3.9.*]	16
tests/test_prd011_toolchain_identity.py::test_unsatisfiable_or_unsupported_specs_fail_closed[===3.11]	16
tests/test_prd011_toolchain_identity.py::test_unsatisfiable_or_unsupported_specs_fail_closed[>=3.11rc1]	16
tests/test_prd011_toolchain_identity.py::test_unsatisfiable_or_unsupported_specs_fail_closed[==3.12.*.1]	16
tests/test_prd011_toolchain_identity.py::test_python_version_file_pins_the_minor_and_records_the_exact_pin	16
tests/test_prd011_toolchain_identity.py::test_unsupported_python_version_file_fails_closed	16
tests/test_prd011_toolchain_identity.py::test_jdk8_image_attests_from_its_1_8_version_string	16
tests/test_prd011_toolchain_identity.py::test_gradle_build_tool_is_attested	16
tests/test_prd011_toolchain_identity.py::test_python_patch_constraint_is_checked_against_the_observed_runtime[3.11.7-True]	16
tests/test_prd011_toolchain_identity.py::test_python_patch_constraint_is_checked_against_the_observed_runtime[3.11.9-False]	16
tests/test_prd011_toolchain_identity.py::test_python_minor_mismatch_is_refused	16
tests/test_prd011_toolchain_identity_oci.py::test_actual_container_runtime_matches_profile_and_records_digest[identity0-command0-17]	16
tests/test_prd011_toolchain_identity_oci.py::test_actual_container_runtime_matches_profile_and_records_digest[identity1-command1-8]	16
tests/test_prd011_toolchain_identity_oci.py::test_actual_container_runtime_matches_profile_and_records_digest[identity2-command2-17]	16
tests/test_prd011_toolchain_identity_oci.py::test_actual_container_runtime_matches_profile_and_records_digest[identity3-command3-3.12]	16
tests/test_prd011_toolchain_migration.py::test_declaration_authority_is_the_structured_write_scope	16
tests/test_prd011_toolchain_migration.py::test_ordinary_java_task_uses_the_repository_version	16
tests/test_prd011_toolchain_migration.py::test_authorized_java_migration_verifies_the_candidate_under_the_target	16
tests/test_prd011_toolchain_migration.py::test_authorized_goal_target_applies_before_the_declaration_edit_lands	16
tests/test_prd011_toolchain_migration.py::test_authorized_migration_run_executes_its_gates_in_the_target_image	16
tests/test_prd011_toolchain_migration.py::test_goal_requirement_without_declaration_authority_is_a_typed_conflict	16
tests/test_prd011_toolchain_migration.py::test_declaration_change_without_authority_is_a_typed_conflict	16
tests/test_prd011_toolchain_migration.py::test_scoped_run_needing_another_jdk_stops_before_any_candidate_command	16
tests/test_prd011_toolchain_migration.py::test_python_authorized_migration_and_unauthorized_conflict	16
tests/test_prd011_toolchain_migration.py::test_python_spec_edits_that_keep_the_toolchain_are_not_a_migration	16
tests/test_prd011_toolchain_migration.py::test_migration_resume_fingerprint_follows_the_target_toolchain_image	16
tests/test_prd012_egress.py::test_every_existing_network_authority_maps_to_a_capability_class[NetworkAuthority.DENIED]	16
tests/test_prd012_egress.py::test_every_existing_network_authority_maps_to_a_capability_class[NetworkAuthority.DEPENDENCY_REGISTRY_ONLY]	16
tests/test_prd012_egress.py::test_every_existing_network_authority_maps_to_a_capability_class[NetworkAuthority.UNRESTRICTED]	16
tests/test_prd012_egress.py::test_every_existing_network_authority_maps_to_a_capability_class[MCPNetworkAuthority.DENIED]	16
tests/test_prd012_egress.py::test_every_existing_network_authority_maps_to_a_capability_class[MCPNetworkAuthority.EXPLICIT_DESTINATIONS]	16
tests/test_prd012_egress.py::test_every_existing_network_authority_maps_to_a_capability_class[MCPNetworkAuthority.UNRESTRICTED]	16
tests/test_prd012_egress.py::test_known_mappings_and_unknown_values_refused	16
tests/test_prd012_egress.py::test_decision_records_never_carry_credentials	16
tests/test_prd012_egress.py::test_production_egress_is_deny_by_default	16
tests/test_prd012_egress.py::test_default_configuration_keeps_its_documented_egress	16
tests/test_prd012_egress.py::test_a_non_local_model_endpoint_is_recorded_as_refused_under_local_only	16
tests/test_prd012_egress.py::test_mcp_explicit_destinations_is_recorded_as_refused_when_contained	16
tests/test_prd012_egress.py::test_production_seal_forces_the_egress_fields	16
tests/test_prd012_egress.py::test_a_repository_cannot_grant_shell_network	16
tests/test_prd012_egress.py::test_embedding_client_cannot_be_built_without_an_egress_policy	16
tests/test_prd012_egress.py::test_external_embedding_endpoint_is_refused_before_any_request_and_not_swallowed	16
tests/test_prd012_egress.py::test_every_embedding_client_in_kriya_is_governed	16
tests/test_prd012_egress.py::test_production_shell_commands_get_no_network_but_package_managers_stay_registry_scoped	16
tests/test_prd012_egress.py::test_required_containment_is_not_skipped_when_sandbox_execution_is_off	16
tests/test_prd012_egress.py::test_denied_shell_network_without_a_network_capable_backend_fails_closed	16
tests/test_prd012_egress.py::test_planner_tool_subtask_contacting_an_attacker_host_runs_with_no_network	16
tests/test_prd012_egress.py::test_repository_build_file_hosts_never_enter_registry_authority	16
tests/test_prd012_egress.py::test_contained_process_result_records_its_egress_decision	16
tests/test_prd012_egress.py::test_every_run_persists_its_egress_authority	16
tests/test_prd012_egress.py::test_doctors_never_probe_a_refused_model_endpoint	16
tests/test_prd012_egress_docker.py::test_production_shell_command_cannot_reach_the_network	16
tests/test_prd012_egress_docker.py::test_production_package_manager_stays_registry_scoped	16
tests/test_prd012_egress_docker.py::test_hostile_plan_tool_subtask_cannot_reach_its_attacker_destination	16
tests/test_prd012_egress_docker.py::test_generated_code_verification_has_no_network	16
tests/test_prd012_network_inventory.py::test_every_network_client_is_inventoried_with_its_authority	16
tests/test_prd012_network_inventory.py::test_the_inventory_scan_detects_a_new_client	16
tests/test_prd013_model_runtime.py::test_fingerprint_records_every_component_the_runtime_reports	16
tests/test_prd013_model_runtime.py::test_digest_is_stable_and_ignores_timestamps_and_diagnostics	16
tests/test_prd013_model_runtime.py::test_parameter_order_and_spacing_are_normalized	16
tests/test_prd013_model_runtime.py::test_every_runtime_component_change_changes_the_identity[/api/version-<lambda>-provider_version]	16
tests/test_prd013_model_runtime.py::test_every_runtime_component_change_changes_the_identity[/api/tags-<lambda>-artifact_digest]	16
tests/test_prd013_model_runtime.py::test_every_runtime_component_change_changes_the_identity[/api/show-<lambda>-weights_digest]	16
tests/test_prd013_model_runtime.py::test_every_runtime_component_change_changes_the_identity[/api/show-<lambda>-quantization]	16
tests/test_prd013_model_runtime.py::test_every_runtime_component_change_changes_the_identity[/api/show-<lambda>-chat_template]	16
tests/test_prd013_model_runtime.py::test_every_runtime_component_change_changes_the_identity[/api/show-<lambda>-tool_call_parser]	16
tests/test_prd013_model_runtime.py::test_every_runtime_component_change_changes_the_identity[/api/show-<lambda>-tokenizer_digest]	16
tests/test_prd013_model_runtime.py::test_every_runtime_component_change_changes_the_identity[/api/show-<lambda>-runtime_parameters_digest]	16
tests/test_prd013_model_runtime.py::test_kriya_side_inputs_are_part_of_the_identity	16
tests/test_prd013_model_runtime.py::test_missing_metadata_is_explicitly_unavailable_never_inferred	16
tests/test_prd013_model_runtime.py::test_a_template_without_renderer_is_identified_by_its_digest	16
tests/test_prd013_model_runtime.py::test_the_served_window_is_never_mistaken_for_the_trained_maximum	16
tests/test_prd013_model_runtime.py::test_a_model_not_served_by_the_endpoint_is_not_exact	16
tests/test_prd013_model_runtime.py::test_a_non_local_endpoint_is_never_probed_under_any_policy[local_only]	16
tests/test_prd013_model_runtime.py::test_a_non_local_endpoint_is_never_probed_under_any_policy[unrestricted]	16
tests/test_prd013_model_runtime.py::test_an_endpoint_without_native_metadata_is_not_exact	16
tests/test_prd013_model_runtime.py::test_probing_can_be_disabled_and_is_disabled_for_the_mocked_suite	16
tests/test_prd013_model_runtime.py::test_endpoint_identity_drops_credentials_and_query	16
tests/test_prd013_model_runtime.py::test_every_result_is_cached_for_the_process_and_fresh_reprobes	16
tests/test_prd013_model_runtime.py::test_an_exact_fingerprint_is_recorded_content_addressed_in_the_state_dir	16
tests/test_prd013_model_runtime.py::test_every_llm_call_is_attributed_to_its_exact_runtime	16
tests/test_prd013_model_runtime.py::test_a_call_without_an_exact_runtime_is_still_attributed_but_never_recorded_as_exact	16
tests/test_prd013_model_runtime.py::test_the_active_run_record_collects_fingerprint_ids	16
tests/test_prd013_model_runtime.py::test_resume_binds_the_model_runtime_only_when_every_role_runtime_is_exact	16
tests/test_prd013_model_runtime.py::test_fingerprint_to_dict_is_json_serializable_and_complete	16
tests/test_prd014_model_qualification.py::test_each_case_passes_on_conforming_output_and_fails_otherwise[plain_completion]	16
tests/test_prd014_model_qualification.py::test_each_case_passes_on_conforming_output_and_fails_otherwise[finish_reason_stop]	16
tests/test_prd014_model_qualification.py::test_each_case_passes_on_conforming_output_and_fails_otherwise[structured_json]	16
tests/test_prd014_model_qualification.py::test_each_case_passes_on_conforming_output_and_fails_otherwise[multiline_json]	16
tests/test_prd014_model_qualification.py::test_each_case_passes_on_conforming_output_and_fails_otherwise[native_tool_calls]	16
tests/test_prd014_model_qualification.py::test_each_case_passes_on_conforming_output_and_fails_otherwise[multiple_tool_calls]	16
tests/test_prd014_model_qualification.py::test_each_case_passes_on_conforming_output_and_fails_otherwise[tool_argument_integrity]	16
tests/test_prd014_model_qualification.py::test_each_case_passes_on_conforming_output_and_fails_otherwise[output_truncation]	16
tests/test_prd014_model_qualification.py::test_each_case_passes_on_conforming_output_and_fails_otherwise[reasoning_behavior]	16
tests/test_prd014_model_qualification.py::test_each_case_passes_on_conforming_output_and_fails_otherwise[full_file_raw_content]	16
tests/test_prd014_model_qualification.py::test_each_case_passes_on_conforming_output_and_fails_otherwise[anchored_edit_protocol]	16
tests/test_prd014_model_qualification.py::test_each_case_passes_on_conforming_output_and_fails_otherwise[malformed_output_recovery]	16
tests/test_prd014_model_qualification.py::test_each_case_passes_on_conforming_output_and_fails_otherwise[endpoint_error_semantics]	16
tests/test_prd014_model_qualification.py::test_a_truncated_answer_never_passes_a_content_case	16
tests/test_prd014_model_qualification.py::test_the_truncation_case_sends_a_tiny_output_budget_without_the_reasoning_floor	16
tests/test_prd014_model_qualification.py::test_tool_cases_are_unavailable_not_pass_when_the_profile_disables_tools	16
tests/test_prd014_model_qualification.py::test_textual_tool_calls_do_not_pass_the_native_tool_case	16
tests/test_prd014_model_qualification.py::test_streaming_assembly_compares_deltas_with_the_normalized_content	16
tests/test_prd014_model_qualification.py::test_model_output_is_never_executed_by_qualification	16
tests/test_prd014_model_qualification.py::test_timeout_case_uses_a_short_timeout_client	16
tests/test_prd014_model_qualification.py::test_cancellation_case_requires_cancel_recorded_and_a_healthy_endpoint_afterwards	16
tests/test_prd014_model_qualification.py::test_endpoint_restart_is_unavailable_never_pass	16
tests/test_prd014_model_qualification.py::test_tokenizer_measurement_derives_margined_ascii_and_non_ascii_floors_from_real_usage	16
tests/test_prd014_model_qualification.py::test_tokenizer_measurement_without_reported_usage_is_unavailable	16
tests/test_prd014_model_qualification.py::test_a_crashing_case_is_a_fail_with_evidence	16
tests/test_prd014_model_qualification.py::test_the_record_carries_every_binding_input	16
tests/test_prd014_model_qualification.py::test_store_round_trip_and_default_location_is_outside_the_workspace	16
tests/test_prd014_model_qualification.py::test_a_store_inside_the_workspace_is_refused	16
tests/test_prd014_model_qualification.py::test_assessment_states	16
tests/test_prd014_model_qualification.py::test_protocol_or_policy_or_runtime_drift_makes_a_record_stale[adapter_version-kriya-openai-compat/0]	16
tests/test_prd014_model_qualification.py::test_protocol_or_policy_or_runtime_drift_makes_a_record_stale[policy_version-kriya-qualification/0]	16
tests/test_prd014_model_qualification.py::test_protocol_or_policy_or_runtime_drift_makes_a_record_stale[fingerprint_digest-0000000000000000000000000000000000000000000000000000000000000000]	16
tests/test_prd014_model_qualification.py::test_protocol_or_policy_or_runtime_drift_makes_a_record_stale[inference_settings_digest-sha256:0000000000000000000000000000000000000000000000000000000000000000]	16
tests/test_prd014_model_qualification.py::test_runtime_drift_finds_no_record_for_the_new_identity	16
tests/test_prd014_model_qualification.py::test_measured_limits_are_used_only_from_a_current_record	16
tests/test_prd014_model_qualification.py::test_measured_limits_come_only_from_passing_cases	16
tests/test_prd014_model_qualification.py::test_required_capabilities_follow_the_protocols_kriya_uses	16
tests/test_prd014_model_qualification.py::test_role_models_include_every_escalation_model	16
tests/test_prd014_model_qualification.py::test_run_qualification_refuses_a_runtime_that_is_not_exact	16
tests/test_prd014_model_qualification.py::test_run_qualification_runs_selected_cases_and_binds_the_fingerprint	16
tests/test_prd014_model_qualification.py::test_cli_qualify_saves_a_full_record_and_writes_the_handover_report	16
tests/test_prd014_model_qualification.py::test_cli_qualify_reports_a_non_exact_runtime_and_exits_nonzero	16
tests/test_prd014_model_qualification.py::test_cli_status_is_nonzero_until_every_role_is_qualified	16
tests/test_prd014_model_qualification.py::test_the_doctor_and_qualify_fingerprint_the_same_runtime_identically	16
tests/test_prd015_completion_result.py::test_a_complete_answer_is_ok_with_measured_usage_and_provider_ids	16
tests/test_prd015_completion_result.py::test_truncation_is_never_ok_even_when_the_text_looks_complete	16
tests/test_prd015_completion_result.py::test_empty_content_is_explicit	16
tests/test_prd015_completion_result.py::test_malformed_structured_output_is_explicit_but_the_text_is_kept_for_recovery	16
tests/test_prd015_completion_result.py::test_a_fenced_json_answer_is_valid_structured_output	16
tests/test_prd015_completion_result.py::test_a_backend_error_is_a_result_and_the_compat_api_reraises_the_original	16
tests/test_prd015_completion_result.py::test_a_timeout_is_explicit	16
tests/test_prd015_completion_result.py::test_cancellation_is_recorded_and_never_swallowed	16
tests/test_prd015_completion_result.py::test_qwen_think_wrapper_is_hidden_and_recorded_not_returned	16
tests/test_prd015_completion_result.py::test_ollama_separate_reasoning_field_is_recorded_not_returned	16
tests/test_prd015_completion_result.py::test_reasoning_cut_off_before_it_closed_is_empty_or_truncated_never_content	16
tests/test_prd015_completion_result.py::test_think_tags_inside_generated_source_are_left_alone_for_non_reasoning_models	16
tests/test_prd015_completion_result.py::test_native_tool_calls_are_normalized	16
tests/test_prd015_completion_result.py::test_hermes_text_tool_call_is_recovered_at_the_boundary	16
tests/test_prd015_completion_result.py::test_qwen_xml_text_tool_call_is_recovered_at_the_boundary	16
tests/test_prd015_completion_result.py::test_a_malformed_textual_tool_call_is_reported_never_executed	16
tests/test_prd015_completion_result.py::test_malformed_native_arguments_keep_the_established_empty_object_contract	16
tests/test_prd015_completion_result.py::test_structured_parse_status	16
tests/test_prd015_completion_result.py::test_telemetry_is_persisted_and_secret_free	16
tests/test_prd015_completion_result.py::test_developer_full_file_path_rejects_a_truncated_answer	16
tests/test_prd015_completion_result.py::test_developer_batch_file_list_rejects_a_truncated_answer	16
tests/test_prd015_completion_result.py::test_direct_generate_never_commits_a_truncated_file	16
tests/test_prd015_completion_result.py::test_milestone_sequence_never_commits_a_truncated_file	16
tests/test_prd015_completion_result.py::test_negative_control_the_same_answer_completed_normally_is_committed	16
tests/test_prd016_adaptive_budget.py::test_a_declared_tier_is_used_only_when_the_prompt_needs_it	16
tests/test_prd016_adaptive_budget.py::test_a_qualification_record_makes_a_tier_available_without_a_declaration	16
tests/test_prd016_adaptive_budget.py::test_a_failed_capacity_probe_overrides_the_operator_declaration	16
tests/test_prd016_adaptive_budget.py::test_a_tier_above_the_model_trained_length_is_never_selected	16
tests/test_prd016_adaptive_budget.py::test_the_smallest_sufficient_tier_is_chosen	16
tests/test_prd016_adaptive_budget.py::test_the_policy_hard_ceiling_bounds_the_tiers	16
tests/test_prd016_adaptive_budget.py::test_strict_policy_never_expands	16
tests/test_prd016_adaptive_budget.py::test_a_runtime_that_cannot_switch_windows_behaves_like_strict[openai-compatible-sha256:abc]	16
tests/test_prd016_adaptive_budget.py::test_a_runtime_that_cannot_switch_windows_behaves_like_strict[ollama-unavailable]	16
tests/test_prd016_adaptive_budget.py::test_a_grounded_expectation_enlarges_the_output_budget	16
tests/test_prd016_adaptive_budget.py::test_without_grounding_the_output_never_grows	16
tests/test_prd016_adaptive_budget.py::test_an_expectation_above_the_hard_output_ceiling_is_refused_before_inference	16
tests/test_prd016_adaptive_budget.py::test_the_empty_content_retry_is_capped_by_the_hard_output_ceiling_and_recorded	16
tests/test_prd016_adaptive_budget.py::test_a_truncated_answer_after_expansion_is_still_truncated	16
tests/test_prd016_adaptive_budget.py::test_a_tier_needs_the_capacity_probe_and_every_role_case_of_the_model	16
tests/test_prd016_adaptive_budget.py::test_qualification_config_sets_the_tier_on_the_binding_and_runs_strict	16
tests/test_prd016_adaptive_budget.py::test_recorded_tiers_are_discovered_for_the_same_artifact_only	16
tests/test_prd016_adaptive_budget.py::test_context_capacity_passes_when_a_near_window_prompt_keeps_both_markers	16
tests/test_prd016_adaptive_budget.py::test_context_capacity_fails_when_the_front_of_the_prompt_is_dropped	16
tests/test_prd016_adaptive_budget.py::test_context_capacity_fails_when_the_window_is_not_actually_filled	16
tests/test_prd016_adaptive_budget.py::test_context_capacity_is_unavailable_without_usage_or_a_known_window	16
tests/test_prd016_adaptive_budget.py::test_model_qualify_passes_the_context_window	16
tests/test_prd016_adaptive_budget.py::test_the_context_policy_is_security_authority	16
tests/test_prd016_adaptive_budget.py::test_an_unknown_policy_mode_is_rejected	16
tests/test_prd016_adaptive_budget.py::test_an_expansion_during_a_real_run_is_persisted_in_the_trace	19
tests/test_prd016_adaptive_budget.py::test_a_full_file_rewrite_is_budgeted_for_the_file_it_rewrites	19
tests/test_prd016_adaptive_budget.py::test_a_rewrite_that_cannot_fit_falls_back_to_an_anchored_patch	19
tests/test_prd016_adaptive_budget.py::test_a_full_file_only_model_keeps_the_typed_output_refusal	16
tests/test_prd016_adaptive_budget.py::test_an_output_refusal_is_a_typed_resource_failure	16
tests/test_prd016_adaptive_budget.py::test_a_budget_refusal_is_never_retried_as_one_larger_single_stage_request	16
tests/test_prd016_adaptive_budget.py::test_the_resume_fingerprint_binds_the_offered_context_tiers	16
tests/test_prd016_adaptive_budget.py::test_optional_sibling_contents_are_dropped_before_a_context_refusal	16
tests/test_prd016_adaptive_budget.py::test_a_prompt_that_does_not_fit_even_without_optional_context_is_refused	16
tests/test_prd016_adaptive_budget.py::test_context_capacity_refuses_a_non_local_endpoint	16
tests/test_prd016_adaptive_budget.py::test_context_capacity_uses_the_model_binding_client_when_one_is_given	16
tests/test_prd016_allocation.py::test_the_allocation_window_keeps_the_output_budget_framing_and_margin_free	16
tests/test_prd016_allocation.py::test_an_output_budget_above_half_the_window_reserves_half	16
tests/test_prd016_allocation.py::test_a_qualified_ratio_widens_the_allocation_window	16
tests/test_prd016_allocation.py::test_allocation_window_follows_the_served_window_and_the_output_budget	16
tests/test_prd016_allocation.py::test_allocation_window_uses_the_qualified_ratio_of_the_exact_runtime	16
tests/test_prd016_allocation.py::test_graph_context_never_exceeds_its_budget_even_at_signatures	16
tests/test_prd016_allocation.py::test_score_aware_omission_drops_the_lowest_scored_file_first	16
tests/test_prd016_allocation.py::test_context_within_budget_is_rendered_exactly_as_before	16
tests/test_prd016_allocation.py::test_every_section_budget_fits_the_dispatch_room_together	16
tests/test_prd016_allocation.py::test_review_batches_fit_beside_the_output_budget	16
tests/test_prd016_allocation.py::test_investigation_evidence_keeps_whole_items_and_names_the_rest	16
tests/test_prd016_allocation.py::test_a_fully_allocated_developer_prompt_keeps_its_whole_output_budget[32768-16384]	16
tests/test_prd016_allocation.py::test_a_fully_allocated_developer_prompt_keeps_its_whole_output_budget[65536-16384]	16
tests/test_prd016_allocation.py::test_a_fully_allocated_developer_prompt_keeps_its_whole_output_budget[16384-4096]	16
tests/test_prd016_allocation.py::test_a_small_window_trims_the_output_but_never_refuses[16384-16384]	16
tests/test_prd016_allocation.py::test_a_small_window_trims_the_output_but_never_refuses[8192-4096]	16
tests/test_prd016_token_budget.py::test_default_bound_counts_utf8_bytes_not_characters	16
tests/test_prd016_token_budget.py::test_the_default_bound_is_never_below_len_div_4[indented]	16
tests/test_prd016_token_budget.py::test_the_default_bound_is_never_below_len_div_4[java]	16
tests/test_prd016_token_budget.py::test_the_default_bound_is_never_below_len_div_4[json]	16
tests/test_prd016_token_budget.py::test_the_default_bound_is_never_below_len_div_4[python]	16
tests/test_prd016_token_budget.py::test_the_default_bound_is_never_below_len_div_4[stacktrace]	16
tests/test_prd016_token_budget.py::test_the_default_bound_is_never_below_len_div_4[unicode]	16
tests/test_prd016_token_budget.py::test_the_default_bound_is_never_below_len_div_4[xml]	16
tests/test_prd016_token_budget.py::test_non_ascii_text_is_counted_at_its_own_denser_rate	16
tests/test_prd016_token_budget.py::test_qualified_ratios_apply_per_character_class	16
tests/test_prd016_token_budget.py::test_an_exact_counter_is_used_when_registered_for_the_tokenizer	16
tests/test_prd016_token_budget.py::test_a_broken_exact_counter_degrades_visibly_to_the_bound	16
tests/test_prd016_token_budget.py::test_a_qualified_ratio_replaces_the_default	16
tests/test_prd016_token_budget.py::test_the_full_dispatch_is_counted_messages_tool_calls_and_schemas	16
tests/test_prd016_token_budget.py::test_a_fitting_request_keeps_its_full_output_budget	16
tests/test_prd016_token_budget.py::test_a_tight_request_gets_a_reduced_output_budget_never_below_the_minimum	16
tests/test_prd016_token_budget.py::test_an_unsatisfiable_request_is_refused_before_dispatch	16
tests/test_prd016_token_budget.py::test_reasoning_allowance_is_reserved_on_top_of_the_minimum_output	16
tests/test_prd016_token_budget.py::test_an_unknown_window_never_refuses_but_is_recorded	16
tests/test_prd016_token_budget.py::test_under_prediction_is_detected_after_the_call	16
tests/test_prd016_token_budget.py::test_32k_preferred_grows_to_a_qualified_64k_tier_when_the_prompt_requires_it	16
tests/test_prd016_token_budget.py::test_32k_stays_selected_when_it_is_sufficient	16
tests/test_prd016_token_budget.py::test_only_offered_tiers_are_ever_selected	16
tests/test_prd016_token_budget.py::test_the_smallest_sufficient_qualified_tier_is_selected	16
tests/test_prd016_token_budget.py::test_the_hard_context_ceiling_excludes_larger_tiers	16
tests/test_prd016_token_budget.py::test_strict_mode_never_exceeds_the_preferred_window	16
tests/test_prd016_token_budget.py::test_a_grounded_large_output_exceeds_the_normal_output_budget_within_qualified_limits	16
tests/test_prd016_token_budget.py::test_ungrounded_output_never_grows_and_never_triggers_expansion	16
tests/test_prd016_token_budget.py::test_expected_output_above_the_hard_output_ceiling_is_refused_before_dispatch	16
tests/test_prd016_token_budget.py::test_strict_mode_refuses_a_grounded_output_above_the_preferred_output	16
tests/test_prd016_token_budget.py::test_the_selection_evidence_is_complete	16
tests/test_prd016_token_budget.py::test_an_unsatisfiable_prompt_never_reaches_the_model	16
tests/test_prd016_token_budget.py::test_the_output_budget_sent_is_the_reduced_one	16
tests/test_prd016_token_budget.py::test_without_an_exact_runtime_the_config_window_is_the_declared_assumption	16
tests/test_prd016_token_budget.py::test_tool_turns_count_the_schemas	16
tests/test_prd016_token_budget.py::test_a_qualified_tokenizer_ratio_is_used_for_the_exact_runtime	16
tests/test_prd016_token_budget.py::test_a_refusal_inside_a_real_attempt_is_a_typed_failure_and_nothing_is_written	16
tests/test_prd017_fallback_transition.py::test_request_profile_is_resolved_for_the_model_actually_called	16
tests/test_prd017_fallback_transition.py::test_the_shared_output_default_is_the_packaged_llm_max_tokens	16
tests/test_prd017_fallback_transition.py::test_an_unset_fallback_output_budget_is_the_shared_default_not_the_primary_override	16
tests/test_prd017_fallback_transition.py::test_an_explicit_fallback_output_budget_wins	16
tests/test_prd017_fallback_transition.py::test_a_role_chain_entry_follows_the_same_output_budget_rule	16
tests/test_prd017_fallback_transition.py::test_a_call_to_the_fallback_uses_its_own_output_budget	16
tests/test_prd017_fallback_transition.py::test_developer_request_on_the_fallback_matches_the_fallback_runtime	16
tests/test_prd017_fallback_transition.py::test_developer_request_on_the_primary_keeps_the_primary_protocol	16
tests/test_prd017_fallback_transition.py::test_the_hop_is_recorded_field_by_field	16
tests/test_prd017_fallback_transition.py::test_a_whole_file_only_fallback_is_refused_when_the_attempt_may_only_patch	16
tests/test_prd017_fallback_transition.py::test_a_patch_capable_fallback_is_not_refused_for_the_same_attempt	16
tests/test_prd017_fallback_transition.py::test_a_failed_developer_qualification_case_refuses_the_fallback	16
tests/test_prd017_fallback_transition.py::test_missing_or_passing_qualification_is_not_a_refusal	16
tests/test_prd017_fallback_transition.py::test_the_production_profile_requires_a_qualified_fallback	16
tests/test_prd017_fallback_transition.py::test_a_fallback_with_no_prompt_room_is_refused	16
tests/test_prd017_fallback_transition.py::test_the_retry_progress_identity_changes_with_the_request_profile	16
tests/test_prd017_fallback_transition.py::test_the_change_record_is_json_serializable	16
tests/test_prd017_fallback_transition.py::test_an_incompatible_first_fallback_is_skipped_for_the_next_configured_one	16
tests/test_prd017_fallback_transition.py::test_a_compatible_fallback_is_never_reordered	16
tests/test_prd017_fallback_transition.py::test_every_fallback_incompatible_is_a_typed_failure_with_every_reason	16
tests/test_prd017_fallback_transition.py::test_a_required_patch_moves_the_call_to_the_next_patch_capable_fallback	16
tests/test_prd017_fallback_transition.py::test_the_run_escalates_past_an_incompatible_fallback_without_calling_it	19
tests/test_prd017_fallback_transition.py::test_triage_rides_the_same_fallback_the_generation_escalated_to	19
tests/test_prd017_fallback_transition.py::test_a_required_fallback_that_none_can_serve_ends_typed_with_primary_capacity_unused	19
tests/test_prd018_role_metrics.py::test_calls_are_attributed_to_the_innermost_role_scope	19
tests/test_prd018_role_metrics.py::test_role_scope_survives_awaits_and_does_not_leak_between_tasks	19
tests/test_prd018_role_metrics.py::test_metrics_are_keyed_by_exact_runtime_not_alias	19
tests/test_prd018_role_metrics.py::test_schema_failures_are_charged_to_the_runtime_that_answered	19
tests/test_prd018_role_metrics.py::test_attempt_outcomes_record_first_pass_and_retries	19
tests/test_prd018_role_metrics.py::test_since_reports_only_what_a_run_added	19
tests/test_prd018_role_metrics.py::test_shared_runtime_groups	19
tests/test_prd018_role_metrics.py::test_protocol_failure_statuses[OK-0]	19
tests/test_prd018_role_metrics.py::test_protocol_failure_statuses[EMPTY_CONTENT-1]	19
tests/test_prd018_role_metrics.py::test_protocol_failure_statuses[OUTPUT_TRUNCATED-1]	19
tests/test_prd018_role_metrics.py::test_protocol_failure_statuses[BACKEND_ERROR-1]	19
tests/test_prd018_role_metrics.py::test_protocol_failure_statuses[TIMEOUT-1]	19
tests/test_prd018_role_metrics.py::test_protocol_failure_statuses[CANCELLED-0]	19
tests/test_prd018_role_metrics.py::test_a_real_run_persists_per_role_metrics_and_the_role_runtime_assignment	20
tests/test_prd018_role_metrics.py::test_the_independence_policy_refuses_a_workflow_before_any_model_call	20
tests/test_prd018_role_metrics.py::test_the_policy_cannot_be_shown_on_an_unidentified_runtime	20
tests/test_prd018_role_metrics.py::test_doctor_row_is_informational_by_default_and_blocking_under_the_policy	20
tests/test_prd018_role_metrics.py::test_the_policy_is_security_authority	20
tests/test_prd018_role_metrics.py::test_an_unknown_policy_role_is_rejected	20
tests/test_prd018_role_metrics.py::test_calls_before_a_unit_run_are_reported_once_by_the_next_row	20
tests/test_prd019_milestone_route_resume.py::test_a_resumed_milestone_sequence_reuses_its_checkpointed_routes	19
tests/test_prd019_milestone_route_resume.py::test_a_milestone_resume_whose_saved_route_no_longer_holds_is_refused_before_any_request	16
tests/test_prd019_model_routing.py::test_capability_mismatch_is_rejected_with_its_reason	16
tests/test_prd019_model_routing.py::test_an_unqualified_runtime_is_never_chosen_even_with_a_better_score	16
tests/test_prd019_model_routing.py::test_a_non_exact_runtime_is_not_eligible	16
tests/test_prd019_model_routing.py::test_the_safe_context_need_rejects_a_smaller_window	16
tests/test_prd019_model_routing.py::test_metric_tie_breaks_by_operator_order_then_alias	16
tests/test_prd019_model_routing.py::test_a_measured_better_candidate_wins_over_operator_order	16
tests/test_prd019_model_routing.py::test_developer_is_scored_by_first_pass_gate_outcomes_not_call_success	16
tests/test_prd019_model_routing.py::test_too_few_calls_is_unmeasured_and_ranked_after_measured	16
tests/test_prd019_model_routing.py::test_a_qualified_explicit_override_always_wins	16
tests/test_prd019_model_routing.py::test_an_unqualified_explicit_override_falls_back_to_the_candidates	16
tests/test_prd019_model_routing.py::test_routes_are_reproducible	16
tests/test_prd019_model_routing.py::test_frozen_mode_replays_exactly_the_recorded_runtime	16
tests/test_prd019_model_routing.py::test_frozen_mode_refuses_any_drift[frozen0-candidates0-no route]	16
tests/test_prd019_model_routing.py::test_frozen_mode_refuses_any_drift[frozen1-candidates1-no longer]	16
tests/test_prd019_model_routing.py::test_frozen_mode_refuses_any_drift[frozen2-candidates2-frozen as old]	16
tests/test_prd019_model_routing.py::test_frozen_mode_refuses_any_drift[frozen3-candidates3-STALE]	16
tests/test_prd019_model_routing.py::test_aggregation_is_deterministic_and_order_independent	16
tests/test_prd019_model_routing.py::test_a_tampered_table_is_refused	16
tests/test_prd019_model_routing.py::test_a_missing_table_is_empty	16
tests/test_prd019_model_routing.py::test_one_qualification_record_is_reused_by_every_role_its_evidence_satisfies	16
tests/test_prd019_model_routing.py::test_a_record_covers_a_role_only_when_it_has_every_case_that_role_requires	16
tests/test_prd019_model_routing.py::test_a_runtime_lacking_a_developer_case_is_not_routed_to_the_developer	16
tests/test_prd019_model_routing.py::test_an_unqualified_placed_runtime_stays_ineligible	16
tests/test_prd019_model_routing.py::test_routing_off_changes_nothing	16
tests/test_prd019_model_routing.py::test_evidence_routing_binds_the_chosen_qualified_candidate	16
tests/test_prd019_model_routing.py::test_without_an_eligible_candidate_the_role_keeps_its_binding	16
tests/test_prd019_model_routing.py::test_the_developer_can_be_routed	16
tests/test_prd019_model_routing.py::test_measured_outcomes_from_the_table_decide_between_qualified_candidates	16
tests/test_prd019_model_routing.py::test_frozen_routing_replays_and_refuses_drift	16
tests/test_prd019_model_routing.py::test_a_role_on_its_configured_binding_cannot_be_frozen	16
tests/test_prd019_model_routing.py::test_routing_config_is_validated_and_security_authority	16
tests/test_prd019_model_routing.py::test_the_workflow_command_applies_routes_and_the_run_records_them	19
tests/test_prd019_model_routing.py::test_a_candidate_aliasing_another_binding_with_other_settings_is_refused	19
tests/test_prd019_model_routing.py::test_a_candidate_identical_to_the_binding_it_aliases_is_accepted	19
tests/test_prd019_model_routing.py::test_a_resume_reuses_the_run_route_even_when_the_table_now_prefers_another	19
tests/test_prd019_model_routing.py::test_a_resume_whose_saved_runtime_drifted_is_refused	19
tests/test_prd019_model_routing.py::test_a_resume_keeps_a_configured_default_and_refuses_a_changed_role_set	16
tests/test_prd019_model_routing.py::test_the_workflow_command_replays_the_resumed_checkpoint_routes	16
tests/test_prd019_model_routing.py::test_the_workflow_command_refuses_a_resume_whose_route_no_longer_holds	16
tests/test_prd019_model_routing.py::test_a_direct_resume_never_takes_routes_from_another_runs_newer_checkpoint	16
tests/test_prd020_milestone_requirements.py::test_only_the_integration_unit_verifies_the_plans_original_requirements	21
tests/test_prd020_milestone_requirements.py::test_a_milestone_plan_is_not_successful_with_an_unverified_original_requirement	16
tests/test_prd020_milestone_requirements.py::test_a_failed_integration_check_reports_the_milestones_it_leaves_committed	16
tests/test_prd020_milestone_requirements.py::test_only_settled_committed_cycles_count_as_committed_units	16
tests/test_prd020_milestone_requirements.py::test_a_milestone_that_fails_after_its_own_commit_is_reported_as_applied	16
tests/test_prd020_mutation_scope.py::test_only_a_whole_file_boundary_statement_is_a_mutation_scope_requirement[Do not modify any other file in the repository.-True]	16
tests/test_prd020_mutation_scope.py::test_only_a_whole_file_boundary_statement_is_a_mutation_scope_requirement[Don't change any other files.-True]	16
tests/test_prd020_mutation_scope.py::test_only_a_whole_file_boundary_statement_is_a_mutation_scope_requirement[Never touch any other file in this project-True]	16
tests/test_prd020_mutation_scope.py::test_only_a_whole_file_boundary_statement_is_a_mutation_scope_requirement[Do not change the method's signature, its annotations, or any other method in this class.-False]	16
tests/test_prd020_mutation_scope.py::test_only_a_whole_file_boundary_statement_is_a_mutation_scope_requirement[Keep the change small.-False]	16
tests/test_prd020_mutation_scope.py::test_only_a_whole_file_boundary_statement_is_a_mutation_scope_requirement[Do not modify any other file unless the tests need it.-False]	16
tests/test_prd020_mutation_scope.py::test_an_explicit_mutation_target_is_allowed	16
tests/test_prd020_mutation_scope.py::test_two_explicit_mutation_targets_are_allowed	16
tests/test_prd020_mutation_scope.py::test_a_reference_path_is_not_allowed	16
tests/test_prd020_mutation_scope.py::test_an_undeterminable_path_role_is_ambiguous_not_allowed[Fix src/A.java; the failure shows in tests/test_a.py. Do not modify any other file in the repository.-ambiguous0]	16
tests/test_prd020_mutation_scope.py::test_an_undeterminable_path_role_is_ambiguous_not_allowed[Replace src/A.java logic with src/B.java. Do not modify any other file in the repository.-ambiguous1]	16
tests/test_prd020_mutation_scope.py::test_an_undeterminable_path_role_is_ambiguous_not_allowed[Create src/New.java next to src/A.java. Do not modify any other file in the repository.-ambiguous2]	16
tests/test_prd020_mutation_scope.py::test_an_undeterminable_path_role_is_ambiguous_not_allowed[Compare src/A.java with src/B.java and then modify src/A.java. Do not modify any other file in the repository.-ambiguous3]	16
tests/test_prd020_mutation_scope.py::test_exact_paths_only_and_negated_or_created_paths_keep_their_role	16
tests/test_prd020_mutation_scope.py::test_modifying_a_referenced_but_unauthorized_path_is_violated	16
tests/test_prd020_mutation_scope.py::test_an_ambiguous_path_role_leaves_the_requirement_unresolved_even_when_in_scope	16
tests/test_prd020_mutation_scope.py::test_the_demo03_goal_allows_only_the_file_it_asks_to_fix	16
tests/test_prd020_mutation_scope.py::test_exact_one_file_scope_with_only_that_file_changed_closes[unverified]	16
tests/test_prd020_mutation_scope.py::test_exact_one_file_scope_with_only_that_file_changed_closes[satisfied]	16
tests/test_prd020_mutation_scope.py::test_a_second_changed_file_is_violated_and_blocks_whatever_the_verifier_said[unverified]	16
tests/test_prd020_mutation_scope.py::test_a_second_changed_file_is_violated_and_blocks_whatever_the_verifier_said[satisfied]	16
tests/test_prd020_mutation_scope.py::test_a_planner_selected_file_without_an_authoritative_scope_cannot_close	16
tests/test_prd020_mutation_scope.py::test_stale_evidence_from_an_earlier_candidate_never_closes_or_violates_a_later_one	16
tests/test_prd020_mutation_scope.py::test_foreign_changes_or_missing_evidence_leave_it_unresolved[scope0-did not make]	16
tests/test_prd020_mutation_scope.py::test_foreign_changes_or_missing_evidence_leave_it_unresolved[scope1-unavailable]	16
tests/test_prd020_mutation_scope.py::test_foreign_changes_or_missing_evidence_leave_it_unresolved[None-unavailable]	16
tests/test_prd020_mutation_scope.py::test_no_verdict_is_never_closed_by_scope_evidence	16
tests/test_prd020_mutation_scope.py::test_direct_run_decides_the_scope_requirement_from_what_the_candidate_changed[written0-True]	16
tests/test_prd020_mutation_scope.py::test_direct_run_decides_the_scope_requirement_from_what_the_candidate_changed[written1-False]	16
tests/test_prd020_mutation_scope.py::test_enforce_terminal_gate_decides_the_scope_requirement[Add a run() entry point to `app.py`.\n\nDo not modify any other file in the repository.\n-planned0-closed_by_evidence]	16
tests/test_prd020_mutation_scope.py::test_enforce_terminal_gate_decides_the_scope_requirement[Add a run() entry point to `app.py`.\n\nDo not modify any other file in the repository.\n-planned1-violated]	16
tests/test_prd020_mutation_scope.py::test_enforce_terminal_gate_decides_the_scope_requirement[Add a run() entry point.\n\nDo not modify any other file in the repository.\n-planned2-unverified]	16
tests/test_prd020_mutation_scope.py::test_milestone_final_check_uses_the_runs_exact_committed_path_history[m1.py-closed_by_evidence]	19
tests/test_prd020_mutation_scope.py::test_milestone_final_check_uses_the_runs_exact_committed_path_history[m2.py-violated]	19
tests/test_prd020_requirement_lineage.py::test_list_items_and_prose_become_ordered_requirements_in_the_users_words	19
tests/test_prd020_requirement_lineage.py::test_derivation_is_deterministic_and_revision_bound	19
tests/test_prd020_requirement_lineage.py::test_sentences_split_but_not_inside_code_spans_or_abbreviations	19
tests/test_prd020_requirement_lineage.py::test_a_single_statement_goal_is_one_requirement_and_numbered_items_split	19
tests/test_prd020_requirement_lineage.py::test_accepted_clarifications_extend_the_set_without_renumbering_the_goal	19
tests/test_prd020_requirement_lineage.py::test_the_verifiers_verdict_becomes_authoritative_over_the_seed	19
tests/test_prd020_requirement_lineage.py::test_a_later_violation_is_a_recorded_regression_and_always_blocks	19
tests/test_prd020_requirement_lineage.py::test_unknown_and_unverified_block_only_under_their_policy	19
tests/test_prd020_requirement_lineage.py::test_the_generic_terminal_aggregation_leaves_original_requirements_to_their_policy	19
tests/test_prd020_requirement_lineage.py::test_seeding_is_idempotent_and_survives_a_checkpoint_round_trip	19
tests/test_prd020_requirement_lineage.py::test_lineage_is_citation_only_and_an_omitted_requirement_stays_listed	19
tests/test_prd020_requirement_lineage.py::test_verdict_parsing_ignores_invented_ids_and_unreadable_verdicts	19
tests/test_prd020_requirement_lineage.py::test_policies_are_security_authority_and_production_seals_both	19
tests/test_prd020_requirement_lineage.py::test_a_missing_claim_counts_only_for_a_requirement_naming_something_concrete	19
tests/test_prd020_requirement_lineage.py::test_the_verifier_cannot_fail_the_gate_on_general_prose	19
tests/test_prd020_requirement_lineage.py::test_the_verifier_names_a_missing_requirement_by_id_and_original_text	19
tests/test_prd020_requirement_lineage.py::test_a_plan_may_not_invent_a_requirement_id_but_may_leave_one_unmapped	19
tests/test_prd020_requirement_lineage.py::test_a_paraphrasing_plan_cannot_drop_a_requirement_and_the_retry_names_it	21
tests/test_prd020_requirement_lineage.py::test_a_requirement_without_a_verdict_blocks_before_apply_under_the_block_policy	21
tests/test_prd020_requirement_lineage.py::test_the_record_policy_reports_an_unknown_requirement_without_blocking	16
tests/test_prd020_requirement_lineage.py::test_a_resumed_run_keeps_the_same_requirement_ids_not_the_saved_plans_wording	19
tests/test_prd020_requirement_lineage.py::test_enforce_terminal_gate_holds_a_requirement_no_subtask_mapped	16
tests/test_prd020_requirement_lineage.py::test_kriyas_own_placeholder_goal_derives_no_requirements	19
tests/test_prd020_requirement_lineage.py::test_the_fix_command_marks_its_goal_as_kriyas_own	16
tests/test_prd020_requirement_lineage.py::test_production_blocks_no_verdict_cannot_confirm_and_violated	16
tests/test_prd020_requirement_lineage.py::test_cannot_confirm_from_code_is_never_satisfied_without_other_evidence	16
tests/test_prd020_requirement_lineage.py::test_closure_evidence_for_the_same_candidate_closes_cannot_confirm	16
tests/test_prd020_requirement_lineage.py::test_closure_evidence_never_carries_over_to_another_candidate	16
tests/test_prd020_requirement_lineage.py::test_violated_and_no_verdict_always_block_even_with_closure_evidence	16
tests/test_prd020_requirement_lineage.py::test_named_tests_come_from_the_requirement_text_only	16
tests/test_prd020_requirement_lineage.py::test_a_named_test_closes_only_when_unmodified_executed_and_passing[modified0-result0-True-None]	16
tests/test_prd020_requirement_lineage.py::test_a_named_test_closes_only_when_unmodified_executed_and_passing[modified1-result1-False-written or changed]	16
tests/test_prd020_requirement_lineage.py::test_a_named_test_closes_only_when_unmodified_executed_and_passing[modified2-result2-False-did not execute]	16
tests/test_prd020_requirement_lineage.py::test_a_named_test_closes_only_when_unmodified_executed_and_passing[modified3-result3-False-failed]	16
tests/test_prd020_requirement_lineage.py::test_production_run_closes_cannot_confirm_only_by_running_the_named_test[named_result0-True]	19
tests/test_prd020_requirement_lineage.py::test_production_run_closes_cannot_confirm_only_by_running_the_named_test[named_result1-False]	22
tests/test_prd020_requirement_lineage.py::test_production_run_blocks_cannot_confirm_with_no_other_evidence	19
tests/test_prd020_requirement_lineage.py::test_the_migration_gate_closes_only_the_requirement_stating_the_migration	19
tests/test_prd020_requirement_lineage.py::test_enforce_terminal_gate_closes_cannot_confirm_only_by_the_named_test[named_result0-True]	16
tests/test_prd020_requirement_lineage.py::test_enforce_terminal_gate_closes_cannot_confirm_only_by_the_named_test[named_result1-False]	16
tests/test_prd020_requirement_lineage.py::test_enforce_terminal_migration_gate_closes_the_migration_requirement	16
tests/test_prd021_grounded_ownership.py::test_exact_name_containment_and_scored_owner_resolution_are_unchanged	16
tests/test_prd021_grounded_ownership.py::test_before_this_change_differently_named_owners_pass_as_new	16
tests/test_prd021_grounded_ownership.py::test_a_candidate_needs_the_goal_to_name_its_responsibility	16
tests/test_prd021_grounded_ownership.py::test_a_shared_domain_noun_alone_is_never_a_candidate	16
tests/test_prd021_grounded_ownership.py::test_findings_for_differently_named_new_owners_and_none_for_unrelated_files	16
tests/test_prd021_grounded_ownership.py::test_a_justification_alone_acknowledges_but_never_satisfies	16
tests/test_prd021_grounded_ownership.py::test_goal_intent_removal_or_human_approval_satisfy	16
tests/test_prd021_grounded_ownership.py::test_findings_are_grounded_non_terminal_obligations	16
tests/test_prd021_grounded_ownership.py::test_the_justification_is_read_from_the_structured_file_list_block	16
tests/test_prd021_grounded_ownership.py::test_the_direct_run_surfaces_the_owner_before_planning_and_the_finding_before_writing	16
tests/test_prd021_grounded_ownership.py::test_enforce_shows_candidates_to_the_planner_and_records_an_acknowledged_finding	16
tests/test_prd022_ownership_recovery.py::test_the_first_corrective_retry_carries_the_exact_owner_source_and_nothing_unrelated	16
tests/test_prd022_ownership_recovery.py::test_a_repeated_violation_still_invalidates_the_architectural_choice	16
tests/test_prd022_ownership_recovery.py::test_a_near_duplicate_reaches_the_reviewer_as_advisory_evidence_and_fails_no_gate	16
tests/test_prd022_ownership_recovery.py::test_a_duplicate_created_without_a_planned_finding_is_found_after_generation	16
tests/test_prd022_ownership_recovery.py::test_a_human_approver_sees_the_finding_as_evidence_not_a_denial	16
tests/test_prd022_ownership_recovery.py::test_a_parallel_file_the_approved_plan_declares_is_kept_and_only_the_test_restored	16
tests/test_prd023_contract_classification.py::test_a_removed_signature_with_an_active_caller_is_unauthorized	16
tests/test_prd023_contract_classification.py::test_a_directly_authorized_change_is_classified_authorized_direct	16
tests/test_prd023_contract_classification.py::test_an_ambiguous_downstream_migration_is_potentially_derived_never_authorized	16
tests/test_prd023_contract_classification.py::test_an_unsupported_relationship_is_indeterminate	16
tests/test_prd023_contract_classification.py::test_callers_left_on_the_old_shape_or_no_authorized_change_at_all_are_unauthorized	16
tests/test_prd023_contract_classification.py::test_the_default_policy_never_asks_and_stays_blocked	16
tests/test_prd023_contract_classification.py::test_autonomous_mode_fails_closed_when_a_human_is_required_but_unavailable	16
tests/test_prd023_contract_classification.py::test_a_declined_escalation_stays_blocked	16
tests/test_prd023_contract_classification.py::test_an_approval_creates_a_revision_bound_record_for_only_the_offered_changes	16
tests/test_prd023_contract_classification.py::test_the_pre_write_gate_escalates_and_the_approval_authorizes_the_candidate	16
tests/test_prd024_baseline_auto_policy.py::test_auto_trigger_matrix[None-planned0-rev-False]	16
tests/test_prd024_baseline_auto_policy.py::test_auto_trigger_matrix[route1-planned1-rev-False]	16
tests/test_prd024_baseline_auto_policy.py::test_auto_trigger_matrix[route2-planned2-None-False]	16
tests/test_prd024_baseline_auto_policy.py::test_auto_trigger_matrix[route3-planned3-rev-False]	16
tests/test_prd024_baseline_auto_policy.py::test_auto_trigger_matrix[route4-planned4-rev-False]	16
tests/test_prd024_baseline_auto_policy.py::test_auto_trigger_matrix[route5-planned5-rev-True]	16
tests/test_prd024_baseline_auto_policy.py::test_auto_trigger_matrix[route6-planned6-rev-True]	16
tests/test_prd024_baseline_auto_policy.py::test_auto_trigger_matrix[route7-planned7-rev-True]	16
tests/test_prd024_baseline_auto_policy.py::test_auto_trigger_matrix[route8-planned8-rev-True]	16
tests/test_prd024_baseline_auto_policy.py::test_auto_trigger_matrix[route9-planned9-rev-True]	16
tests/test_prd024_baseline_auto_policy.py::test_auto_trigger_matrix[route10-planned10-rev-True]	16
tests/test_prd024_baseline_auto_policy.py::test_auto_trigger_matrix[route11-planned11-rev-True]	16
tests/test_prd024_baseline_auto_policy.py::test_auto_trigger_matrix[route12-planned12-rev-True]	16
tests/test_prd024_baseline_auto_policy.py::test_auto_trigger_matrix[route13-planned13-rev-False]	16
tests/test_prd024_baseline_auto_policy.py::test_a_low_risk_edit_to_a_tested_source_records_the_test_but_takes_no_baseline	16
tests/test_prd024_baseline_auto_policy.py::test_a_repository_without_tests_never_triggers	16
tests/test_prd024_baseline_auto_policy.py::test_explicit_policies_are_unchanged	16
tests/test_prd024_baseline_auto_policy.py::test_pre_existing_new_and_fixed_failures_are_told_apart	16
tests/test_prd024_baseline_auto_policy.py::test_a_different_environment_is_not_comparable_and_blocks	16
tests/test_prd024_baseline_auto_policy.py::test_under_contained_execution_only_a_real_toolchain_change_alters_the_environment	16
tests/test_prd024_baseline_auto_policy.py::test_a_toolchain_migration_excuses_no_failure_but_a_green_suite_passes	16
tests/test_prd024_baseline_auto_policy.py::test_an_unavailable_per_test_comparison_is_stated_never_read_as_no_failures	16
tests/test_prd024_baseline_auto_policy.py::test_a_known_pre_existing_failure_is_not_misread_as_a_new_regression	21
tests/test_prd024_baseline_auto_policy.py::test_a_new_failure_still_blocks_under_the_auto_baseline	24
tests/test_prd024_baseline_auto_policy.py::test_a_required_baseline_that_cannot_be_captured_stops_before_generation	16
tests/test_prd024_baseline_auto_policy.py::test_a_trivial_change_does_not_pay_for_a_full_baseline	21
tests/test_prd024_baseline_auto_policy.py::test_an_exact_prior_full_suite_result_is_reused_not_rerun	21
tests/test_prd024_baseline_auto_policy.py::test_prior_evidence_for_another_state_is_not_reused[prior0-the workspace changed since]	21
tests/test_prd024_baseline_auto_policy.py::test_prior_evidence_for_another_state_is_not_reused[prior1-a different toolchain/containment/verification policy]	21
tests/test_prd024_baseline_auto_policy.py::test_prior_evidence_for_another_state_is_not_reused[prior2-a targeted run is not the full suite]	21
tests/test_prd024_baseline_auto_policy.py::test_a_prior_run_that_did_not_complete_is_not_reused	21
tests/test_prd024_baseline_auto_policy.py::test_the_verification_policy_is_part_of_the_environment_identity	21
tests/test_prd024_baseline_auto_policy.py::test_the_next_run_reuses_the_applied_candidates_full_suite_run	19
tests/test_prd024_baseline_auto_policy.py::test_a_changed_workspace_or_policy_is_baselined_again	19
tests/test_prd024_baseline_auto_policy.py::test_a_milestone_reuses_the_previous_milestones_full_suite_run	19
tests/test_prd025_verifier_evidence.py::test_small_output_is_sent_verbatim_and_not_truncated	19
tests/test_prd025_verifier_evidence.py::test_huge_output_keeps_start_middle_and_end_markers_within_budget	19
tests/test_prd025_verifier_evidence.py::test_repeated_signature_lines_collapse_with_occurrence_count	19
tests/test_prd025_verifier_evidence.py::test_capture_truncation_is_reported_and_distinct_from_package_truncation	19
tests/test_prd025_verifier_evidence.py::test_decisive_window_that_cannot_fit_is_recorded_as_omitted	19
tests/test_prd025_verifier_evidence.py::test_byte_budget_holds_for_non_ascii_output	19
tests/test_prd025_verifier_evidence.py::test_combined_output_fallback_when_steps_carry_no_stream_text	19
tests/test_prd025_verifier_evidence.py::test_decisive_signature_overflow_counts_but_routine_error_overflow_does_not	19
tests/test_prd025_verifier_evidence.py::test_verbose_package_truncation_alone_does_not_demote_pass	19
tests/test_prd025_verifier_evidence.py::test_pass_with_capture_loss_becomes_unknown	19
tests/test_prd025_verifier_evidence.py::test_pass_with_omitted_decisive_window_becomes_unknown	19
tests/test_prd025_verifier_evidence.py::test_fail_and_unknown_are_never_upgraded	19
tests/test_prd025_verifier_evidence.py::test_parse_reported_verdict[parsed0-True-PASS]	19
tests/test_prd025_verifier_evidence.py::test_parse_reported_verdict[parsed1-False-FAIL]	19
tests/test_prd025_verifier_evidence.py::test_parse_reported_verdict[parsed2-False-UNKNOWN]	19
tests/test_prd025_verifier_evidence.py::test_parse_reported_verdict[parsed3-True-UNKNOWN]	19
tests/test_prd025_verifier_evidence.py::test_parse_reported_verdict[parsed4-True-PASS]	19
tests/test_prd025_verifier_evidence.py::test_parse_reported_verdict[parsed5-False-FAIL]	19
tests/test_prd025_verifier_evidence.py::test_goal_declares_expected_nonzero_exit[Invalid input prints INVALID_INPUT and exits non-zero.-True]	19
tests/test_prd025_verifier_evidence.py::test_goal_declares_expected_nonzero_exit[On bad input exit with a nonzero status-True]	19
tests/test_prd025_verifier_evidence.py::test_goal_declares_expected_nonzero_exit[the CLI should exit with code 2 when the file is missing-True]	19
tests/test_prd025_verifier_evidence.py::test_goal_declares_expected_nonzero_exit[return a non-zero exit code on failure-True]	19
tests/test_prd025_verifier_evidence.py::test_goal_declares_expected_nonzero_exit[exits with an error for unknown flags-True]	19
tests/test_prd025_verifier_evidence.py::test_goal_declares_expected_nonzero_exit[Print hello and exit.-False]	19
tests/test_prd025_verifier_evidence.py::test_goal_declares_expected_nonzero_exit[The program must not exit non-zero.-False]	19
tests/test_prd025_verifier_evidence.py::test_goal_declares_expected_nonzero_exit[never exit with a nonzero status-False]	19
tests/test_prd025_verifier_evidence.py::test_goal_declares_expected_nonzero_exit[-False]	19
tests/test_prd025_verifier_evidence.py::test_nonzero_exit_overrides_llm_pass_when_goal_does_not_declare_it	19
tests/test_prd025_verifier_evidence.py::test_nonzero_exit_admitted_only_when_goal_declares_it_and_app_launched	19
tests/test_prd025_verifier_evidence.py::test_declared_nonzero_exit_still_fails_when_a_setup_step_failed	19
tests/test_prd025_verifier_evidence.py::test_declared_nonzero_exit_codes[Invalid input exits non-zero.-codes0]	19
tests/test_prd025_verifier_evidence.py::test_declared_nonzero_exit_codes[the CLI should exit with code 2 when the file is missing-codes1]	19
tests/test_prd025_verifier_evidence.py::test_declared_nonzero_exit_codes[return code of 3 for bad flags; exit with code 4 for a missing file-codes2]	19
tests/test_prd025_verifier_evidence.py::test_declared_nonzero_exit_codes[exit with code 2, or exits non-zero on any other error-codes3]	19
tests/test_prd025_verifier_evidence.py::test_declared_nonzero_exit_codes[never exit with code 2-codes4]	19
tests/test_prd025_verifier_evidence.py::test_declared_nonzero_exit_codes[Print hello.-codes5]	19
tests/test_prd025_verifier_evidence.py::test_an_exit_code_other_than_the_declared_one_always_fails[2-PASS-EXPECTED_NONZERO_EXIT_GROUNDED]	19
tests/test_prd025_verifier_evidence.py::test_an_exit_code_other_than_the_declared_one_always_fails[1-FAIL-NONZERO_EXIT_AUTHORITATIVE]	19
tests/test_prd025_verifier_evidence.py::test_an_exit_code_other_than_the_declared_one_always_fails[139-FAIL-NONZERO_EXIT_AUTHORITATIVE]	19
tests/test_prd025_verifier_evidence.py::test_a_declared_exit_from_an_application_that_never_launched_fails	19
tests/test_prd025_verifier_evidence.py::test_a_declared_exit_still_needs_the_semantic_verdict	19
tests/test_prd025_verifier_evidence.py::test_verifier_text_declaring_the_exit_grants_nothing	19
tests/test_prd025_verifier_evidence.py::test_timeout_is_authoritative_over_a_pass_grade	19
tests/test_prd025_verifier_evidence.py::test_unknown_semantic_verdict_is_never_pass_on_a_clean_exit	19
tests/test_prd025_verifier_evidence.py::test_clean_exit_pass_stays_pass_and_is_idempotent	19
tests/test_prd025_verifier_evidence.py::test_process_exit_authority_disposition[True-PASS]	19
tests/test_prd025_verifier_evidence.py::test_process_exit_authority_disposition[False-FAIL]	19
tests/test_prd025_verifier_evidence.py::test_outcome_fields_only_when_present	19
tests/test_prd025_verifier_evidence.py::test_process_controller_counts_lost_capture_characters	19
tests/test_prd025_verifier_evidence.py::test_process_result_dict_omits_lost_counts_when_nothing_lost	19
tests/test_prd025_verifier_evidence.py::test_grade_prompt_is_bounded_by_the_selected_model_budget	19
tests/test_prd025_verifier_evidence.py::test_grade_rebuilds_the_package_for_a_smaller_fallback	16
tests/test_prd025_verifier_evidence.py::test_grade_pass_over_capture_loss_is_unknown	16
tests/test_prd025_verifier_evidence.py::test_grade_call_failure_is_unknown_not_pass	16
tests/test_prd025_verifier_evidence.py::test_grade_malformed_response_is_unknown	16
tests/test_prd025_verifier_evidence.py::test_grade_legacy_passed_only_response_still_supported	16
tests/test_prd026_retry_progress.py::test_vector_digest_is_stable_and_order_insensitive	16
tests/test_prd026_retry_progress.py::test_changed_dimensions_names_exactly_the_delta	16
tests/test_prd026_retry_progress.py::test_context_revisions_and_repair_contract_are_normalized	16
tests/test_prd026_retry_progress.py::test_classify_progress[kwargs0-expected0]	16
tests/test_prd026_retry_progress.py::test_classify_progress[kwargs1-expected1]	16
tests/test_prd026_retry_progress.py::test_classify_progress[kwargs2-expected2]	16
tests/test_prd026_retry_progress.py::test_classify_progress[kwargs3-expected3]	16
tests/test_prd026_retry_progress.py::test_every_retrying_action_has_an_audited_material_delta	16
tests/test_prd026_retry_progress.py::test_each_family_same_vector_is_not_progress_changed_material_dim_is[targeted]	16
tests/test_prd026_retry_progress.py::test_each_family_same_vector_is_not_progress_changed_material_dim_is[missing_files]	16
tests/test_prd026_retry_progress.py::test_each_family_same_vector_is_not_progress_changed_material_dim_is[fallback_targeted]	16
tests/test_prd026_retry_progress.py::test_each_family_same_vector_is_not_progress_changed_material_dim_is[full_set]	16
tests/test_prd026_retry_progress.py::test_each_family_same_vector_is_not_progress_changed_material_dim_is[api_contract_recovery]	16
tests/test_prd026_retry_progress.py::test_alternating_cycle_is_not_progress_and_terminates	16
tests/test_prd026_retry_progress.py::test_same_cycle_without_vectors_is_the_legacy_gap	16
tests/test_prd026_retry_progress.py::test_identical_generated_bytes_cannot_reset_progress_by_switching_action	16
tests/test_prd026_retry_progress.py::test_progress_vector_event_reports_changed_dimensions	16
tests/test_prd026_retry_progress.py::test_api_contract_recovery_keeps_its_hard_maximum	16
tests/test_prd026_retry_progress.py::test_api_contract_recovery_cycle_is_detected	16
tests/test_prd026_retry_progress.py::test_sampling_resample_permitted[targeted-0.7-True]	16
tests/test_prd026_retry_progress.py::test_sampling_resample_permitted[full_set-0.2-True]	16
tests/test_prd026_retry_progress.py::test_sampling_resample_permitted[missing_files-None-True]	16
tests/test_prd026_retry_progress.py::test_sampling_resample_permitted[fallback_targeted-0.5-True]	16
tests/test_prd026_retry_progress.py::test_sampling_resample_permitted[targeted-0.0-False]	16
tests/test_prd026_retry_progress.py::test_sampling_resample_permitted[api_contract_recovery-0.7-False]	16
tests/test_prd026_retry_progress.py::test_sampling_resample_permitted[None-0.7-False]	16
tests/test_prd026_retry_progress.py::test_identical_evidence_is_a_budgeted_sampling_resample_at_nonzero_temperature	16
tests/test_prd026_retry_progress.py::test_identical_evidence_is_refused_at_temperature_zero	16
tests/test_prd026_retry_progress.py::test_retry_temperature_overrides_the_binding_temperature	16
tests/test_prd026_retry_progress.py::test_fallback_binding_temperature_is_used_for_a_fallback_retry	16
tests/test_prd026_retry_progress.py::test_deterministic_evidence_cycle_is_blocked_against_any_earlier_attempt	16
tests/test_prd026_retry_progress.py::test_retry_progress_summary_on_a_run_without_retries	16
tests/test_prd026_retry_progress.py::test_no_progress_cli_message_names_the_terminal_reason	16
tests/test_prd026_retry_progress.py::test_deterministic_diagnostics_are_a_material_dimension	16
tests/test_prd026_retry_progress.py::test_workflow_result_reports_terminal_no_progress	19
tests/test_prd026_retry_progress.py::test_workflow_success_result_carries_an_idle_retry_progress_block	16
tests/test_prd026_retry_progress.py::test_a_genuinely_new_vector_after_repeats_restarts_the_counter	16
tests/test_prd027_context_certification.py::test_every_golden_item_gets_a_typed_outcome	16
tests/test_prd027_context_certification.py::test_empty_package_scores_every_item_not_retrieved_with_zero_precision	16
tests/test_prd027_context_certification.py::test_targets_are_fixed_version_controlled_and_cover_every_class	16
tests/test_prd027_context_certification.py::test_indiscriminate_retrieval_cannot_certify	16
tests/test_prd027_context_certification.py::test_deterministic_suite_meets_every_target_without_any_model_call	16
tests/test_prd027_context_certification.py::test_deterministic_suite_is_reproducible	16
tests/test_prd027_context_certification.py::test_certification_covers_every_production_retrieval_policy	16
tests/test_prd027_context_certification.py::test_status_not_applicable_without_a_code_index	16
tests/test_prd027_context_certification.py::test_status_unavailable_when_the_embedding_runtime_cannot_be_proven	16
tests/test_prd027_context_certification.py::test_status_transitions	16
tests/test_prd027_context_certification.py::test_a_deterministic_report_never_satisfies_production	16
tests/test_prd027_context_certification.py::test_a_different_embedding_runtime_is_a_stale_certification	16
tests/test_prd027_context_certification.py::test_record_is_stored_under_the_state_directory_atomically	16
tests/test_prd027_context_certification.py::test_cli_refuses_to_certify_an_unproven_embedding_runtime	16
tests/test_prd027_context_certification.py::test_cli_certifies_and_records	16
tests/test_prd027_context_certification.py::test_precision_below_target_blocks_even_when_every_class_recalls	16
tests/test_prd027_context_certification.py::test_a_record_whose_identity_does_not_match_its_key_is_rejected	16
tests/test_prd027_context_certification.py::test_cli_exits_nonzero_when_the_suite_does_not_certify	16
tests/test_prd027_context_certification.py::test_an_embedding_model_runtime_can_be_proven_exact	16
tests/test_prd027_context_certification.py::test_embedding_dimension_change_stales_the_certification	16
tests/test_prd027_context_certification.py::test_index_or_retrieval_implementation_change_stales_the_certification	16
tests/test_prd027_context_certification.py::test_retrieval_limit_policy_change_stales_the_certification	16
tests/test_prd027_context_certification.py::test_chat_model_change_alone_keeps_the_certification_current	16
tests/test_prd027_context_certification.py::test_chat_qualification_or_window_is_never_consulted	16
tests/test_prd027_context_certification.py::test_certify_runs_with_the_chat_endpoint_unavailable	16
tests/test_prd027_context_certification.py::test_an_index_without_a_single_dimension_fails_closed	16
tests/test_prd027_context_certification.py::test_every_retrieval_input_is_part_of_the_implementation_identity[seed_rule_module]	16
tests/test_prd027_context_certification.py::test_every_retrieval_input_is_part_of_the_implementation_identity[vector_leg]	16
tests/test_prd027_context_certification.py::test_every_retrieval_input_is_part_of_the_implementation_identity[lexical_leg]	16
tests/test_prd027_context_certification.py::test_every_retrieval_input_is_part_of_the_implementation_identity[lexical_terms]	16
tests/test_prd027_context_certification.py::test_every_retrieval_input_is_part_of_the_implementation_identity[tier_degradation]	16
tests/test_prd027_context_certification.py::test_every_retrieval_input_is_part_of_the_implementation_identity[omission]	16
tests/test_prd027_context_certification.py::test_every_retrieval_input_is_part_of_the_implementation_identity[skeletonizer]	16
tests/test_prd027_context_certification.py::test_every_retrieval_input_is_part_of_the_implementation_identity[python_skeleton]	16
tests/test_prd027_context_certification.py::test_every_retrieval_input_is_part_of_the_implementation_identity[braced_skeleton]	16
tests/test_prd027_context_certification.py::test_every_retrieval_input_is_part_of_the_implementation_identity[token_estimate]	16
tests/test_prd027_precision_expansion_seeds.py::test_a_hit_ranked_by_both_legs_seeds_its_callers_and_dependencies	16
tests/test_prd027_precision_expansion_seeds.py::test_a_weak_embedding_only_hit_is_kept_but_does_not_seed_while_lexical_hits_exist	16
tests/test_prd027_precision_expansion_seeds.py::test_a_weak_lexical_only_hit_is_kept_but_does_not_seed_while_embedding_hits_exist	16
tests/test_prd027_precision_expansion_seeds.py::test_a_genuine_embedding_only_query_still_expands	16
tests/test_prd027_precision_expansion_seeds.py::test_a_genuine_lexical_only_query_still_expands	16
tests/test_prd027_precision_expansion_seeds.py::test_two_legs_that_disagree_keep_their_hits_and_seed_nothing	16
tests/test_prd027_precision_expansion_seeds.py::test_seed_selection_rule	16
tests/test_prd027_precision_expansion_seeds.py::test_query_hybrid_reports_each_hit_s_leg_ranks	16
tests/test_prd027_precision_expansion_seeds.py::test_the_run_records_which_hits_seeded_graph_expansion	16
tests/test_prd027_precision_expansion_seeds.py::test_the_seed_decision_is_recorded_on_a_human_rejected_run_too	16
tests/test_prd027_retrieval_defects.py::test_graph_retrieval_queries_with_the_real_embedding_dimension	16
tests/test_prd027_retrieval_defects.py::test_lexical_terms_are_identifiers_and_their_parts_without_function_words	16
tests/test_prd027_retrieval_defects.py::test_query_lexical_matches_goal_terms_not_only_the_whole_phrase	16
tests/test_prd027_retrieval_defects.py::test_query_lexical_fallback_table_uses_terms_too	16
tests/test_prd027_retrieval_defects.py::test_graph_reports_the_calling_file_as_a_neighbor	16
tests/test_prd027_retrieval_defects.py::test_graph_reaches_one_and_two_hop_dependencies_from_a_file_seed	16
tests/test_prd027_retrieval_defects.py::test_graph_neighborhood_is_one_entry_per_file_before_the_cap	16
tests/test_prd027_retrieval_defects.py::test_configuration_and_build_descriptors_are_indexed	16
tests/test_prd027_score_normalization_001.py::test_every_direct_hit_outranks_every_expanded_file_whatever_the_raw_scales	16
tests/test_prd027_score_normalization_001.py::test_the_invariant_holds_for_any_graph_scale[1.0]	16
tests/test_prd027_score_normalization_001.py::test_the_invariant_holds_for_any_graph_scale[10.0]	16
tests/test_prd027_score_normalization_001.py::test_the_invariant_holds_for_any_graph_scale[1000.0]	16
tests/test_prd027_score_normalization_001.py::test_order_within_each_class_is_its_raw_order	16
tests/test_prd027_score_normalization_001.py::test_the_tiers_are_explicit_and_bounded	16
tests/test_prd027_score_normalization_001.py::test_a_file_in_both_classes_is_direct_evidence	16
tests/test_prd027_score_normalization_001.py::test_a_missing_class_is_simply_absent[direct0-expanded0]	16
tests/test_prd027_score_normalization_001.py::test_a_missing_class_is_simply_absent[direct1-expanded1]	16
tests/test_prd027_score_normalization_001.py::test_a_missing_class_is_simply_absent[direct2-expanded2]	16
tests/test_prd027_score_normalization_001.py::test_under_a_binding_budget_the_graph_file_gives_way_first	16
tests/test_prd027_score_normalization_001.py::test_the_raw_scales_degraded_the_direct_hit_first	16
tests/test_prd027_score_normalization_001.py::test_useful_graph_evidence_is_kept_whenever_it_fits	16
tests/test_prd027_score_normalization_001.py::test_retrieval_ranks_the_querys_own_hits_above_the_graph_walk	16
tests/test_prd027_score_normalization_001.py::test_retrieval_under_a_binding_budget_keeps_direct_hits_ahead_of_the_graph_walk	16
tests/test_prd027_score_normalization_001.py::test_the_ranking_is_part_of_the_certification_identity	16
tests/test_prd028_authority_escalation.py::test_java_and_python_adapters_declare_their_real_capabilities	16
tests/test_prd028_authority_escalation.py::test_every_other_language_is_explicitly_unsupported[main.go]	16
tests/test_prd028_authority_escalation.py::test_every_other_language_is_explicitly_unsupported[app.ts]	16
tests/test_prd028_authority_escalation.py::test_every_other_language_is_explicitly_unsupported[lib.rs]	16
tests/test_prd028_authority_escalation.py::test_every_other_language_is_explicitly_unsupported[Makefile]	16
tests/test_prd028_authority_escalation.py::test_every_other_language_is_explicitly_unsupported[notes.txt]	16
tests/test_prd028_authority_escalation.py::test_member_boundaries_for_delegates_to_the_registry	16
tests/test_prd028_authority_escalation.py::test_pristine_member_grant	16
tests/test_prd028_authority_escalation.py::test_candidate_member_is_granted_as_candidate_never_as_pristine	16
tests/test_prd028_authority_escalation.py::test_expansion_never_widens_the_write_scope	16
tests/test_prd028_authority_escalation.py::test_unsupported_language_is_indeterminate_never_full_file	16
tests/test_prd028_authority_escalation.py::test_member_resolution_outcomes[Owner.pay-None]	16
tests/test_prd028_authority_escalation.py::test_member_resolution_outcomes[Owner.missing-MEMBER_NOT_FOUND]	16
tests/test_prd028_authority_escalation.py::test_overloaded_member_is_ambiguous	16
tests/test_prd028_authority_escalation.py::test_missing_source_is_indeterminate	16
tests/test_prd028_authority_escalation.py::test_a_source_or_baseline_revision_change_invalidates_the_grant	16
tests/test_prd028_authority_escalation.py::test_grant_member_hints_keeps_only_granted_members	16
tests/test_prd028_authority_escalation.py::test_retry_member_hint_records_candidate_origin_for_an_already_written_file	16
tests/test_prd028_authority_escalation.py::test_retry_member_hint_is_not_granted_under_deny_all	16
tests/test_prd028_authority_escalation.py::test_investigation_member_becomes_edit_authority_only_when_granted	16
tests/test_prd028_authority_escalation.py::test_investigation_evidence_outside_the_targets_stays_read_only	16
tests/test_prd029_contract_lifecycle.py::test_schema_one_payload_migrates_to_milestone_capability_records	16
tests/test_prd029_contract_lifecycle.py::test_unsupported_or_invalid_registry_payloads_are_corrupt[payload0]	16
tests/test_prd029_contract_lifecycle.py::test_unsupported_or_invalid_registry_payloads_are_corrupt[payload1]	16
tests/test_prd029_contract_lifecycle.py::test_unsupported_or_invalid_registry_payloads_are_corrupt[payload2]	16
tests/test_prd029_contract_lifecycle.py::test_authorized_change_creates_an_established_public_api_contract	16
tests/test_prd029_contract_lifecycle.py::test_invalidated_consumers_without_downstream_verification_refuse_the_transition	16
tests/test_prd029_contract_lifecycle.py::test_unauthorized_change_is_never_recorded_as_contract_fact	16
tests/test_prd029_contract_lifecycle.py::test_unchanged_signatures_and_test_files_produce_no_transition	16
tests/test_prd029_contract_lifecycle.py::test_unauthorized_change_to_an_established_contract_marks_it_stale	16
tests/test_prd029_contract_lifecycle.py::test_an_authorized_change_to_an_established_contract_is_a_new_revision	16
tests/test_prd029_contract_lifecycle.py::test_committed_transition_is_bound_to_the_commit_and_recorded_in_the_run_record	16
tests/test_prd029_contract_lifecycle.py::test_refused_transition_refuses_the_commit_before_any_intent	16
tests/test_prd029_contract_lifecycle.py::test_corrupt_registry_refuses_the_commit_and_is_left_untouched	16
tests/test_prd029_contract_lifecycle.py::test_staging_failure_leaves_the_workspace_unchanged	16
tests/test_prd029_contract_lifecycle.py::test_promotion_failure_is_uncertain_never_success_and_recovery_completes_it	16
tests/test_prd029_contract_lifecycle.py::test_recovery_refuses_a_registry_changed_behind_the_transaction	16
tests/test_prd029_contract_lifecycle.py::test_a_crash_at_every_boundary_recovers_to_an_exact_registry[first_source_byte-DISCARDED-public class Owner {\n    public int total() {\n        return 1;\n    }\n}\n]	16
tests/test_prd029_contract_lifecycle.py::test_a_crash_at_every_boundary_recovers_to_an_exact_registry[before_promote-PROMOTED-public class Owner {\n    public long total() {\n        return 1L;\n    }\n}\n]	16
tests/test_prd029_contract_lifecycle.py::test_a_crash_at_every_boundary_recovers_to_an_exact_registry[after_promote-ALREADY_APPLIED-public class Owner {\n    public long total() {\n        return 1L;\n    }\n}\n]	16
tests/test_prd029_contract_lifecycle.py::test_contract_registry_is_a_planning_and_candidate_resume_dependency	16
tests/test_prd029_contract_lifecycle.py::test_registry_fingerprint_absent_changed_and_corrupt	16
tests/test_prd029_contract_lifecycle.py::test_an_illegal_registry_lifecycle_step_is_a_typed_refusal	16
tests/test_prd029_contract_lifecycle.py::test_a_coding_error_inside_the_derivation_is_never_turned_into_a_refusal	16
tests/test_prd029_contract_lifecycle.py::test_a_registry_refusal_is_a_terminal_stop_never_a_retry[consumer_verification_missing]	16
tests/test_prd029_contract_lifecycle.py::test_a_registry_refusal_is_a_terminal_stop_never_a_retry[corrupt]	16
tests/test_prd029_contract_lifecycle.py::test_a_registry_refusal_is_a_terminal_stop_never_a_retry[invalid_transition]	16
tests/test_prd029_contract_lifecycle.py::test_a_registry_refusal_is_a_terminal_stop_never_a_retry[staging_failed]	16
tests/test_prd029_contract_lifecycle.py::test_a_registry_refusal_is_a_terminal_stop_never_a_retry[promotion_state_mismatch]	16
tests/test_prd029_contract_lifecycle.py::test_a_successful_run_reports_its_contract_registry_transition_field	16
tests/test_prd029_contract_lifecycle.py::test_enforce_builder_requires_the_final_subtasks_full_suite_with_tests	16
tests/test_prd029_contract_lifecycle.py::test_uncommitted_cycle_discards_only_while_the_registry_is_still_the_before_state	16
tests/test_prd029_contract_lifecycle.py::test_promotion_rejects_a_staged_payload_that_is_not_the_recorded_after_state	16
tests/test_prd029_contract_lifecycle.py::test_generation_resume_fingerprints_carry_the_live_registry_identity	16
tests/test_prd029_contract_lifecycle.py::test_milestone_completion_bookkeeping_preserves_contracts_its_unit_committed	16
tests/test_prd029_contract_lifecycle.py::test_capabilities_are_established_by_the_commit_transition	16
tests/test_prd029_contract_lifecycle.py::test_an_already_established_capability_is_not_transitioned_twice	16
tests/test_prd029_contract_lifecycle.py::test_a_committed_milestone_without_its_capability_transition_is_incomplete	16
tests/test_prd029_contract_lifecycle.py::test_a_milestone_units_commit_establishes_its_capabilities	16
tests/test_prd029_registry_integrity.py::test_missing_registry_is_a_valid_empty_registry	16
tests/test_prd029_registry_integrity.py::test_corrupt_registry_raises_typed_error_and_is_left_untouched[{not json]	16
tests/test_prd029_registry_integrity.py::test_corrupt_registry_raises_typed_error_and_is_left_untouched[[]]	16
tests/test_prd029_registry_integrity.py::test_corrupt_registry_raises_typed_error_and_is_left_untouched[{"contracts": []}]	16
tests/test_prd029_registry_integrity.py::test_corrupt_registry_raises_typed_error_and_is_left_untouched[{"contracts": {"m:cap": []}}]	16
tests/test_prd029_registry_integrity.py::test_corrupt_registry_raises_typed_error_and_is_left_untouched[{"contracts": {"m:cap": [{"id": "m:cap"}]}}]	16
tests/test_prd029_registry_integrity.py::test_a_valid_saved_registry_round_trips	16
tests/test_prd029_registry_integrity.py::test_milestone_run_fails_closed_on_a_corrupt_registry_without_overwriting_it	16
tests/test_prd029_registry_integrity.py::test_controller_milestone_path_fails_closed_on_a_corrupt_registry	16
tests/test_prd030_terminal_services.py::test_every_gate_passes_in_order_and_the_report_is_commit_eligible	16
tests/test_prd030_terminal_services.py::test_one_failing_gate_fails_only_itself_and_blocks_the_commit[migration-migration_gap-MIGRATION INCOMPLETE (global final-state check)]	16
tests/test_prd030_terminal_services.py::test_one_failing_gate_fails_only_itself_and_blocks_the_commit[stack_contract-stack_contract_gap-forced stack gap]	16
tests/test_prd030_terminal_services.py::test_one_failing_gate_fails_only_itself_and_blocks_the_commit[preserved_references-preserved_reference_gap-PRESERVED REFERENCE FINAL-STATE CHECK INDETERMINATE]	16
tests/test_prd030_terminal_services.py::test_one_failing_gate_fails_only_itself_and_blocks_the_commit[static_analysis-static_analysis_gap-STATIC ANALYSIS INDETERMINATE (global final-state check)]	16
tests/test_prd030_terminal_services.py::test_one_failing_gate_fails_only_itself_and_blocks_the_commit[terminal_obligations-terminal_obligation_gap-TERMINAL OBLIGATIONS UNSATISFIED]	16
tests/test_prd030_terminal_services.py::test_one_failing_gate_fails_only_itself_and_blocks_the_commit[original_requirements-requirement_gap-REQUIREMENTS_UNRESOLVED: REQ-1 (violated)]	16
tests/test_prd030_terminal_services.py::test_one_failing_gate_fails_only_itself_and_blocks_the_commit[artifact_registry-artifact_error-derivation exploded]	16
tests/test_prd030_terminal_services.py::test_a_validator_that_raises_is_an_indeterminate_failure_never_a_pass[find_migration_incomplete]	16
tests/test_prd030_terminal_services.py::test_a_validator_that_raises_is_an_indeterminate_failure_never_a_pass[validate_stack_contract_artifacts]	16
tests/test_prd030_terminal_services.py::test_a_validator_that_raises_is_an_indeterminate_failure_never_a_pass[blocking_requirements]	16
tests/test_prd030_terminal_services.py::test_an_indeterminate_migration_records_a_terminal_obligation	16
tests/test_prd030_terminal_services.py::test_the_verifier_path_closes_by_evidence_and_reports_findings	16
tests/test_prd030_terminal_services.py::test_without_spec_compliance_no_verifier_or_closure_runs	16
tests/test_prd030_terminal_services.py::test_a_preserved_reference_changed_in_the_candidate_fails_its_gate	16
tests/test_prd030_terminal_services.py::test_gates_that_never_ran_are_not_commit_eligible	16
tests/test_prd030_terminal_services.py::test_a_verified_candidate_is_committed_with_its_evidence	16
tests/test_prd030_terminal_services.py::test_a_candidate_that_did_not_pass_every_gate_is_never_committed[report0]	16
tests/test_prd030_terminal_services.py::test_a_candidate_that_did_not_pass_every_gate_is_never_committed[report1]	16
tests/test_prd030_terminal_services.py::test_a_candidate_that_did_not_pass_every_gate_is_never_committed[report2]	16
tests/test_prd030_terminal_services.py::test_an_in_place_candidate_needs_no_transaction	16
tests/test_prd030_terminal_services.py::test_record_errors_after_a_landed_commit_are_reported_not_raised	16
tests/test_prd030_terminal_services.py::test_a_missing_candidate_file_is_a_structured_unchanged_failure	16
tests/test_prd030_terminal_services.py::test_a_concurrent_workspace_edit_is_a_structured_unchanged_failure	16
tests/test_prd030_terminal_services.py::test_the_services_never_import_the_controller	16
tests/test_prd030_terminal_services.py::test_the_gate_service_has_no_commit_path	16
tests/test_prd030_terminal_services.py::test_one_terminal_gate_and_one_commit_implementation	16
tests/test_prd031_coordinators.py::test_an_attached_failure_is_used_as_is_and_grounding_is_not_consulted	16
tests/test_prd031_coordinators.py::test_the_attempt_mode_is_reported_in_its_log_wording[None-full-set]	16
tests/test_prd031_coordinators.py::test_the_attempt_mode_is_reported_in_its_log_wording[full_set-full-set]	16
tests/test_prd031_coordinators.py::test_the_attempt_mode_is_reported_in_its_log_wording[targeted-targeted]	16
tests/test_prd031_coordinators.py::test_the_attempt_mode_is_reported_in_its_log_wording[missing_files-missing_files]	16
tests/test_prd031_coordinators.py::test_an_ungrounded_scope_denial_is_unrecoverable	16
tests/test_prd031_coordinators.py::test_another_policy_denial_is_not_an_unrecoverable_scope_denial	16
tests/test_prd031_coordinators.py::test_a_grounded_scope_denial_becomes_its_plan_scope_conflict	16
tests/test_prd031_coordinators.py::test_a_control_plane_exception_is_an_internal_framework_error[exc0]	16
tests/test_prd031_coordinators.py::test_a_control_plane_exception_is_an_internal_framework_error[exc1]	16
tests/test_prd031_coordinators.py::test_a_control_plane_exception_is_an_internal_framework_error[exc2]	16
tests/test_prd031_coordinators.py::test_a_control_plane_exception_is_an_internal_framework_error[exc3]	16
tests/test_prd031_coordinators.py::test_a_value_error_stays_an_ordinary_retryable_failure	16
tests/test_prd031_coordinators.py::test_a_containment_refusal_keeps_its_reason_code	16
tests/test_prd031_coordinators.py::test_a_budget_refusal_is_typed_with_its_reason_code	16
tests/test_prd031_coordinators.py::test_a_plan_scope_conflict_stops_before_the_retry_policy	16
tests/test_prd031_coordinators.py::test_no_progress_stops_and_abandons_an_active_repair_contract	16
tests/test_prd031_coordinators.py::test_a_continuing_retry_keeps_the_sandbox	16
tests/test_prd031_coordinators.py::test_an_environment_stop_breaks_the_loop_and_cleans_up	16
tests/test_prd031_coordinators.py::test_exhausted_budgets_clean_up_but_leave_the_loop_condition_to_stop	16
tests/test_prd031_coordinators.py::test_an_in_place_run_has_no_sandbox_to_remove	16
tests/test_prd031_coordinators.py::test_the_coordinator_classifies_then_records_then_decides	16
tests/test_prd031_coordinators.py::test_declared_verifiers_run_in_order_and_record_their_outcomes	16
tests/test_prd031_coordinators.py::test_quality_gates_stops_at_a_failing_compile_without_running_tests	16
tests/test_prd031_coordinators.py::test_a_failing_test_raises_its_typed_failure_after_recording_it	16
tests/test_prd031_coordinators.py::test_runtime_verifiers_run_after_every_deterministic_verifier_passed	16
tests/test_prd031_coordinators.py::test_a_runtime_verification_failure_propagates_unchanged	16
tests/test_prd031_coordinators.py::test_an_outcome_is_kept_when_a_later_verifier_raises	16
tests/test_prd031_coordinators.py::test_judgment_only_verification_runs_nothing	16
tests/test_prd031_coordinators.py::test_the_coordinators_depend_only_downward[kriya/workflow/recovery_coordinator.py]	16
tests/test_prd031_coordinators.py::test_the_coordinators_depend_only_downward[kriya/workflow/verification_coordinator.py]	16
tests/test_prd031_coordinators.py::test_the_callers_reach_the_coordinators	16
tests/test_prd031a_semgrep_adapter.py::test_settings_reject_inexact_version[latest]	16
tests/test_prd031a_semgrep_adapter.py::test_settings_reject_inexact_version[1.178]	16
tests/test_prd031a_semgrep_adapter.py::test_settings_reject_inexact_version[>=1.178.0]	16
tests/test_prd031a_semgrep_adapter.py::test_settings_reject_inexact_version[^1.178.0]	16
tests/test_prd031a_semgrep_adapter.py::test_settings_reject_inexact_version[1.178.*]	16
tests/test_prd031a_semgrep_adapter.py::test_settings_reject_inexact_version[1.178.0-rc1]	16
tests/test_prd031a_semgrep_adapter.py::test_settings_reject_inexact_version[]	16
tests/test_prd031a_semgrep_adapter.py::test_settings_reject_unpinned_image[semgrep/semgrep]	16
tests/test_prd031a_semgrep_adapter.py::test_settings_reject_unpinned_image[semgrep/semgrep:latest]	16
tests/test_prd031a_semgrep_adapter.py::test_settings_reject_unpinned_image[semgrep/semgrep:1.178.0]	16
tests/test_prd031a_semgrep_adapter.py::test_settings_reject_unpinned_image[semgrep/semgrep@sha256:abc]	16
tests/test_prd031a_semgrep_adapter.py::test_settings_reject_unpinned_image[semgrep/semgrep@sha256:32E459968DAABE7AB86968184A29109B9564AA00392401156F9788452B42786B]	16
tests/test_prd031a_semgrep_adapter.py::test_settings_accept_pinned_image_and_defaults	16
tests/test_prd031a_semgrep_adapter.py::test_settings_reject_registry_refs_and_urls[p/java]	16
tests/test_prd031a_semgrep_adapter.py::test_settings_reject_registry_refs_and_urls[r/java.lang.security]	16
tests/test_prd031a_semgrep_adapter.py::test_settings_reject_registry_refs_and_urls[s/someone]	16
tests/test_prd031a_semgrep_adapter.py::test_settings_reject_registry_refs_and_urls[auto]	16
tests/test_prd031a_semgrep_adapter.py::test_settings_reject_registry_refs_and_urls[https://semgrep.dev/c/p/java]	16
tests/test_prd031a_semgrep_adapter.py::test_settings_reject_registry_refs_and_urls[file:///etc/rules.yml]	16
tests/test_prd031a_semgrep_adapter.py::test_settings_reject_nonexistent_empty_or_missing_packs	16
tests/test_prd031a_semgrep_adapter.py::test_settings_reject_bad_pack_pin_and_unknown_keys[bad0]	16
tests/test_prd031a_semgrep_adapter.py::test_settings_reject_bad_pack_pin_and_unknown_keys[bad1]	16
tests/test_prd031a_semgrep_adapter.py::test_settings_reject_bad_pack_pin_and_unknown_keys[bad2]	16
tests/test_prd031a_semgrep_adapter.py::test_settings_reject_invalid_fields[override0]	16
tests/test_prd031a_semgrep_adapter.py::test_settings_reject_invalid_fields[override1]	16
tests/test_prd031a_semgrep_adapter.py::test_settings_reject_invalid_fields[override2]	16
tests/test_prd031a_semgrep_adapter.py::test_settings_reject_invalid_fields[override3]	16
tests/test_prd031a_semgrep_adapter.py::test_registered_under_its_name_with_its_settings_model	16
tests/test_prd031a_semgrep_adapter.py::test_host_probe_identity_and_capability	16
tests/test_prd031a_semgrep_adapter.py::test_probe_is_cached_per_instance	16
tests/test_prd031a_semgrep_adapter.py::test_host_probe_missing_executable_never_runs	16
tests/test_prd031a_semgrep_adapter.py::test_host_probe_spawn_failure_is_probe_failed	16
tests/test_prd031a_semgrep_adapter.py::test_host_probe_failed_version_command[result0]	16
tests/test_prd031a_semgrep_adapter.py::test_host_probe_failed_version_command[result1]	16
tests/test_prd031a_semgrep_adapter.py::test_version_mismatch_is_unavailable_and_names_both	16
tests/test_prd031a_semgrep_adapter.py::test_version_is_the_last_nonempty_line	16
tests/test_prd031a_semgrep_adapter.py::test_unknown_version_is_capability_unknown	16
tests/test_prd031a_semgrep_adapter.py::test_duplicate_rule_id_across_packs_is_invalid	16
tests/test_prd031a_semgrep_adapter.py::test_unparseable_or_ruleless_pack_is_invalid[rules: [\n]	16
tests/test_prd031a_semgrep_adapter.py::test_unparseable_or_ruleless_pack_is_invalid[not_rules: []\n]	16
tests/test_prd031a_semgrep_adapter.py::test_unparseable_or_ruleless_pack_is_invalid[- a\n- b\n]	16
tests/test_prd031a_semgrep_adapter.py::test_unparseable_or_ruleless_pack_is_invalid[rules:\n  - languages: [java]\n]	16
tests/test_prd031a_semgrep_adapter.py::test_recorded_invalid_yaml_pack_is_invalid_at_probe	16
tests/test_prd031a_semgrep_adapter.py::test_directory_without_rule_files_is_invalid	16
tests/test_prd031a_semgrep_adapter.py::test_directory_symlink_inside_pack_is_invalid	16
tests/test_prd031a_semgrep_adapter.py::test_directory_pack_enumerates_like_semgrep	16
tests/test_prd031a_semgrep_adapter.py::test_in_workspace_pack_requires_a_pin	16
tests/test_prd031a_semgrep_adapter.py::test_in_workspace_pinned_pack_is_accepted_and_mismatch_refused	16
tests/test_prd031a_semgrep_adapter.py::test_pinned_pack_outside_workspace_is_verified_too	16
tests/test_prd031a_semgrep_adapter.py::test_identity_changes_when_one_rule_byte_changes	16
tests/test_prd031a_semgrep_adapter.py::test_contained_probe_refuses_without_backend_or_image[None-semgrep/semgrep@sha256:32e459968daabe7ab86968184a29109b9564aa00392401156f9788452b42786b]	16
tests/test_prd031a_semgrep_adapter.py::test_contained_probe_refuses_without_backend_or_image[backend1-semgrep/semgrep@sha256:32e459968daabe7ab86968184a29109b9564aa00392401156f9788452b42786b]	16
tests/test_prd031a_semgrep_adapter.py::test_contained_probe_refuses_without_backend_or_image[backend2-None]	16
tests/test_prd031a_semgrep_adapter.py::test_contained_probe_setup_failure_is_unavailable	16
tests/test_prd031a_semgrep_adapter.py::test_contained_probe_identity_and_profile	16
tests/test_prd031a_semgrep_adapter.py::test_host_scan_exact_argv_and_environment	16
tests/test_prd031a_semgrep_adapter.py::test_contained_scan_profile_and_argv	16
tests/test_prd031a_semgrep_adapter.py::test_contained_scan_never_falls_back_to_the_host[None-semgrep/semgrep@sha256:32e459968daabe7ab86968184a29109b9564aa00392401156f9788452b42786b]	16
tests/test_prd031a_semgrep_adapter.py::test_contained_scan_never_falls_back_to_the_host[backend1-semgrep/semgrep@sha256:32e459968daabe7ab86968184a29109b9564aa00392401156f9788452b42786b]	16
tests/test_prd031a_semgrep_adapter.py::test_contained_scan_never_falls_back_to_the_host[backend2-None]	16
tests/test_prd031a_semgrep_adapter.py::test_contained_scan_setup_failure_is_unavailable	16
tests/test_prd031a_semgrep_adapter.py::test_missing_target_is_failed_without_running	16
tests/test_prd031a_semgrep_adapter.py::test_escaping_or_non_file_target_is_failed_without_running[../outside.java]	16
tests/test_prd031a_semgrep_adapter.py::test_escaping_or_non_file_target_is_failed_without_running[/etc/passwd]	16
tests/test_prd031a_semgrep_adapter.py::test_escaping_or_non_file_target_is_failed_without_running[src]	16
tests/test_prd031a_semgrep_adapter.py::test_invalid_pack_at_scan_time_is_config_error_without_running	16
tests/test_prd031a_semgrep_adapter.py::test_spawn_failure_is_scan_failed	16
tests/test_prd031a_semgrep_adapter.py::test_findings_at_exit_zero_complete	16
tests/test_prd031a_semgrep_adapter.py::test_findings_are_kept_whatever_the_exit_code	16
tests/test_prd031a_semgrep_adapter.py::test_unconfirmed_target_is_incomplete	16
tests/test_prd031a_semgrep_adapter.py::test_partial_parse_is_incomplete_with_findings	16
tests/test_prd031a_semgrep_adapter.py::test_invalid_pattern_exit_two_is_config_error_with_evidence	16
tests/test_prd031a_semgrep_adapter.py::test_rule_errors_are_config_errors[invalid_schema-RULE_PACK_INVALID]	16
tests/test_prd031a_semgrep_adapter.py::test_rule_errors_are_config_errors[unknown_language-CAPABILITY_UNKNOWN]	16
tests/test_prd031a_semgrep_adapter.py::test_config_error_kind_wins_over_exit_code[invalid_yaml-RULE_PACK_INVALID]	16
tests/test_prd031a_semgrep_adapter.py::test_config_error_kind_wins_over_exit_code[invalid_schema-RULE_PACK_INVALID]	16
tests/test_prd031a_semgrep_adapter.py::test_config_error_kind_wins_over_exit_code[unknown_language-CAPABILITY_UNKNOWN]	16
tests/test_prd031a_semgrep_adapter.py::test_config_error_kind_wins_over_exit_code[invalid_pattern-RULE_PACK_INVALID]	16
tests/test_prd031a_semgrep_adapter.py::test_recorded_missing_target_output_is_scan_failed	16
tests/test_prd031a_semgrep_adapter.py::test_target_error_scalar_and_list_types[Syntax error]	16
tests/test_prd031a_semgrep_adapter.py::test_target_error_scalar_and_list_types[error_type1]	16
tests/test_prd031a_semgrep_adapter.py::test_target_error_scalar_and_list_types[Timeout]	16
tests/test_prd031a_semgrep_adapter.py::test_list_type_error_located_only_by_its_type_spans	16
tests/test_prd031a_semgrep_adapter.py::test_unrecognized_or_non_target_errors_are_scan_failed[raw0]	16
tests/test_prd031a_semgrep_adapter.py::test_unrecognized_or_non_target_errors_are_scan_failed[raw1]	16
tests/test_prd031a_semgrep_adapter.py::test_unrecognized_or_non_target_errors_are_scan_failed[raw2]	16
tests/test_prd031a_semgrep_adapter.py::test_unrecognized_or_non_target_errors_are_scan_failed[raw3]	16
tests/test_prd031a_semgrep_adapter.py::test_unrecognized_or_non_target_errors_are_scan_failed[raw4]	16
tests/test_prd031a_semgrep_adapter.py::test_semgrep_error_config_codes[4]	16
tests/test_prd031a_semgrep_adapter.py::test_semgrep_error_config_codes[5]	16
tests/test_prd031a_semgrep_adapter.py::test_semgrep_error_config_codes[7]	16
tests/test_prd031a_semgrep_adapter.py::test_semgrep_error_config_codes[8]	16
tests/test_prd031a_semgrep_adapter.py::test_mixed_config_errors_are_rule_pack_invalid	16
tests/test_prd031a_semgrep_adapter.py::test_clean_exit_zero_with_no_findings_is_complete_only_when_confirmed	16
tests/test_prd031a_semgrep_adapter.py::test_timeout	16
tests/test_prd031a_semgrep_adapter.py::test_truncated_capture_is_malformed	16
tests/test_prd031a_semgrep_adapter.py::test_malformed_output[]	16
tests/test_prd031a_semgrep_adapter.py::test_malformed_output[not json]	16
tests/test_prd031a_semgrep_adapter.py::test_malformed_output[[]]	16
tests/test_prd031a_semgrep_adapter.py::test_malformed_output[{"results": []}]	16
tests/test_prd031a_semgrep_adapter.py::test_malformed_output[{"version": "1.178.0", "errors": [], "paths": {"scanned": ["src/main/java/app/App.java", "src/test/java/app/AppTest.java", "tests/test_x.py"], "skipped": []}, "time": {"rules": [], "rules_parse_time": 0.0005471706390380859, "profiling_times": {"config_time": 0.12591314315795898, "core_time": 0.13788485527038574, "ignores_time": 3.790855407714844e-05, "total_time": 0.2691988945007324}, "parsing_time": {"total_time": 0.0, "per_file_time": {"mean": 0.0, "std_dev": 0.0}, "very_slow_stats": {"time_ratio": 0.0, "count_ratio": 0.0}, "very_slow_files": []}, "scanning_time": {"total_time": 0.02813887596130371, "per_file_time": {"mean": 0.00937962532043457, "std_dev": 3.2639979963278165e-07}, "very_slow_stats": {"time_ratio": 0.0, "count_ratio": 0.0}, "very_slow_files": []}, "matching_time": {"total_time": 0.0, "per_file_and_rule_time": {"mean": 0.0, "std_dev": 0.0}, "very_slow_stats": {"time_ratio": 0.0, "count_ratio": 0.0}, "very_slow_rules_on_files": []}, "tainting_time": {"total_time": 0.0, "per_def_and_rule_time": {"mean": 0.0, "std_dev": 0.0}, "very_slow_stats": {"time_ratio": 0.0, "count_ratio": 0.0}, "very_slow_rules_on_defs": []}, "fixpoint_timeouts": [], "prefiltering": {"project_level_time": 0.0, "file_level_time": 0.0, "rules_with_project_prefilters_ratio": 0.0, "rules_with_file_prefilters_ratio": 1.0, "rules_selected_ratio": 0.8333333333333334, "rules_matched_ratio": 0.8333333333333334}, "targets": [], "total_bytes": 0, "max_memory_bytes": 105373248}, "engine_requested": "OSS", "skipped_rules": [], "profiling_results": []}]	16
tests/test_prd031a_semgrep_adapter.py::test_malformed_output[{"version": "1.178.0", "results": [{"check_id": "__SCRATCH__.rules.java-runtime-exec", "path": "src/main/java/app/App.java", "start": {"line": 7, "col": 9, "offset": 129}, "end": {"line": 7, "col": 39, "offset": 159}, "extra": {"message": "Runtime.exec with a dynamic command", "metadata": {"cwe": "CWE-78: OS Command Injection", "owasp": ["A03:2021 - Injection"], "impact": "HIGH"}, "severity": "ERROR", "fingerprint": "requires login", "lines": "requires login", "validation_state": "NO_VALIDATOR", "engine_kind": "OSS"}}, {"check_id": "__SCRATCH__.rules.java-weak-hash", "path": "src/main/java/app/App.java", "start": {"line": 8, "col": 9, "offset": 169}, "end": {"line": 8, "col": 41, "offset": 201}, "extra": {"message": "Weak hash algorithm MD5", "metadata": {"security-severity": "Critical", "cwe": ["CWE-327: Use of a Broken or Risky Cryptographic Algorithm"]}, "severity": "WARNING", "fingerprint": "requires login", "lines": "requires login", "validation_state": "NO_VALIDATOR", "engine_kind": "OSS"}}, {"check_id": "__SCRATCH__.rules.java-runtime-exec", "path": "src/main/java/app/App.java", "start": {"line": 12, "col": 9, "offset": 271}, "end": {"line": 12, "col": 39, "offset": 301}, "extra": {"message": "Runtime.exec with a dynamic command", "metadata": {"cwe": "CWE-78: OS Command Injection", "owasp": ["A03:2021 - Injection"], "impact": "HIGH"}, "severity": "ERROR", "fingerprint": "requires login", "lines": "requires login", "validation_state": "NO_VALIDATOR", "engine_kind": "OSS"}}, {"check_id": "__SCRATCH__.rules.java-runtime-exec", "path": "src/test/java/app/AppTest.java", "start": {"line": 5, "col": 9, "offset": 92}, "end": {"line": 5, "col": 37, "offset": 120}, "extra": {"message": "Runtime.exec with a dynamic command", "metadata": {"cwe": "CWE-78: OS Command Injection", "owasp": ["A03:2021 - Injection"], "impact": "HIGH"}, "severity": "ERROR", "fingerprint": "requires login", "lines": "requires login", "validation_state": "NO_VALIDATOR", "engine_kind": "OSS"}}, {"check_id": "__SCRATCH__.rules.python-print-info", "path": "tests/test_x.py", "start": {"line": 2, "col": 5, "offset": 19}, "end": {"line": 2, "col": 19, "offset": 33}, "extra": {"message": "print call", "metadata": {}, "severity": "INFO", "fingerprint": "requires login", "lines": "requires login", "validation_state": "NO_VALIDATOR", "engine_kind": "OSS"}}, {"check_id": "__SCRATCH__.rules.python-eval", "path": "tests/test_x.py", "start": {"line": 2, "col": 11, "offset": 25}, "end": {"line": 2, "col": 18, "offset": 32}, "extra": {"message": "eval of dynamic input", "metadata": {}, "severity": "WARNING", "fingerprint": "requires login", "lines": "requires login", "validation_state": "NO_VALIDATOR", "engine_kind": "OSS"}}], "errors": [], "time": {"rules": [], "rules_parse_time": 0.0005471706390380859, "profiling_times": {"config_time": 0.12591314315795898, "core_time": 0.13788485527038574, "ignores_time": 3.790855407714844e-05, "total_time": 0.2691988945007324}, "parsing_time": {"total_time": 0.0, "per_file_time": {"mean": 0.0, "std_dev": 0.0}, "very_slow_stats": {"time_ratio": 0.0, "count_ratio": 0.0}, "very_slow_files": []}, "scanning_time": {"total_time": 0.02813887596130371, "per_file_time": {"mean": 0.00937962532043457, "std_dev": 3.2639979963278165e-07}, "very_slow_stats": {"time_ratio": 0.0, "count_ratio": 0.0}, "very_slow_files": []}, "matching_time": {"total_time": 0.0, "per_file_and_rule_time": {"mean": 0.0, "std_dev": 0.0}, "very_slow_stats": {"time_ratio": 0.0, "count_ratio": 0.0}, "very_slow_rules_on_files": []}, "tainting_time": {"total_time": 0.0, "per_def_and_rule_time": {"mean": 0.0, "std_dev": 0.0}, "very_slow_stats": {"time_ratio": 0.0, "count_ratio": 0.0}, "very_slow_rules_on_defs": []}, "fixpoint_timeouts": [], "prefiltering": {"project_level_time": 0.0, "file_level_time": 0.0, "rules_with_project_prefilters_ratio": 0.0, "rules_with_file_prefilters_ratio": 1.0, "rules_selected_ratio": 0.8333333333333334, "rules_matched_ratio": 0.8333333333333334}, "targets": [], "total_bytes": 0, "max_memory_bytes": 105373248}, "engine_requested": "OSS", "skipped_rules": [], "profiling_results": []}]	16
tests/test_prd031a_semgrep_adapter.py::test_malformed_output[{"version": "1.178.0", "results": [{"check_id": "__SCRATCH__.rules.java-runtime-exec", "path": "src/main/java/app/App.java", "start": {"line": 7, "col": 9, "offset": 129}, "end": {"line": 7, "col": 39, "offset": 159}, "extra": {"message": "Runtime.exec with a dynamic command", "metadata": {"cwe": "CWE-78: OS Command Injection", "owasp": ["A03:2021 - Injection"], "impact": "HIGH"}, "severity": "ERROR", "fingerprint": "requires login", "lines": "requires login", "validation_state": "NO_VALIDATOR", "engine_kind": "OSS"}}, {"check_id": "__SCRATCH__.rules.java-weak-hash", "path": "src/main/java/app/App.java", "start": {"line": 8, "col": 9, "offset": 169}, "end": {"line": 8, "col": 41, "offset": 201}, "extra": {"message": "Weak hash algorithm MD5", "metadata": {"security-severity": "Critical", "cwe": ["CWE-327: Use of a Broken or Risky Cryptographic Algorithm"]}, "severity": "WARNING", "fingerprint": "requires login", "lines": "requires login", "validation_state": "NO_VALIDATOR", "engine_kind": "OSS"}}, {"check_id": "__SCRATCH__.rules.java-runtime-exec", "path": "src/main/java/app/App.java", "start": {"line": 12, "col": 9, "offset": 271}, "end": {"line": 12, "col": 39, "offset": 301}, "extra": {"message": "Runtime.exec with a dynamic command", "metadata": {"cwe": "CWE-78: OS Command Injection", "owasp": ["A03:2021 - Injection"], "impact": "HIGH"}, "severity": "ERROR", "fingerprint": "requires login", "lines": "requires login", "validation_state": "NO_VALIDATOR", "engine_kind": "OSS"}}, {"check_id": "__SCRATCH__.rules.java-runtime-exec", "path": "src/test/java/app/AppTest.java", "start": {"line": 5, "col": 9, "offset": 92}, "end": {"line": 5, "col": 37, "offset": 120}, "extra": {"message": "Runtime.exec with a dynamic command", "metadata": {"cwe": "CWE-78: OS Command Injection", "owasp": ["A03:2021 - Injection"], "impact": "HIGH"}, "severity": "ERROR", "fingerprint": "requires login", "lines": "requires login", "validation_state": "NO_VALIDATOR", "engine_kind": "OSS"}}, {"check_id": "__SCRATCH__.rules.python-print-info", "path": "tests/test_x.py", "start": {"line": 2, "col": 5, "offset": 19}, "end": {"line": 2, "col": 19, "offset": 33}, "extra": {"message": "print call", "metadata": {}, "severity": "INFO", "fingerprint": "requires login", "lines": "requires login", "validation_state": "NO_VALIDATOR", "engine_kind": "OSS"}}, {"check_id": "__SCRATCH__.rules.python-eval", "path": "tests/test_x.py", "start": {"line": 2, "col": 11, "offset": 25}, "end": {"line": 2, "col": 18, "offset": 32}, "extra": {"message": "eval of dynamic input", "metadata": {}, "severity": "WARNING", "fingerprint": "requires login", "lines": "requires login", "validation_state": "NO_VALIDATOR", "engine_kind": "OSS"}}], "paths": {"scanned": ["src/main/java/app/App.java", "src/test/java/app/AppTest.java", "tests/test_x.py"], "skipped": []}, "time": {"rules": [], "rules_parse_time": 0.0005471706390380859, "profiling_times": {"config_time": 0.12591314315795898, "core_time": 0.13788485527038574, "ignores_time": 3.790855407714844e-05, "total_time": 0.2691988945007324}, "parsing_time": {"total_time": 0.0, "per_file_time": {"mean": 0.0, "std_dev": 0.0}, "very_slow_stats": {"time_ratio": 0.0, "count_ratio": 0.0}, "very_slow_files": []}, "scanning_time": {"total_time": 0.02813887596130371, "per_file_time": {"mean": 0.00937962532043457, "std_dev": 3.2639979963278165e-07}, "very_slow_stats": {"time_ratio": 0.0, "count_ratio": 0.0}, "very_slow_files": []}, "matching_time": {"total_time": 0.0, "per_file_and_rule_time": {"mean": 0.0, "std_dev": 0.0}, "very_slow_stats": {"time_ratio": 0.0, "count_ratio": 0.0}, "very_slow_rules_on_files": []}, "tainting_time": {"total_time": 0.0, "per_def_and_rule_time": {"mean": 0.0, "std_dev": 0.0}, "very_slow_stats": {"time_ratio": 0.0, "count_ratio": 0.0}, "very_slow_rules_on_defs": []}, "fixpoint_timeouts": [], "prefiltering": {"project_level_time": 0.0, "file_level_time": 0.0, "rules_with_project_prefilters_ratio": 0.0, "rules_with_file_prefilters_ratio": 1.0, "rules_selected_ratio": 0.8333333333333334, "rules_matched_ratio": 0.8333333333333334}, "targets": [], "total_bytes": 0, "max_memory_bytes": 105373248}, "engine_requested": "OSS", "skipped_rules": [], "profiling_results": []}]	16
tests/test_prd031a_semgrep_adapter.py::test_malformed_output[{"version": "1.178.0", "results": [{"check_id": "__SCRATCH__.rules.java-runtime-exec", "path": "src/main/java/app/App.java", "start": {"line": 7, "col": 9, "offset": 129}, "end": {"line": 7, "col": 39, "offset": 159}, "extra": {"message": "Runtime.exec with a dynamic command", "metadata": {"cwe": "CWE-78: OS Command Injection", "owasp": ["A03:2021 - Injection"], "impact": "HIGH"}, "severity": "ERROR", "fingerprint": "requires login", "lines": "requires login", "validation_state": "NO_VALIDATOR", "engine_kind": "OSS"}}, {"check_id": "__SCRATCH__.rules.java-weak-hash", "path": "src/main/java/app/App.java", "start": {"line": 8, "col": 9, "offset": 169}, "end": {"line": 8, "col": 41, "offset": 201}, "extra": {"message": "Weak hash algorithm MD5", "metadata": {"security-severity": "Critical", "cwe": ["CWE-327: Use of a Broken or Risky Cryptographic Algorithm"]}, "severity": "WARNING", "fingerprint": "requires login", "lines": "requires login", "validation_state": "NO_VALIDATOR", "engine_kind": "OSS"}}, {"check_id": "__SCRATCH__.rules.java-runtime-exec", "path": "src/main/java/app/App.java", "start": {"line": 12, "col": 9, "offset": 271}, "end": {"line": 12, "col": 39, "offset": 301}, "extra": {"message": "Runtime.exec with a dynamic command", "metadata": {"cwe": "CWE-78: OS Command Injection", "owasp": ["A03:2021 - Injection"], "impact": "HIGH"}, "severity": "ERROR", "fingerprint": "requires login", "lines": "requires login", "validation_state": "NO_VALIDATOR", "engine_kind": "OSS"}}, {"check_id": "__SCRATCH__.rules.java-runtime-exec", "path": "src/test/java/app/AppTest.java", "start": {"line": 5, "col": 9, "offset": 92}, "end": {"line": 5, "col": 37, "offset": 120}, "extra": {"message": "Runtime.exec with a dynamic command", "metadata": {"cwe": "CWE-78: OS Command Injection", "owasp": ["A03:2021 - Injection"], "impact": "HIGH"}, "severity": "ERROR", "fingerprint": "requires login", "lines": "requires login", "validation_state": "NO_VALIDATOR", "engine_kind": "OSS"}}, {"check_id": "__SCRATCH__.rules.python-print-info", "path": "tests/test_x.py", "start": {"line": 2, "col": 5, "offset": 19}, "end": {"line": 2, "col": 19, "offset": 33}, "extra": {"message": "print call", "metadata": {}, "severity": "INFO", "fingerprint": "requires login", "lines": "requires login", "validation_state": "NO_VALIDATOR", "engine_kind": "OSS"}}, {"check_id": "__SCRATCH__.rules.python-eval", "path": "tests/test_x.py", "start": {"line": 2, "col": 11, "offset": 25}, "end": {"line": 2, "col": 18, "offset": 32}, "extra": {"message": "eval of dynamic input", "metadata": {}, "severity": "WARNING", "fingerprint": "requires login", "lines": "requires login", "validation_state": "NO_VALIDATOR", "engine_kind": "OSS"}}], "errors": [], "paths": {"scanned": ["src/main/java/app/App.java", "src/test/java/app/AppTest.java", "tests/test_x.py"]}, "time": {"rules": [], "rules_parse_time": 0.0005471706390380859, "profiling_times": {"config_time": 0.12591314315795898, "core_time": 0.13788485527038574, "ignores_time": 3.790855407714844e-05, "total_time": 0.2691988945007324}, "parsing_time": {"total_time": 0.0, "per_file_time": {"mean": 0.0, "std_dev": 0.0}, "very_slow_stats": {"time_ratio": 0.0, "count_ratio": 0.0}, "very_slow_files": []}, "scanning_time": {"total_time": 0.02813887596130371, "per_file_time": {"mean": 0.00937962532043457, "std_dev": 3.2639979963278165e-07}, "very_slow_stats": {"time_ratio": 0.0, "count_ratio": 0.0}, "very_slow_files": []}, "matching_time": {"total_time": 0.0, "per_file_and_rule_time": {"mean": 0.0, "std_dev": 0.0}, "very_slow_stats": {"time_ratio": 0.0, "count_ratio": 0.0}, "very_slow_rules_on_files": []}, "tainting_time": {"total_time": 0.0, "per_def_and_rule_time": {"mean": 0.0, "std_dev": 0.0}, "very_slow_stats": {"time_ratio": 0.0, "count_ratio": 0.0}, "very_slow_rules_on_defs": []}, "fixpoint_timeouts": [], "prefiltering": {"project_level_time": 0.0, "file_level_time": 0.0, "rules_with_project_prefilters_ratio": 0.0, "rules_with_file_prefilters_ratio": 1.0, "rules_selected_ratio": 0.8333333333333334, "rules_matched_ratio": 0.8333333333333334}, "targets": [], "total_bytes": 0, "max_memory_bytes": 105373248}, "engine_requested": "OSS", "skipped_rules": [], "profiling_results": []}]	16
tests/test_prd031a_semgrep_adapter.py::test_malformed_output[{"version": "1.178.0", "results": [{"check_id": "__SCRATCH__.rules.java-runtime-exec", "path": "src/main/java/app/App.java", "end": {"line": 7, "col": 39, "offset": 159}, "extra": {"message": "Runtime.exec with a dynamic command", "metadata": {"cwe": "CWE-78: OS Command Injection", "owasp": ["A03:2021 - Injection"], "impact": "HIGH"}, "severity": "ERROR", "fingerprint": "requires login", "lines": "requires login", "validation_state": "NO_VALIDATOR", "engine_kind": "OSS"}}, {"check_id": "__SCRATCH__.rules.java-weak-hash", "path": "src/main/java/app/App.java", "start": {"line": 8, "col": 9, "offset": 169}, "end": {"line": 8, "col": 41, "offset": 201}, "extra": {"message": "Weak hash algorithm MD5", "metadata": {"security-severity": "Critical", "cwe": ["CWE-327: Use of a Broken or Risky Cryptographic Algorithm"]}, "severity": "WARNING", "fingerprint": "requires login", "lines": "requires login", "validation_state": "NO_VALIDATOR", "engine_kind": "OSS"}}, {"check_id": "__SCRATCH__.rules.java-runtime-exec", "path": "src/main/java/app/App.java", "start": {"line": 12, "col": 9, "offset": 271}, "end": {"line": 12, "col": 39, "offset": 301}, "extra": {"message": "Runtime.exec with a dynamic command", "metadata": {"cwe": "CWE-78: OS Command Injection", "owasp": ["A03:2021 - Injection"], "impact": "HIGH"}, "severity": "ERROR", "fingerprint": "requires login", "lines": "requires login", "validation_state": "NO_VALIDATOR", "engine_kind": "OSS"}}, {"check_id": "__SCRATCH__.rules.java-runtime-exec", "path": "src/test/java/app/AppTest.java", "start": {"line": 5, "col": 9, "offset": 92}, "end": {"line": 5, "col": 37, "offset": 120}, "extra": {"message": "Runtime.exec with a dynamic command", "metadata": {"cwe": "CWE-78: OS Command Injection", "owasp": ["A03:2021 - Injection"], "impact": "HIGH"}, "severity": "ERROR", "fingerprint": "requires login", "lines": "requires login", "validation_state": "NO_VALIDATOR", "engine_kind": "OSS"}}, {"check_id": "__SCRATCH__.rules.python-print-info", "path": "tests/test_x.py", "start": {"line": 2, "col": 5, "offset": 19}, "end": {"line": 2, "col": 19, "offset": 33}, "extra": {"message": "print call", "metadata": {}, "severity": "INFO", "fingerprint": "requires login", "lines": "requires login", "validation_state": "NO_VALIDATOR", "engine_kind": "OSS"}}, {"check_id": "__SCRATCH__.rules.python-eval", "path": "tests/test_x.py", "start": {"line": 2, "col": 11, "offset": 25}, "end": {"line": 2, "col": 18, "offset": 32}, "extra": {"message": "eval of dynamic input", "metadata": {}, "severity": "WARNING", "fingerprint": "requires login", "lines": "requires login", "validation_state": "NO_VALIDATOR", "engine_kind": "OSS"}}], "errors": [], "paths": {"scanned": ["src/main/java/app/App.java", "src/test/java/app/AppTest.java", "tests/test_x.py"], "skipped": []}, "time": {"rules": [], "rules_parse_time": 0.0005471706390380859, "profiling_times": {"config_time": 0.12591314315795898, "core_time": 0.13788485527038574, "ignores_time": 3.790855407714844e-05, "total_time": 0.2691988945007324}, "parsing_time": {"total_time": 0.0, "per_file_time": {"mean": 0.0, "std_dev": 0.0}, "very_slow_stats": {"time_ratio": 0.0, "count_ratio": 0.0}, "very_slow_files": []}, "scanning_time": {"total_time": 0.02813887596130371, "per_file_time": {"mean": 0.00937962532043457, "std_dev": 3.2639979963278165e-07}, "very_slow_stats": {"time_ratio": 0.0, "count_ratio": 0.0}, "very_slow_files": []}, "matching_time": {"total_time": 0.0, "per_file_and_rule_time": {"mean": 0.0, "std_dev": 0.0}, "very_slow_stats": {"time_ratio": 0.0, "count_ratio": 0.0}, "very_slow_rules_on_files": []}, "tainting_time": {"total_time": 0.0, "per_def_and_rule_time": {"mean": 0.0, "std_dev": 0.0}, "very_slow_stats": {"time_ratio": 0.0, "count_ratio": 0.0}, "very_slow_rules_on_defs": []}, "fixpoint_timeouts": [], "prefiltering": {"project_level_time": 0.0, "file_level_time": 0.0, "rules_with_project_prefilters_ratio": 0.0, "rules_with_file_prefilters_ratio": 1.0, "rules_selected_ratio": 0.8333333333333334, "rules_matched_ratio": 0.8333333333333334}, "targets": [], "total_bytes": 0, "max_memory_bytes": 105373248}, "engine_requested": "OSS", "skipped_rules": [], "profiling_results": []}]	16
tests/test_prd031a_semgrep_adapter.py::test_malformed_output[{"version": "1.178.0", "results": [], "errors": ["not-an-object"], "paths": {"scanned": ["a.java"], "skipped": []}}]	16
tests/test_prd031a_semgrep_adapter.py::test_severity_map[INFO-metadata0-critical]	16
tests/test_prd031a_semgrep_adapter.py::test_severity_map[ERROR-metadata1-critical]	16
tests/test_prd031a_semgrep_adapter.py::test_severity_map[INFO-metadata2-high]	16
tests/test_prd031a_semgrep_adapter.py::test_severity_map[ERROR-metadata3-medium]	16
tests/test_prd031a_semgrep_adapter.py::test_severity_map[ERROR-metadata4-low]	16
tests/test_prd031a_semgrep_adapter.py::test_severity_map[WARNING-metadata5-medium]	16
tests/test_prd031a_semgrep_adapter.py::test_severity_map[ERROR-metadata6-high]	16
tests/test_prd031a_semgrep_adapter.py::test_severity_map[WARNING-metadata7-medium]	16
tests/test_prd031a_semgrep_adapter.py::test_severity_map[INFO-metadata8-low]	16
tests/test_prd031a_semgrep_adapter.py::test_severity_map[INVENTORY-metadata9-unknown]	16
tests/test_prd031a_semgrep_adapter.py::test_severity_map[error-metadata10-unknown]	16
tests/test_prd031a_semgrep_adapter.py::test_severity_map[None-metadata11-unknown]	16
tests/test_prd031a_semgrep_adapter.py::test_rule_id_prefix_stripping	16
tests/test_prd031a_semgrep_adapter.py::test_message_is_control_stripped_and_bounded	16
tests/test_prd031a_semgrep_adapter.py::test_absolute_finding_path_is_made_root_relative	16
tests/test_prd031a_semgrep_adapter.py::test_prerequisites_and_build_graph_are_empty	16
tests/test_prd031a_semgrep_adapter.py::test_effective_options_digest_tracks_settings_and_location	16
tests/test_prd031a_semgrep_adapter.py::test_runtime_fingerprint_is_stable_and_never_runs_semgrep	16
tests/test_prd031a_semgrep_adapter.py::test_runtime_fingerprint_changes_with_each_input	16
tests/test_prd031a_semgrep_adapter.py::test_runtime_fingerprint_contained_binds_the_image	16
tests/test_prd031a_semgrep_adapter.py::test_runtime_fingerprint_raises_on_missing_pack_or_executable	16
tests/test_prd031a_semgrep_adapter.py::test_missing_engine_fails_the_probe_and_the_fingerprint	16
tests/test_prd031a_semgrep_adapter.py::test_swapped_engine_changes_the_probed_identity	16
tests/test_prd031a_semgrep_adapter.py::test_engine_not_located_without_an_absolute_interpreter[#!/usr/bin/env python3\n]	16
tests/test_prd031a_semgrep_adapter.py::test_engine_not_located_without_an_absolute_interpreter[#!python\n]	16
tests/test_prd031a_semgrep_adapter.py::test_engine_not_located_without_an_absolute_interpreter[\x7fELF native binary\n]	16
tests/test_prd031a_semgrep_adapter.py::test_engine_not_located_without_an_absolute_interpreter[]	16
tests/test_prd031a_semgrep_adapter.py::test_env_shebang_is_refused_even_when_its_prefix_holds_an_engine	16
tests/test_prd031a_semgrep_adapter.py::test_relative_interpreter_is_refused_even_when_the_cwd_holds_an_engine	16
tests/test_prd031a_semgrep_adapter.py::test_engine_location_is_unique_and_under_the_interpreter_prefix	16
tests/test_prd031a_static_analysis.py::test_disabled_by_default_is_never_pass_and_never_touches_a_provider	16
tests/test_prd031a_static_analysis.py::test_operator_disabled_is_distinguished_from_not_configured	16
tests/test_prd031a_static_analysis.py::test_required_but_disabled_is_rejected_at_config_load	16
tests/test_prd031a_static_analysis.py::test_enabled_needs_a_registered_provider	16
tests/test_prd031a_static_analysis.py::test_every_static_analysis_field_is_security_authority	16
tests/test_prd031a_static_analysis.py::test_production_does_not_force_enabled_but_seals_trustworthy_evidence_when_enabled	16
tests/test_prd031a_static_analysis.py::test_provider_unavailable_is_never_pass[optional-warn-True]	16
tests/test_prd031a_static_analysis.py::test_provider_unavailable_is_never_pass[optional-block-False]	16
tests/test_prd031a_static_analysis.py::test_provider_unavailable_is_never_pass[required-warn-False]	16
tests/test_prd031a_static_analysis.py::test_local_only_refuses_network_or_source_upload_before_any_scan[knobs0]	16
tests/test_prd031a_static_analysis.py::test_local_only_refuses_network_or_source_upload_before_any_scan[knobs1]	16
tests/test_prd031a_static_analysis.py::test_source_upload_is_refused_even_outside_local_only	16
tests/test_prd031a_static_analysis.py::test_scope_narrower_than_the_provider_minimum_is_unavailable	16
tests/test_prd031a_static_analysis.py::test_auto_scope_is_the_provider_minimum_and_scans_the_whole_module	16
tests/test_prd031a_static_analysis.py::test_java_supported_cpp_unsupported_is_partial_and_cpp_is_never_analyzed[warn-PASS_WITH_WARNINGS]	16
tests/test_prd031a_static_analysis.py::test_java_supported_cpp_unsupported_is_partial_and_cpp_is_never_analyzed[block-BLOCKED]	16
tests/test_prd031a_static_analysis.py::test_supported_language_without_rules_is_uncovered	16
tests/test_prd031a_static_analysis.py::test_missing_prerequisite_blocks_before_any_scan	16
tests/test_prd031a_static_analysis.py::test_a_target_the_scanner_did_not_confirm_is_never_pass[block-UNKNOWN]	16
tests/test_prd031a_static_analysis.py::test_a_target_the_scanner_did_not_confirm_is_never_pass[warn-PASS_WITH_WARNINGS]	16
tests/test_prd031a_static_analysis.py::test_oversized_target_is_recorded_never_submitted_and_never_pass[block-UNKNOWN]	16
tests/test_prd031a_static_analysis.py::test_oversized_target_is_recorded_never_submitted_and_never_pass[warn-PASS_WITH_WARNINGS]	16
tests/test_prd031a_static_analysis.py::test_operator_exclusions_and_scanner_control_files_never_reach_the_provider	16
tests/test_prd031a_static_analysis.py::test_candidate_introduced_finding_blocks_and_the_gap_carries_no_scanner_text	16
tests/test_prd031a_static_analysis.py::test_pre_existing_finding_survives_a_line_shift_as_unchanged	16
tests/test_prd031a_static_analysis.py::test_resolved_finding_is_credit_not_a_block	16
tests/test_prd031a_static_analysis.py::test_worsened_is_extra_occurrences_at_the_same_location	16
tests/test_prd031a_static_analysis.py::test_added_file_is_post_only_and_deleted_file_is_pre_only	16
tests/test_prd031a_static_analysis.py::test_a_candidate_can_cause_a_finding_in_a_file_it_did_not_change	16
tests/test_prd031a_static_analysis.py::test_different_scanner_identity_between_pre_and_post_is_not_comparable[x BAD_HIGH\n-UNKNOWN]	16
tests/test_prd031a_static_analysis.py::test_different_scanner_identity_between_pre_and_post_is_not_comparable[class A {}\n-PASS]	16
tests/test_prd031a_static_analysis.py::test_scanner_failure_is_never_pass_and_blocks_under_either_requirement[optional-FAILED-SCAN_FAILED-UNKNOWN]	16
tests/test_prd031a_static_analysis.py::test_scanner_failure_is_never_pass_and_blocks_under_either_requirement[optional-TIMEOUT-SCAN_TIMEOUT-UNKNOWN]	16
tests/test_prd031a_static_analysis.py::test_scanner_failure_is_never_pass_and_blocks_under_either_requirement[optional-MALFORMED_OUTPUT-SCAN_OUTPUT_MALFORMED-UNKNOWN]	16
tests/test_prd031a_static_analysis.py::test_scanner_failure_is_never_pass_and_blocks_under_either_requirement[required-FAILED-SCAN_FAILED-UNKNOWN]	16
tests/test_prd031a_static_analysis.py::test_scanner_failure_is_never_pass_and_blocks_under_either_requirement[required-TIMEOUT-SCAN_TIMEOUT-UNKNOWN]	16
tests/test_prd031a_static_analysis.py::test_scanner_failure_is_never_pass_and_blocks_under_either_requirement[required-MALFORMED_OUTPUT-SCAN_OUTPUT_MALFORMED-UNKNOWN]	16
tests/test_prd031a_static_analysis.py::test_scanner_config_error_is_unavailable	16
tests/test_prd031a_static_analysis.py::test_an_internal_error_fails_closed_and_a_normal_run_is_not_an_internal_error	16
tests/test_prd031a_static_analysis.py::test_base_drift_before_the_scan_is_unknown	16
tests/test_prd031a_static_analysis.py::test_an_in_place_candidate_has_no_pristine_base	16
tests/test_prd031a_static_analysis.py::test_valid_waiver_is_accepted_risk_never_pass	16
tests/test_prd031a_static_analysis.py::test_mismatched_or_expired_waiver_never_applies_silently[overrides0-WAIVER_EXPIRED]	16
tests/test_prd031a_static_analysis.py::test_mismatched_or_expired_waiver_never_applies_silently[overrides1-WAIVER_SCOPE_MISMATCH]	16
tests/test_prd031a_static_analysis.py::test_mismatched_or_expired_waiver_never_applies_silently[overrides2-WAIVER_SCOPE_MISMATCH]	16
tests/test_prd031a_static_analysis.py::test_mismatched_or_expired_waiver_never_applies_silently[overrides3-WAIVER_SCOPE_MISMATCH]	16
tests/test_prd031a_static_analysis.py::test_mismatched_or_expired_waiver_never_applies_silently[overrides4-WAIVER_SEVERITY_EXCEEDED]	16
tests/test_prd031a_static_analysis.py::test_mismatched_or_expired_waiver_never_applies_silently[overrides5-WAIVER_RULE_PACK_MISMATCH]	16
tests/test_prd031a_static_analysis.py::test_a_waiver_from_another_workspace_never_applies	16
tests/test_prd031a_static_analysis.py::test_a_tampered_store_is_invalid_and_nothing_from_it_applies	16
tests/test_prd031a_static_analysis.py::test_coverage_gaps_and_scanner_failures_are_never_waivable	16
tests/test_prd031a_static_analysis.py::test_the_waiver_store_can_never_live_inside_the_workspace	16
tests/test_prd031a_static_analysis.py::test_a_waiver_shaped_file_written_by_the_candidate_has_no_effect	16
tests/test_prd031a_static_analysis.py::test_revoke_takes_effect_on_the_next_evaluation	16
tests/test_prd031a_static_analysis.py::test_evidence_is_persisted_with_a_recomputable_digest	16
tests/test_prd031a_static_analysis.py::test_an_evidence_write_failure_is_recorded_and_never_changes_the_verdict	16
tests/test_prd031a_static_analysis.py::test_fresh_evidence_commits_and_names_itself_in_the_commit_evidence	16
tests/test_prd031a_static_analysis.py::test_stale_candidate_bytes_are_refused	16
tests/test_prd031a_static_analysis.py::test_an_unchanged_in_scope_file_edited_after_the_scan_is_refused	16
tests/test_prd031a_static_analysis.py::test_a_file_added_to_the_scope_after_the_scan_is_refused	16
tests/test_prd031a_static_analysis.py::test_a_provider_runtime_or_rule_pack_change_is_refused	16
tests/test_prd031a_static_analysis.py::test_an_effective_settings_change_is_refused	16
tests/test_prd031a_static_analysis.py::test_missing_or_non_permitting_evidence_is_refused_when_enabled	16
tests/test_prd031a_static_analysis.py::test_disabling_analysis_after_the_scan_is_stale_and_disabled_config_commits	16
tests/test_prd031a_static_analysis.py::test_a_test_double_config_never_enables_analysis	16
tests/test_prd031a_static_analysis.py::test_reason_code_table_is_closed	16
tests/test_prd031a_static_analysis.py::test_every_outcome_has_a_gate_status_and_disabled_is_never_passed	16
tests/test_prd031a_static_analysis.py::test_target_statuses_other_than_covered_are_never_reported_as_analyzed	16
tests/test_prd031a_static_analysis.py::test_no_provider_name_above_the_adapters	16
tests/test_prd031a_static_analysis.py::test_workflow_uses_only_the_service_and_model	16
tests/test_prd031a_static_analysis.py::test_static_analysis_never_imports_the_orchestrators_and_adapters_never_see_policy	16
tests/test_prd031a_static_analysis.py::test_kriya_never_imports_the_test_fake	16
tests/test_prd031a_static_analysis.py::test_only_the_operator_cli_writes_or_revokes_waivers	16
tests/test_prd031a_static_analysis.py::test_every_production_commit_passes_a_config_built_guard	16
tests/test_prd031a_static_analysis.py::test_both_commit_boundaries_use_the_one_service	16
tests/test_prd031a_static_analysis.py::test_a_static_analysis_stop_is_deterministic_never_a_developer_retry	16
tests/test_prd031a_static_analysis.py::test_a_configuration_without_the_section_is_not_configured_not_an_error	16
tests/test_prd031a_static_analysis.py::test_direct_boundary_blocks_with_a_deterministic_stop	16
tests/test_prd031a_static_analysis.py::test_direct_boundary_records_a_permitted_result_for_the_commit	16
tests/test_prd031a_static_analysis.py::test_enforce_gate_reports_the_real_outcome_and_blocks_the_commit[x BAD_HIGH\n-BLOCKED-failed]	16
tests/test_prd031a_static_analysis.py::test_enforce_gate_reports_the_real_outcome_and_blocks_the_commit[class A { }\n-PASS-passed]	16
tests/test_prd031a_static_analysis.py::test_relative_rule_packs_and_waiver_store_resolve_against_the_config_directory	16
tests/test_prd031a_static_analysis.py::test_doctor_reports_disabled_as_not_applicable_the_established_way	16
tests/test_prd031a_static_analysis.py::test_doctor_rows_for_an_enabled_required_provider	16
tests/test_prd031a_static_analysis.py::test_doctor_provider_unavailable_fails_only_when_required[required-FAIL]	16
tests/test_prd031a_static_analysis.py::test_doctor_provider_unavailable_fails_only_when_required[optional-WARN]	16
tests/test_prd031a_static_analysis.py::test_doctor_fails_a_tampered_waiver_store_when_required	16
tests/test_prd031a_static_analysis.py::test_operator_cli_creates_lists_and_revokes_waivers	16
tests/test_prd031a_static_analysis.py::test_operator_cli_refuses_an_incomplete_waiver_and_asks_before_recording	16
tests/test_prd031a_static_analysis.py::test_operator_scan_judges_working_tree_changes_against_a_git_base_read_only	16
tests/test_prd031a_static_analysis.py::test_a_workspace_reached_through_a_symlink_is_the_same_workspace	16
tests/test_prd031a_static_analysis.py::test_a_waiver_never_masks_another_blocking_finding	16
tests/test_prd031a_static_analysis.py::test_cli_prints_the_accepted_risk_banner_and_json_keeps_the_distinct_outcome	16
tests/test_prd031a_static_analysis.py::test_a_waiver_for_another_provider_never_applies	16
tests/test_prd032_chaos_commit.py::test_a_concurrent_user_edit_before_the_commit_is_preserved	16
tests/test_prd032_chaos_commit.py::test_a_second_kriya_writer_is_refused_before_any_model_work	17
tests/test_prd032_chaos_commit.py::test_a_corrupted_checkpoint_is_never_resumed_from	16
tests/test_prd032_chaos_commit.py::test_a_corrupted_run_record_blocks_the_next_mutating_run	16
tests/test_prd032_chaos_commit.py::test_termination_after_intent_before_the_first_byte	16
tests/test_prd032_chaos_commit.py::test_termination_between_staged_replaces_needs_explicit_recovery	16
tests/test_prd032_chaos_commit.py::test_termination_after_the_source_write_before_record_settlement	16
tests/test_prd032_chaos_commit.py::test_resume_from_an_uncertain_workspace_is_refused	16
tests/test_prd032_chaos_commit.py::test_enforce_terminal_refuses_a_candidate_changed_after_its_gates	16
tests/test_prd032_chaos_commit.py::test_static_analysis_disabled_a_candidate_changed_after_the_gates_is_refused	16
tests/test_prd032_chaos_harness.py::test_every_scenario_is_bound_to_exactly_one_test	16
tests/test_prd032_chaos_harness.py::test_every_family_names_its_supporting_suites_and_they_exist	16
tests/test_prd032_chaos_harness.py::test_the_report_content_is_reproducible_and_independent_of_run_metadata	16
tests/test_prd032_chaos_harness.py::test_verdicts_never_hide_a_failure_and_unrun_scenarios_are_not_run	16
tests/test_prd032_chaos_harness.py::test_a_result_for_an_unregistered_scenario_is_refused	16
tests/test_prd032_chaos_harness.py::test_item_verdict_reads_every_phase	16
tests/test_prd032_chaos_harness.py::test_an_observation_must_be_typed_and_content_free	16
tests/test_prd032_chaos_harness.py::test_a_passing_chaos_test_without_an_observation_fails	16
tests/test_prd032_chaos_injection.py::test_injected_secret_reads_never_reach_the_model	16
tests/test_prd032_chaos_injection.py::test_injected_network_target_is_refused_before_any_request	16
tests/test_prd032_chaos_injection.py::test_repository_configuration_cannot_expand_authority	16
tests/test_prd032_chaos_injection.py::test_repository_cannot_disable_gates_and_a_weakened_test_never_passes	16
tests/test_prd032_chaos_injection.py::test_writes_aimed_at_trusted_stores_and_repository_internals_never_land	16
tests/test_prd032_chaos_injection.py::test_a_fake_operator_message_in_reference_context_authorizes_nothing	16
tests/test_prd032_chaos_model.py::test_prose_and_an_unregistered_write_tool_authorize_nothing	16
tests/test_prd032_chaos_model.py::test_duplicate_calls_in_one_turn_process_exactly_one	16
tests/test_prd032_chaos_model.py::test_an_unknown_tool_fails_closed_without_fuzzy_matching	16
tests/test_prd032_chaos_model.py::test_a_known_verb_with_another_verbs_arguments_yields_no_evidence	16
tests/test_prd032_chaos_model.py::test_a_huge_tool_argument_is_rejected_before_resolution	16
tests/test_prd032_chaos_model.py::test_endless_distinct_investigation_ends_at_the_turn_budget	16
tests/test_prd032_chaos_model.py::test_a_partial_json_answer_is_a_typed_failure	16
tests/test_prd032_chaos_model.py::test_malformed_anchored_edits_are_refused	16
tests/test_prd032_chaos_model.py::test_traversal_and_absolute_paths_never_leave_the_workspace	16
tests/test_prd032_chaos_model.py::test_an_identical_ineffective_retry_stops_on_no_progress	16
tests/test_prd032_chaos_model.py::test_fabricated_success_never_passes	16
tests/test_prd032_chaos_model.py::test_a_truncated_completion_is_never_accepted	16
tests/test_prd032_chaos_model.py::test_an_empty_completion_is_a_typed_failure	16
tests/test_prd032_chaos_runtime.py::test_a_hung_command_times_out_and_its_whole_tree_is_reaped	16
tests/test_prd032_chaos_runtime.py::test_a_malformed_mcp_response_is_tolerated_and_authority_is_unchanged	16
tests/test_prd032_chaos_runtime.py::test_an_mcp_server_that_disappears_is_unregistered_and_fails_closed	16
tests/test_prd032_chaos_runtime.py::test_docker_disappearing_never_falls_back_to_the_host	16
tests/test_prd032_chaos_runtime.py::test_a_required_analyzer_that_is_unavailable_blocks_the_commit	16
tests/test_prd032_chaos_runtime.py::test_malformed_scanner_output_is_never_a_pass	16
tests/test_prd032_chaos_runtime.py::test_an_unconfirmed_required_target_is_unknown_and_blocks	16
tests/test_prd032_chaos_runtime.py::test_an_io_error_inside_the_commit_is_settled_from_evidence	16
tests/test_prd032_chaos_runtime.py::test_disk_full_while_staging_leaves_the_workspace_unchanged	16
tests/test_prd032_chaos_runtime.py::test_a_disappearing_model_endpoint_is_a_typed_failure	16
tests/test_prd032_chaos_static_analysis.py::test_commit_evidence_dropped_after_the_gate_is_refused	16
tests/test_prd032_chaos_static_analysis.py::test_candidate_bytes_changed_after_the_scan_are_refused	16
tests/test_prd032_chaos_static_analysis.py::test_an_in_scope_file_edited_after_the_scan_is_refused	16
tests/test_prd032_chaos_static_analysis.py::test_a_scanner_runtime_or_rule_pack_change_after_the_scan_is_refused	16
tests/test_prd032_chaos_static_analysis.py::test_a_valid_waiver_is_accepted_risk_the_control_for_e05_to_e07	16
tests/test_prd032_chaos_static_analysis.py::test_a_tampered_waiver_store_never_accepts_risk	16
tests/test_prd032_chaos_static_analysis.py::test_an_expired_waiver_never_accepts_risk	16
tests/test_prd032_chaos_static_analysis.py::test_a_waiver_for_another_rule_never_accepts_risk	16
tests/test_prd032_chaos_static_analysis.py::test_a_provider_that_disappears_after_the_scan_refuses_the_commit	16
tests/test_prd032_chaos_static_analysis.py::test_an_oversized_required_target_is_unknown_and_blocks	16
tests/test_prd032_planner_vocabulary.py::test_the_planner_prompt_states_every_closed_plan_vocabulary	16
tests/test_prd032_planner_workspace_path.py::test_no_planner_or_architect_prompt_carries_the_absolute_workspace_path	16
tests/test_prd032_terminal_commit_stop.py::test_a_concurrent_edit_before_the_commit_stops_with_the_conflict	16
tests/test_prd032_terminal_commit_stop.py::test_refused_static_analysis_evidence_stops_without_a_retry	16
tests/test_prd032_terminal_commit_stop.py::test_the_payload_is_absent_on_success_and_on_an_ordinary_gate_failure	16
tests/test_prd032_terminal_commit_stop.py::test_the_cli_names_the_stop_and_the_recovery_step	16
tests/test_prd033_events_and_cli.py::test_a_commit_stop_is_a_typed_trace_event_and_a_metric	16
tests/test_prd033_events_and_cli.py::test_a_successful_run_records_no_commit_stop_approval_or_unattached_review	16
tests/test_prd033_events_and_cli.py::test_every_approval_decision_is_recorded_with_its_triggers	16
tests/test_prd033_events_and_cli.py::test_an_unattached_pre_approval_review_is_recorded_and_shown_to_the_approver	16
tests/test_prd033_events_and_cli.py::test_a_normal_pre_approval_review_is_attached_and_records_nothing	16
tests/test_prd033_events_and_cli.py::test_the_metrics_report_cli_is_deterministic_and_has_no_default_thresholds	16
tests/test_prd033_events_and_cli.py::test_a_failing_threshold_exits_1_and_a_threshold_file_inside_the_workspace_is_refused	16
tests/test_prd033_events_and_cli.py::test_adjudication_cli_records_refuses_and_lists	16
tests/test_prd033_events_and_cli.py::test_an_adjudication_store_inside_the_workspace_is_refused	16
tests/test_prd033_metrics.py::test_no_proprietary_content_reaches_a_projection_or_a_report	16
tests/test_prd033_metrics.py::test_outcomes_first_pass_retries_and_wall_time	16
tests/test_prd033_metrics.py::test_verification_share_needs_timed_validators	16
tests/test_prd033_metrics.py::test_first_pass_compile_is_the_first_compile_outcome	16
tests/test_prd033_metrics.py::test_no_evidence_is_unavailable_never_zero	16
tests/test_prd033_metrics.py::test_populations_are_never_mixed	16
tests/test_prd033_metrics.py::test_model_metrics_are_keyed_by_runtime_settings_role_and_task_class	16
tests/test_prd033_metrics.py::test_outcomes_are_keyed_by_the_developer_identity_and_task_class	16
tests/test_prd033_metrics.py::test_static_analysis_escalation_authority_and_commit_evidence	16
tests/test_prd033_metrics.py::test_false_success_comes_only_from_adjudication	16
tests/test_prd033_metrics.py::test_adjudication_refusals_and_supersession	16
tests/test_prd033_metrics.py::test_a_tampered_adjudication_store_counts_nothing	16
tests/test_prd033_metrics.py::test_only_the_operator_cli_writes_adjudications	16
tests/test_prd033_metrics.py::test_workflow_never_imports_the_metrics_package	16
tests/test_prd033_metrics.py::test_thresholds_have_no_default_and_evaluate_every_status	16
tests/test_prd033_metrics.py::test_threshold_files_are_validated_and_never_inside_the_workspace	16
tests/test_prd033_metrics.py::test_the_same_evidence_always_gives_the_same_report	16
tests/test_prd033_metrics.py::test_chaos_and_run_record_inputs	16
tests/test_prd033_metrics.py::test_a_row_with_unparseable_json_projects_safely	16
tests/test_prd034_certification.py::test_outside_certification_skips_are_recorded_not_failed	16
tests/test_prd034_certification.py::test_certification_fails_every_unexpected_skip_and_xfail	16
tests/test_prd034_certification.py::test_an_allowlisted_skip_passes_and_an_expired_entry_does_not	16
tests/test_prd034_certification.py::test_match_is_by_node_pattern_and_reason	16
tests/test_prd034_certification.py::test_a_malformed_allowlist_is_refused	16
tests/test_prd034_certification.py::test_the_repository_allowlist_is_valid_and_every_entry_is_owned_and_dated	16
tests/test_prd034_certification.py::test_certified_only_when_every_mandatory_stage_passes_and_the_doctor_is_reported_as_is	16
tests/test_prd034_certification.py::test_an_unexpected_skip_or_a_missing_doctor_is_never_certified	16
tests/test_prd034_certification.py::test_certification_requires_a_pinned_release_identity[None-release_identity: not recorded]	16
tests/test_prd034_certification.py::test_certification_requires_a_pinned_release_identity[identity1-release_identity: not recorded]	16
tests/test_prd034_certification.py::test_certification_requires_a_pinned_release_identity[identity2-release_identity: Kriya revision not pinned]	16
tests/test_prd034_certification.py::test_certification_requires_a_pinned_release_identity[identity3-release_identity: Kriya revision not pinned]	16
tests/test_prd035_certification_records.py::test_every_case_passed_on_the_qualified_target_identity_certifies	16
tests/test_prd035_certification_records.py::test_anything_less_is_never_certified[results0-one failed case]	16
tests/test_prd035_certification_records.py::test_anything_less_is_never_certified[results1-a case that never ran]	16
tests/test_prd035_certification_records.py::test_anything_less_is_never_certified[results2-an unqualified identity]	16
tests/test_prd035_certification_records.py::test_anything_less_is_never_certified[results3-an inexact environment]	16
tests/test_prd035_certification_records.py::test_mixed_identities_are_wiring_never_certification	16
tests/test_prd035_certification_records.py::test_a_certified_matrix_is_current_only_for_its_exact_key	16
tests/test_prd035_certification_records.py::test_a_failed_matrix_is_stored_failed_never_current	16
tests/test_prd035_certification_records.py::test_a_tampered_record_is_invalid	16
tests/test_prd035_certification_records.py::test_the_cli_reports_missing_then_current	16
tests/test_prd036_release_gate.py::test_an_unchanged_qualified_candidate_is_current_and_binds_every_component	16
tests/test_prd036_release_gate.py::test_any_component_change_is_a_new_digest_and_named[<lambda>-release.kriya.revision]	16
tests/test_prd036_release_gate.py::test_any_component_change_is_a_new_digest_and_named[<lambda>-production_config.content_sha256]	16
tests/test_prd036_release_gate.py::test_any_component_change_is_a_new_digest_and_named[<lambda>-production_config.security_field_set_digest]	16
tests/test_prd036_release_gate.py::test_any_component_change_is_a_new_digest_and_named[<lambda>-production_config.referenced_files]	16
tests/test_prd036_release_gate.py::test_any_component_change_is_a_new_digest_and_named[<lambda>-models.developer_primary.runtime_digest]	16
tests/test_prd036_release_gate.py::test_any_component_change_is_a_new_digest_and_named[<lambda>-models.developer_primary.inference_settings_digest]	16
tests/test_prd036_release_gate.py::test_any_component_change_is_a_new_digest_and_named[<lambda>-models.developer_fallback.inference_settings_digest]	16
tests/test_prd036_release_gate.py::test_any_component_change_is_a_new_digest_and_named[<lambda>-models.developer_fallback.runtime_digest]	16
tests/test_prd036_release_gate.py::test_any_component_change_is_a_new_digest_and_named[<lambda>-models.bindings]	16
tests/test_prd036_release_gate.py::test_any_component_change_is_a_new_digest_and_named[<lambda>-case_set.version]	16
tests/test_prd036_release_gate.py::test_any_component_change_is_a_new_digest_and_named[<lambda>-case_set.table_digest]	16
tests/test_prd036_release_gate.py::test_a_change_seen_only_in_a_nested_digest_is_still_stale	16
tests/test_prd036_release_gate.py::test_an_unqualified_dirty_or_tampered_candidate_is_never_current	16
tests/test_prd036_release_gate.py::test_the_security_identity_is_stable_and_never_stores_a_value	16
tests/test_prd036_release_gate.py::test_three_consecutive_complete_matrices_certify_and_every_trial_is_kept	16
tests/test_prd036_release_gate.py::test_a_failure_resets_the_streak_without_dropping_any_trial	16
tests/test_prd036_release_gate.py::test_a_matrix_that_is_not_a_complete_pass_on_this_candidate_resets_the_streak[report0-None-case_C11_NOT_RUN]	16
tests/test_prd036_release_gate.py::test_a_matrix_that_is_not_a_complete_pass_on_this_candidate_resets_the_streak[report1-None-case_set_mismatch]	16
tests/test_prd036_release_gate.py::test_a_matrix_that_is_not_a_complete_pass_on_this_candidate_resets_the_streak[report2-None-not_target_tier]	16
tests/test_prd036_release_gate.py::test_a_matrix_that_is_not_a_complete_pass_on_this_candidate_resets_the_streak[report3-None-primary_identity_mismatch]	16
tests/test_prd036_release_gate.py::test_a_matrix_that_is_not_a_complete_pass_on_this_candidate_resets_the_streak[report4-None-primary_identity_mismatch]	16
tests/test_prd036_release_gate.py::test_a_matrix_that_is_not_a_complete_pass_on_this_candidate_resets_the_streak[report5-None-environment_mismatch]	16
tests/test_prd036_release_gate.py::test_a_matrix_that_is_not_a_complete_pass_on_this_candidate_resets_the_streak[report6-None-fallback_identity_mismatch]	16
tests/test_prd036_release_gate.py::test_a_matrix_that_is_not_a_complete_pass_on_this_candidate_resets_the_streak[report7-None-report_digest_mismatch]	16
tests/test_prd036_release_gate.py::test_a_matrix_that_is_not_a_complete_pass_on_this_candidate_resets_the_streak[report8-after8-identity_changed_during_trial]	16
tests/test_prd036_release_gate.py::test_a_different_candidate_starts_its_own_streak_at_zero	16
tests/test_prd036_release_gate.py::test_a_tampered_log_is_invalid_and_never_overwritten	16
tests/test_prd036_release_gate.py::test_a_candidate_whose_digest_does_not_match_is_refused	16
tests/test_prd036_release_gate.py::test_the_harness_bindings_equal_the_release_configs_effective_bindings	16
tests/test_prd036_release_gate.py::test_a_retained_worktree_must_be_managed_reset_and_clean[overrides0-locked:]	16
tests/test_prd036_release_gate.py::test_a_retained_worktree_must_be_managed_reset_and_clean[overrides1-prunable:]	16
tests/test_prd036_release_gate.py::test_a_retained_worktree_must_be_managed_reset_and_clean[overrides2-broken:]	16
tests/test_prd036_release_gate.py::test_a_retained_worktree_must_be_managed_reset_and_clean[overrides3-head:]	16
tests/test_prd036_release_gate.py::test_a_retained_worktree_must_be_managed_reset_and_clean[overrides4-tracked_changes:]	16
tests/test_prd036_release_gate.py::test_a_retained_worktree_must_be_managed_reset_and_clean[overrides5-untracked:]	16
tests/test_prd036_release_gate.py::test_a_retained_worktree_must_be_managed_reset_and_clean[overrides6-untracked:]	16
tests/test_prd036_release_gate.py::test_a_retained_worktree_must_be_managed_reset_and_clean[overrides7-ignored:]	16
tests/test_prd036_release_gate.py::test_a_retained_worktree_must_be_managed_reset_and_clean[overrides8-kriya_state:]	16
tests/test_prd036_release_gate.py::test_a_retained_worktree_must_be_managed_reset_and_clean[overrides9-kriya_state:]	16
tests/test_prd036_release_gate.py::test_a_nested_or_unowned_worktree_is_never_acceptable	16
tests/test_prd036_release_gate.py::test_the_owned_locations_are_where_kriya_creates_its_worktrees	16
tests/test_prd036_release_gate.py::test_a_real_retained_worktree_set_is_inspected_from_git	16
tests/test_prd036_release_gate.py::test_two_runs_that_reuse_the_same_worktrees_prove_bounded_reuse	16
tests/test_prd036_release_gate.py::test_a_growing_changing_nested_or_failed_run_fails_the_canary[first0-second0-verdicts0]	16
tests/test_prd036_release_gate.py::test_a_growing_changing_nested_or_failed_run_fails_the_canary[first1-second1-verdicts1]	16
tests/test_prd036_release_gate.py::test_a_growing_changing_nested_or_failed_run_fails_the_canary[first2-second2-verdicts2]	16
tests/test_prd036_release_gate.py::test_a_growing_changing_nested_or_failed_run_fails_the_canary[first3-second3-verdicts3]	16
tests/test_prd036_release_gate.py::test_a_clean_production_canary_passes	16
tests/test_prd036_release_gate.py::test_any_failed_canary_check_fails_the_canary[<lambda>-cli_exit_zero]	16
tests/test_prd036_release_gate.py::test_any_failed_canary_check_fails_the_canary[<lambda>-run_success]	16
tests/test_prd036_release_gate.py::test_any_failed_canary_check_fails_the_canary[<lambda>-enforce_controller_exercised]	16
tests/test_prd036_release_gate.py::test_any_failed_canary_check_fails_the_canary[<lambda>-commit_committed]	16
tests/test_prd036_release_gate.py::test_any_failed_canary_check_fails_the_canary[<lambda>-no_leaked_containers]	16
tests/test_prd036_release_gate.py::test_any_failed_canary_check_fails_the_canary[<lambda>-no_leaked_networks]	16
tests/test_prd036_release_gate.py::test_any_failed_canary_check_fails_the_canary[<lambda>-worktrees_managed_and_clean]	16
tests/test_prd036_release_gate.py::test_any_failed_canary_check_fails_the_canary[<lambda>-no_leaked_processes]	16
tests/test_prd036_release_gate.py::test_any_failed_canary_check_fails_the_canary[<lambda>-workspace_lock_released]	16
tests/test_prd036_release_gate.py::test_any_failed_canary_check_fails_the_canary[<lambda>-only_authorized_workspace_writes]	16
tests/test_prd036_release_gate.py::test_any_failed_canary_check_fails_the_canary[<lambda>-head_unchanged]	16
tests/test_prd036_release_gate.py::test_any_failed_canary_check_fails_the_canary[<lambda>-independent_post_run_test]	16
tests/test_prd036_release_gate.py::test_any_failed_canary_check_fails_the_canary[<lambda>-release_candidate_current]	16
tests/test_prd036_release_gate.py::test_any_failed_canary_check_fails_the_canary[<lambda>-production_ready_after]	16
tests/test_prd036_release_gate.py::test_a_canary_without_bound_static_analysis_evidence_or_a_settled_record_fails	16
tests/test_prd036_release_gate.py::test_a_run_that_did_not_start_where_it_should_fails_its_own_check	16
tests/test_prd036_release_gate.py::test_the_reset_makes_a_workspace_fresh_even_over_worktrees_an_earlier_run_left	16
tests/test_prd036_release_gate.py::test_the_reset_refuses_a_workspace_it_could_not_make_fresh	16
tests/test_prd036_release_gate.py::test_the_canary_script_resets_through_the_harness_and_checks_where_each_run_starts	16
tests/test_prd036_release_gate.py::test_the_verdict_command_requires_where_the_run_started	16
tests/test_prd036_release_gate.py::test_the_gate_is_verified_only_with_every_criterion	16
tests/test_prd036_release_gate.py::test_any_failed_criterion_blocks_release[<lambda>-deterministic_certification0]	16
tests/test_prd036_release_gate.py::test_any_failed_criterion_blocks_release[<lambda>-deterministic_certification1]	16
tests/test_prd036_release_gate.py::test_any_failed_criterion_blocks_release[<lambda>-scanner_executed]	16
tests/test_prd036_release_gate.py::test_any_failed_criterion_blocks_release[<lambda>-release_stage]	16
tests/test_prd036_release_gate.py::test_any_failed_criterion_blocks_release[<lambda>-certified_candidate_identity]	16
tests/test_prd036_release_gate.py::test_any_failed_criterion_blocks_release[<lambda>-canary0]	16
tests/test_prd036_release_gate.py::test_any_failed_criterion_blocks_release[<lambda>-canary1]	16
tests/test_prd036_release_gate.py::test_any_failed_criterion_blocks_release[<lambda>-production_doctor_ready0]	16
tests/test_prd036_release_gate.py::test_any_failed_criterion_blocks_release[<lambda>-production_doctor_ready1]	16
tests/test_prd036_release_gate.py::test_any_failed_criterion_blocks_release[<lambda>-live_streak0]	16
tests/test_prd036_release_gate.py::test_any_failed_criterion_blocks_release[<lambda>-live_streak1]	16
tests/test_prd036_release_gate.py::test_any_failed_criterion_blocks_release[<lambda>-live_streak2]	16
tests/test_prd036_release_gate.py::test_any_failed_criterion_blocks_release[<lambda>-live_streak3]	16
tests/test_prd036_release_gate.py::test_any_failed_criterion_blocks_release[<lambda>-live_streak4]	16
tests/test_prd036_release_gate.py::test_any_failed_criterion_blocks_release[<lambda>-live_streak5]	16
tests/test_prd036_release_gate.py::test_any_failed_criterion_blocks_release[<lambda>-hosted_ci_at_candidate0]	16
tests/test_prd036_release_gate.py::test_any_failed_criterion_blocks_release[<lambda>-hosted_ci_at_candidate1]	16
tests/test_prd036_release_gate.py::test_any_failed_criterion_blocks_release[<lambda>-hosted_ci_at_candidate2]	16
tests/test_prd036_release_gate.py::test_any_failed_criterion_blocks_release[<lambda>-no_open_p0_p1]	16
tests/test_prd036_release_gate.py::test_any_failed_criterion_blocks_release[<lambda>-tracked_tree_clean]	16
tests/test_prd036_release_gate.py::test_any_failed_criterion_blocks_release[<lambda>-evidence_only_since_candidate]	16
tests/test_prd036_release_gate.py::test_only_evidence_paths_may_change_after_the_candidate[handover/PRD-036_FINAL_CLOSURE.md-True]	16
tests/test_prd036_release_gate.py::test_only_evidence_paths_may_change_after_the_candidate[evidence/PRD-036/matrix/trial-1/junit.xml-True]	16
tests/test_prd036_release_gate.py::test_only_evidence_paths_may_change_after_the_candidate[docs/design.md-True]	16
tests/test_prd036_release_gate.py::test_only_evidence_paths_may_change_after_the_candidate[README.md-True]	16
tests/test_prd036_release_gate.py::test_only_evidence_paths_may_change_after_the_candidate[handover/BACKLOG_REGISTRY.csv-True]	16
tests/test_prd036_release_gate.py::test_only_evidence_paths_may_change_after_the_candidate[kriya/cli.py-False]	16
tests/test_prd036_release_gate.py::test_only_evidence_paths_may_change_after_the_candidate[scripts/certify.sh-False]	16
tests/test_prd036_release_gate.py::test_only_evidence_paths_may_change_after_the_candidate[tests/conftest.py-False]	16
tests/test_prd036_release_gate.py::test_only_evidence_paths_may_change_after_the_candidate[pyproject.toml-False]	16
tests/test_prd036_release_gate.py::test_only_evidence_paths_may_change_after_the_candidate[.github/workflows/ci.yml-False]	16
tests/test_prd036_release_gate.py::test_only_evidence_paths_may_change_after_the_candidate[plugins/core_tools/__init__.py-False]	16
tests/test_prd036_release_gate.py::test_only_evidence_paths_may_change_after_the_candidate[kriya/README.md-False]	16
tests/test_prd036_release_gate.py::test_only_evidence_paths_may_change_after_the_candidate[Makefile-False]	16
tests/test_prd036_release_gate.py::test_open_p0_p1_are_any_not_closed_blocking_priority	16
tests/test_prd036_release_gate.py::test_relative_paths_are_resolved_before_the_identity_changes_directory	16
tests/test_prd036_release_gate.py::test_the_scripts_are_executable	16
tests/test_prd_tools.py::test_filesystem_chunked_read	16
tests/test_prd_tools.py::test_native_search_tool	16
tests/test_prd_tools.py::test_ast_tool_python_java_xml	16
tests/test_process_controller.py::test_process_controller_bounds_captured_output	16
tests/test_process_controller.py::test_process_controller_marks_timeout_and_returns	16
tests/test_process_controller.py::test_process_controller_closes_stdin_by_default_instead_of_hanging	16
tests/test_process_controller.py::test_process_controller_delivers_stdin_payload_and_closes_it	16
tests/test_process_controller.py::test_exception_during_run_kills_and_reaps_the_child_before_it_propagates	16
tests/test_process_controller.py::test_cancelling_run_async_kills_and_reaps_the_child	16
tests/test_process_controller_containment.py::test_run_with_null_backend_profile_matches_plain_run	16
tests/test_process_controller_containment.py::test_run_async_with_null_backend_profile_matches_plain_run	16
tests/test_process_controller_containment.py::test_run_env_allowlist_via_profile_matches_direct_env	16
tests/test_process_controller_containment.py::test_run_backend_unavailable_blocks_execution_sync	16
tests/test_process_controller_containment.py::test_run_async_backend_unavailable_blocks_execution	16
tests/test_process_controller_containment.py::test_run_null_backend_blocks_network_restricted_profile_end_to_end	16
tests/test_process_controller_containment.py::test_run_resource_setup_failure_blocks_execution	16
tests/test_process_controller_containment.py::test_run_async_resource_setup_failure_blocks_execution	16
tests/test_process_controller_containment.py::test_containment_profile_without_backend_raises_value_error	16
tests/test_process_controller_containment.py::test_mixing_raw_env_and_containment_profile_raises_value_error	16
tests/test_process_controller_containment.py::test_run_sync_timeout_kills_process_tree	16
tests/test_process_controller_containment.py::test_run_async_timeout_kills_process_tree	16
tests/test_process_controller_containment.py::test_run_async_timeout_leaves_no_surviving_process	16
tests/test_process_profile.py::test_process_profile_for_resolves_exact_spec_values	16
tests/test_process_profile.py::test_structured_subtasks_and_contract_analysis_never_claimed_true	16
tests/test_process_profile.py::test_to_dict_marks_heavy_extended_checks_unavailable	16
tests/test_process_profile.py::test_to_dict_is_json_serializable	16
tests/test_process_profile.py::test_enforce_verification_depth_rejected_at_config_construction	16
tests/test_process_profile.py::test_other_process_profiles_flags_remain_settable	16
tests/test_production_doctor.py::test_healthy_deployment_is_blocked_only_by_the_missing_exact_runtime_qualification	16
tests/test_production_doctor.py::test_required_boundary_failures_block_production[profile.production-<lambda>-None-FAIL]	16
tests/test_production_doctor.py::test_required_boundary_failures_block_production[plugins.core_tools-<lambda>-None-FAIL]	16
tests/test_production_doctor.py::test_required_boundary_failures_block_production[containment.oci_smoke-<lambda>-boundary_patch2-UNAVAILABLE]	16
tests/test_production_doctor.py::test_required_boundary_failures_block_production[containment.oci_smoke-<lambda>-boundary_patch3-UNAVAILABLE]	16
tests/test_production_doctor.py::test_required_boundary_failures_block_production[model.connectivity-<lambda>-boundary_patch4-UNAVAILABLE]	16
tests/test_production_doctor.py::test_required_boundary_failures_block_production[embedding.connectivity-<lambda>-boundary_patch5-UNAVAILABLE]	16
tests/test_production_doctor.py::test_check_ids_are_pinned_unique_and_always_complete	16
tests/test_production_doctor.py::test_every_check_raising_still_yields_the_complete_parseable_report	16
tests/test_production_doctor.py::test_an_unexpected_exception_is_confined_to_its_own_check[kriya.core.model_capabilities.resolve_model_capability_profile]	16
tests/test_production_doctor.py::test_an_unexpected_exception_is_confined_to_its_own_check[kriya.tools.validate.PolymorphicValidator]	16
tests/test_production_doctor.py::test_an_unexpected_exception_is_confined_to_its_own_check[kriya.control.run_ownership.probe_run_lock]	16
tests/test_production_doctor.py::test_doctor_neither_takes_the_run_lock_nor_creates_state_in_a_fresh_workspace	16
tests/test_production_doctor.py::test_a_held_workspace_lock_blocks_and_names_the_holder	16
tests/test_production_doctor.py::test_unwritable_checkpoint_store_blocks_and_fails_its_guarantee	16
tests/test_production_doctor.py::test_insufficient_workspace_capacity_blocks	16
tests/test_production_doctor.py::test_git_worktree_unavailable_blocks	16
tests/test_production_doctor.py::test_every_fixed_guarantee_is_verified_by_real_checks	16
tests/test_production_doctor.py::test_candidate_isolation_is_proven_with_the_real_mechanism_outside_the_workspace	16
tests/test_production_doctor.py::test_a_containment_posture_that_could_fall_back_to_the_host_blocks[<lambda>0]	16
tests/test_production_doctor.py::test_a_containment_posture_that_could_fall_back_to_the_host_blocks[<lambda>1]	16
tests/test_production_doctor.py::test_no_host_fallback_evidence_includes_the_null_backend_refusal	16
tests/test_production_doctor.py::test_an_unsupported_declared_toolchain_blocks	16
tests/test_production_doctor.py::test_an_absent_toolchain_image_is_unavailable_and_never_pulled	16
tests/test_production_doctor.py::test_a_present_toolchain_image_is_attested_without_pulling	16
tests/test_production_doctor.py::test_an_unattested_gradle_build_tool_is_reported_not_claimed	16
tests/test_production_doctor.py::test_a_stack_without_a_production_containment_profile_blocks	16
tests/test_production_doctor.py::test_a_hung_docker_daemon_is_unavailable_and_probed_once	16
tests/test_production_doctor.py::test_a_workspace_with_no_detectable_toolchain_is_a_visible_warning	16
tests/test_production_doctor.py::test_an_exact_runtime_fingerprint_passes_with_every_component_as_evidence	16
tests/test_production_doctor.py::test_missing_exact_runtime_fingerprint_blocks_production	16
tests/test_production_doctor.py::test_a_campaign_model_name_is_not_a_qualification	16
tests/test_production_doctor.py::test_unqualified_model_blocks_production	16
tests/test_production_doctor.py::test_every_role_qualified_for_its_exact_runtime_passes	16
tests/test_production_doctor.py::test_a_fully_qualified_healthy_deployment_is_production_ready	16
tests/test_production_doctor.py::test_a_failed_required_capability_blocks_the_role	16
tests/test_production_doctor.py::test_runtime_drift_makes_the_qualification_stale_or_missing	16
tests/test_production_doctor.py::test_runtime_fingerprint_binds_openai_identity_to_native_digest_and_metadata	16
tests/test_production_doctor.py::test_unsafe_egress_policy_blocks	16
tests/test_production_doctor.py::test_a_non_local_model_endpoint_blocks_even_under_local_only_policy[<lambda>0]	16
tests/test_production_doctor.py::test_a_non_local_model_endpoint_blocks_even_under_local_only_policy[<lambda>1]	16
tests/test_production_doctor.py::test_a_non_local_model_endpoint_blocks_even_under_local_only_policy[<lambda>2]	16
tests/test_production_doctor.py::test_local_model_endpoints_pass_egress	16
tests/test_production_doctor.py::test_semantic_precision_boundary_is_reported_from_the_authority_modules_own_scope	16
tests/test_production_doctor.py::test_incomplete_release_integrity_blocks	16
tests/test_production_doctor.py::test_json_cli_is_stable_and_exit_code_tracks_required_failures	16
tests/test_production_doctor.py::test_json_report_survives_a_configuration_that_cannot_load	16
tests/test_production_doctor.py::test_plain_doctor_still_refuses_a_configuration_that_cannot_load	16
tests/test_production_doctor.py::test_production_doctor_cli_never_opens_a_log_file_in_the_workspace	16
tests/test_production_doctor.py::test_plain_doctor_keeps_file_logging	16
tests/test_production_doctor.py::test_log_directory_check_passes_without_creating_the_directory	16
tests/test_production_doctor.py::test_a_relative_log_directory_fails_the_log_check	16
tests/test_production_doctor.py::test_an_unwritable_log_directory_fails_the_log_check	16
tests/test_production_doctor.py::test_log_files_disabled_is_a_warning	16
tests/test_production_doctor.py::test_json_requires_production_mode	16
tests/test_production_doctor.py::test_real_oci_containment_smoke_proves_network_capabilities_and_cleanup	16
tests/test_production_doctor.py::test_real_smoke_assertions_detect_an_uncontained_container	16
tests/test_production_doctor.py::test_recall_certification_not_applicable_without_a_code_index	16
tests/test_production_doctor.py::test_missing_recall_certification_blocks_a_deployment_that_uses_retrieval	16
tests/test_production_doctor.py::test_stored_recall_certification_passes_and_the_doctor_never_runs_the_benchmark	16
tests/test_production_doctor.py::test_precision_boundary_reports_capabilities_without_blocking_by_default	16
tests/test_production_doctor.py::test_required_region_enforcement_fails_on_a_language_without_the_capability	16
tests/test_production_doctor.py::test_required_region_enforcement_passes_when_every_workspace_language_supports_it	16
tests/test_production_fallback_identity.py::test_the_production_fallback_resolves_to_the_proven_qwen36_identity	16
tests/test_production_fallback_identity.py::test_the_previous_fallback_settings_are_a_different_identity	16
tests/test_prompt.py::test_prompt_engine_defaults	16
tests/test_prompt.py::test_prompt_engine_variables_and_rendering	16
tests/test_prompt.py::test_prompt_engine_missing_variable_error	16
tests/test_prompt.py::test_prompt_engine_custom_template	16
tests/test_prompt_budget_fit_001ab.py::test_the_section_gets_capacity_minus_the_fixed_text	16
tests/test_prompt_budget_fit_001ab.py::test_no_room_leaves_the_section_out_without_building_it	16
tests/test_prompt_budget_fit_001ab.py::test_non_ascii_text_is_rebuilt_smaller_until_the_dispatch_count_fits	16
tests/test_prompt_budget_fit_001ab.py::test_a_section_that_never_fits_is_left_out_after_a_bounded_number_of_builds	16
tests/test_prompt_budget_fit_001ab.py::test_reference_text_is_trimmed_at_whole_entries_and_kept_byte_identical_when_it_fits	16
tests/test_prompt_budget_fit_001ab.py::test_no_whole_entry_fitting_leaves_the_reference_out	16
tests/test_prompt_budget_fit_001ab.py::test_the_fence_is_never_cut	16
tests/test_prompt_budget_fit_001ab.py::test_review_batches_are_bounded_by_the_file_count_even_with_little_room	16
tests/test_prompt_budget_fit_001ab.py::test_a_reviewer_with_no_room_still_sends_its_fixed_text_once	16
tests/test_prompt_budget_fit_001ab.py::test_a_reviewer_binding_and_its_output_budget_size_its_own_requests	16
tests/test_prompt_budget_fit_001ab.py::test_the_request_capacity_reserves_the_output_and_the_reasoning_floor	16
tests/test_prompt_budget_fit_001ab.py::test_the_harness_baseline_succeeds_at_8k	16
tests/test_prompt_budget_fit_001ab.py::test_at_8k_the_planner_leaves_its_optional_context_out_and_is_sent	16
tests/test_prompt_budget_fit_001ab.py::test_at_16k_the_planner_graph_context_is_rebuilt_to_its_room	16
tests/test_prompt_budget_fit_001ab.py::test_at_32k_the_planner_request_is_unchanged	16
tests/test_prompt_budget_fit_001ab.py::test_at_8k_a_long_gate_error_leaves_the_review_files_out_and_the_review_still_runs	16
tests/test_prompt_budget_fit_001ab.py::test_at_8k_the_pre_approval_review_cuts_a_large_file_to_its_room	16
tests/test_prompt_budget_fit_001ab.py::test_at_16k_the_final_review_of_a_failing_candidate_cuts_the_file_to_its_room	16
tests/test_prompt_budget_fit_001ab.py::test_at_32k_the_review_carries_every_file_whole	16
tests/test_prompt_budget_fit_001ab.py::test_a_final_review_whose_fixed_text_alone_cannot_fit_ends_typed	16
tests/test_prompt_budget_fit_001ab.py::test_a_review_whose_fixed_text_alone_cannot_fit_is_still_refused	16
tests/test_prompt_budget_fit_001ab.py::test_learned_reference_never_makes_a_developer_request_fail_at_8k	16
tests/test_prompt_budget_fit_001ab.py::test_at_32k_the_developer_carries_the_whole_reference	16
tests/test_prompt_budget_fit_001ab.py::test_developer_reference_keeps_whole_entries_inside_the_pool	16
tests/test_prompt_budget_fit_001ab.py::test_the_enforce_planner_fits_its_reference_on_the_first_and_every_repair_request	16
tests/test_prompt_budget_fit_001ab.py::test_the_enforce_planner_leaves_a_reference_with_no_room_out	16
tests/test_prompt_budget_fit_001c.py::test_a_refused_final_review_after_an_applied_commit_is_a_typed_non_success	19
tests/test_prompt_budget_fit_001c.py::test_the_same_run_with_its_final_review_is_successful	16
tests/test_prompt_budget_fit_001c.py::test_a_milestone_whose_final_review_is_refused_keeps_earlier_commits_and_fails	16
tests/test_prompt_budget_fit_001c.py::test_an_enforce_subtask_whose_final_review_is_refused_fails_typed_and_commits_nothing	16
tests/test_prompt_budget_fit_001c.py::test_terminal_quality_never_passes_with_a_refused_final_review	16
tests/test_prompt_budget_fit_001c.py::test_kriya_fix_reports_a_refused_final_review_truthfully	16
tests/test_prompt_command.py::test_prompt_render_supports_custom_template_dir	16
tests/test_prompt_command.py::test_prompt_render_default_templates_still_work_without_template_dir_option	16
tests/test_prompt_command.py::test_prompt_generate_command	16
tests/test_prompt_command.py::test_prompt_generate_stdout_contains_only_the_generated_prompt	16
tests/test_prompt_command.py::test_prompt_generate_auto_saves_for_repl_chaining	16
tests/test_prompt_command.py::test_prompt_generate_warns_instead_of_silently_failing_when_autosave_fails	16
tests/test_prompt_fit_closure_001.py::test_a_30_entry_reference_at_16k_is_fitted_into_the_architect_request_not_refused	16
tests/test_prompt_fit_closure_001.py::test_at_32k_the_architect_request_is_unchanged	16
tests/test_prompt_fit_closure_001.py::test_the_investigation_loop_fits_its_first_request_and_stops_before_an_unfittable_turn	16
tests/test_prompt_fit_closure_001.py::test_the_investigation_loop_without_a_fit_is_unchanged	16
tests/test_prompt_fit_closure_001.py::test_the_self_correction_loop_never_sends_an_unfittable_turn	16
tests/test_prompt_fit_closure_001.py::test_the_self_correction_loop_without_a_capacity_is_unchanged	16
tests/test_prompt_fit_role_chain_001.py::test_the_output_a_candidate_is_sized_for_is_the_output_its_call_asks_for	16
tests/test_prompt_fit_role_chain_001.py::test_candidate_prompts_are_built_lazily_once_per_candidate_for_its_own_capacity	16
tests/test_prompt_fit_role_chain_001.py::test_a_smaller_planner_fallback_gets_a_request_refitted_to_its_own_room	16
tests/test_prompt_fit_role_chain_001.py::test_a_larger_planner_fallback_gets_a_request_fitted_to_its_own_larger_room	16
tests/test_prompt_fit_role_chain_001.py::test_equal_planner_windows_send_byte_identical_requests	16
tests/test_prompt_fit_role_chain_001.py::test_a_planner_fallback_that_cannot_hold_the_mandatory_text_is_refused_typed	16
tests/test_prompt_fit_role_chain_001.py::test_a_smaller_reviewer_fallback_reviews_what_fits_and_names_the_rest	16
tests/test_prompt_fit_role_chain_001.py::test_the_final_review_is_refitted_for_a_smaller_fallback	16
tests/test_prompt_fit_role_chain_001.py::test_kriya_review_refits_each_batch_for_a_smaller_fallback	16
tests/test_prompt_fit_role_chain_001.py::test_equal_reviewer_windows_send_byte_identical_requests	16
tests/test_prompt_fit_role_chain_001.py::test_a_reviewer_fallback_that_cannot_hold_the_header_ends_final_review_refused	16
tests/test_prompt_fit_role_chain_001.py::test_the_review_fixed_text_is_kept_whole_for_every_candidate	16
tests/test_prompt_fit_role_chain_001.py::test_a_fallback_review_request_names_the_files_of_its_batch_it_could_not_carry	16
tests/test_prompt_fit_role_chain_001.py::test_the_enforce_planner_refits_its_reference_for_each_candidate	16
tests/test_prompt_fit_role_chain_001.py::test_a_milestone_unit_review_is_refitted_for_a_smaller_reviewer_fallback	16
tests/test_proposal_binding.py::test_display_id_does_not_affect_durable_identity	16
tests/test_proposal_binding.py::test_line_number_shift_same_structural_key	16
tests/test_proposal_binding.py::test_whitespace_comment_only_change_same_normalized_hash	16
tests/test_proposal_binding.py::test_body_semantic_change_different_normalized_hash	16
tests/test_proposal_binding.py::test_overloads_bind_separately	16
tests/test_proposal_binding.py::test_target_file_hash_stable_for_identical_bytes	16
tests/test_proposal_binding.py::test_one_byte_target_change_different_hash	16
tests/test_proposal_binding.py::test_evidence_file_hash_change_detected	16
tests/test_proposal_binding.py::test_line_ending_change_changes_exact_file_hash	16
tests/test_proposal_binding.py::test_dirty_workspace_content_change_detected_by_file_hash_not_fooled_by_coarse_fingerprint	16
tests/test_proposal_binding.py::test_workspace_fingerprint_none_for_non_git_dir_is_the_documented_weak_case	16
tests/test_proposal_binding.py::test_proposal_verified_in_same_repo_passes	16
tests/test_proposal_binding.py::test_same_files_different_workspace_root_rejected	16
tests/test_proposal_binding.py::test_target_stable_key_resolves_passes	16
tests/test_proposal_binding.py::test_target_member_removed_rejected	16
tests/test_proposal_binding.py::test_overload_ambiguity_never_silently_binds_wrong_member	16
tests/test_proposal_binding.py::test_evidence_member_unchanged_passes	16
tests/test_proposal_binding.py::test_evidence_member_semantically_changed_rejected	16
tests/test_proposal_binding.py::test_evidence_file_changed_elsewhere_only_stale_due_to_exact_file_hash	16
tests/test_proposal_binding.py::test_evidence_member_missing_rejected	16
tests/test_proposal_binding.py::test_method_body_proposal_translates_to_method_body	16
tests/test_proposal_binding.py::test_constructor_body_proposal_translates_to_constructor_body	16
tests/test_proposal_binding.py::test_translation_always_includes_imports_region	16
tests/test_proposal_binding.py::test_unbound_proposal_fails_closed_not_whole_file	16
tests/test_proposal_binding.py::test_translation_requires_no_planner_or_candidate_data	16
tests/test_proposal_binding.py::test_build_bound_proposal_repo_byte_identical	16
tests/test_proposal_binding.py::test_verify_proposal_repo_byte_identical	16
tests/test_proposal_binding.py::test_translate_to_regions_repo_byte_identical	16
tests/test_proposal_binding.py::test_dynamic_zero_write_proof_write_capable_components_never_invoked	16
tests/test_proposal_binding.py::test_proposal_binding_module_never_imports_write_capable_components	16
tests/test_proposal_binding.py::test_existing_review_output_remains_valid	16
tests/test_proposal_binding.py::test_a2_proposal_still_advisory_only	16
tests/test_proposal_binding.py::test_a2_proposal_still_not_approved	16
tests/test_proposal_binding.py::test_legacy_call_without_workspace_root_unchanged	16
tests/test_proposal_binding.py::test_full_chain_finding_to_proposal_to_binding_to_verification_to_enforcement	16
tests/test_proposal_promotion.py::test_valid_approved_proposal_is_promotable	16
tests/test_proposal_promotion.py::test_pending_proposal_rejected	16
tests/test_proposal_promotion.py::test_rejected_proposal_rejected	16
tests/test_proposal_promotion.py::test_tampered_approved_proposal_rejected	16
tests/test_proposal_promotion.py::test_approved_digest_mismatch_rejected	16
tests/test_proposal_promotion.py::test_stale_approved_proposal_rejected_target_file_changed	16
tests/test_proposal_promotion.py::test_wrong_workspace_rejected	16
tests/test_proposal_promotion.py::test_unknown_proposal_id_raises_structural_error	16
tests/test_proposal_promotion.py::test_goal_builder_pinned_vector	16
tests/test_proposal_promotion.py::test_goal_builder_deterministic_same_proposal	16
tests/test_proposal_promotion.py::test_goal_unchanged_by_operational_metadata	16
tests/test_proposal_promotion.py::test_goal_changes_when_proposed_change_field_changes	16
tests/test_proposal_promotion.py::test_must_preserve_rendered_exactly	16
tests/test_proposal_promotion.py::test_verification_rendered_as_verification_not_mutation	16
tests/test_proposal_promotion.py::test_approved_method_body_proposal_produces_exact_method_body_region	16
tests/test_proposal_promotion.py::test_imports_region_present	16
tests/test_proposal_promotion.py::test_no_whole_file_region_type_exists	16
tests/test_proposal_promotion.py::test_unsupported_target_member_kind_rejected	16
tests/test_proposal_promotion.py::test_region_translation_reads_only_proposal_fields_no_planner_or_candidate	16
tests/test_proposal_promotion.py::test_valid_proposal_invokes_run_generation_workflow_exactly_once	16
tests/test_proposal_promotion.py::test_exact_authoritative_goal_passed	16
tests/test_proposal_promotion.py::test_exact_region_list_passed	16
tests/test_proposal_promotion.py::test_existing_generation_flags_preserved	16
tests/test_proposal_promotion.py::test_pending_plus_knowledge_risk_confirmed_still_rejects_before_generation	16
tests/test_proposal_promotion.py::test_rejected_plus_knowledge_risk_confirmed_still_rejects	16
tests/test_proposal_promotion.py::test_approved_valid_plus_knowledge_risk_confirmed_invokes_generation	16
tests/test_proposal_promotion.py::test_execute_approved_proposal_has_no_resume_parameters	16
tests/test_proposal_promotion.py::test_corr018_authorized_target_body_only_change_allowed	16
tests/test_proposal_promotion.py::test_corr018_unrelated_same_file_body_change_rejected	16
tests/test_proposal_promotion.py::test_corr018_unauthorized_helper_add_rejected	16
tests/test_proposal_promotion.py::test_corr018_planner_strategy_naming_helper_does_not_broaden_authority	16
tests/test_proposal_promotion.py::test_recovery_retry_receives_same_immutable_authorized_regions	16
tests/test_proposal_promotion.py::test_unauthorized_recovery_change_still_rejected	16
tests/test_proposal_promotion.py::test_approve_then_target_file_mutated_then_execute_rejected	16
tests/test_proposal_promotion.py::test_approve_then_evidence_file_mutated_then_execute_rejected	16
tests/test_proposal_promotion.py::test_cli_proposal_execute_pending_refusal	16
tests/test_proposal_promotion.py::test_cli_proposal_execute_rejected_refusal	16
tests/test_proposal_promotion.py::test_cli_proposal_execute_stale_refusal	16
tests/test_proposal_promotion.py::test_cli_proposal_execute_unknown_id_refusal	16
tests/test_proposal_promotion.py::test_cli_proposal_execute_approved_valid_invokes_generation	16
tests/test_proposal_promotion.py::test_cli_review_proposal_show_reject_unaffected_by_execute_addition	16
tests/test_proposal_promotion.py::test_refused_execute_writes_no_source_files	16
tests/test_proposal_promotion.py::test_promotion_preparation_writes_no_files	16
tests/test_proposal_promotion.py::test_successful_execution_source_writes_only_through_mocked_generation_workflow	16
tests/test_proposal_promotion.py::test_checkpoint_marker_set_true_when_regions_supplied	16
tests/test_proposal_promotion.py::test_resume_fails_closed_when_region_bound_checkpoint_resumed_without_regions	16
tests/test_proposal_promotion.py::test_resume_succeeds_when_regions_supplied_on_resume_call_too	16
tests/test_proposal_promotion.py::test_preexisting_checkpoint_resume_unaffected_by_a3p2	16
tests/test_proposal_promotion.py::test_execution_does_not_call_build_proposed_modification	16
tests/test_proposal_promotion.py::test_execution_does_not_call_a1_reviewer_run	16
tests/test_proposal_promotion.py::test_execution_does_not_call_reviewer_llm_run	16
tests/test_proposal_promotion.py::test_full_persist_approve_promote_generate_harness_rejects_unauthorized_helper	16
tests/test_proposal_store.py::test_same_proposal_identical_canonical_bytes	16
tests/test_proposal_store.py::test_evidence_order_variation_identical_canonical_output	16
tests/test_proposal_store.py::test_operational_timestamp_difference_does_not_change_semantic_digest	16
tests/test_proposal_store.py::test_one_semantic_field_change_changes_digest	16
tests/test_proposal_store.py::test_hard_digest_test_vector	16
tests/test_proposal_store.py::test_persist_creates_file_under_kriya_proposals	16
tests/test_proposal_store.py::test_persisted_json_reloads_identically	16
tests/test_proposal_store.py::test_write_is_atomic_no_tmp_file_left_behind	16
tests/test_proposal_store.py::test_invalid_proposal_id_traversal_rejected	16
tests/test_proposal_store.py::test_unknown_schema_rejected	16
tests/test_proposal_store.py::test_manually_edited_proposed_change_detected	16
tests/test_proposal_store.py::test_manually_edited_target_member_detected	16
tests/test_proposal_store.py::test_manually_edited_evidence_binding_detected	16
tests/test_proposal_store.py::test_manually_edited_stored_digest_only_detected	16
tests/test_proposal_store.py::test_operational_metadata_edit_does_not_change_semantic_digest	16
tests/test_proposal_store.py::test_valid_pending_proposal_can_be_approved	16
tests/test_proposal_store.py::test_approved_digest_equals_proposal_digest	16
tests/test_proposal_store.py::test_approve_already_approved_deterministic_reason	16
tests/test_proposal_store.py::test_rejected_proposal_cannot_be_approved	16
tests/test_proposal_store.py::test_stale_proposal_cannot_be_approved	16
tests/test_proposal_store.py::test_tampered_proposal_cannot_be_approved	16
tests/test_proposal_store.py::test_persist_then_mutate_target_then_approval_rejected_due_to_stale_binding	16
tests/test_proposal_store.py::test_mutate_evidence_file_approval_rejected	16
tests/test_proposal_store.py::test_structural_evidence_missing_approval_rejected	16
tests/test_proposal_store.py::test_approval_rejected_after_semantic_content_edit_even_if_state_flag_edited	16
tests/test_proposal_store.py::test_proposal_approve_command_has_no_yes_flag	16
tests/test_proposal_store.py::test_review_propose_without_save_creates_no_proposals_dir	16
tests/test_proposal_store.py::test_approval_completes_with_run_generation_workflow_patched_to_raise	16
tests/test_proposal_store.py::test_approval_completes_with_developer_agent_patched_to_raise	16
tests/test_proposal_store.py::test_approval_completes_with_authorized_file_writer_patched_to_raise	16
tests/test_proposal_store.py::test_approval_changes_only_kriya_proposals_never_production_source	16
tests/test_proposal_store.py::test_reject_and_show_perform_no_source_writes	16
tests/test_proposal_store.py::test_stale_tampered_approval_attempt_leaves_source_unchanged	16
tests/test_proposal_store.py::test_full_prepromotion_flow_persist_load_verify_approve_reload_translate_enforce	16
tests/test_provider_contract_001.py::test_reasoning_false_is_sent_as_reasoning_effort_none_and_true_as_the_model_default	16
tests/test_provider_contract_001.py::test_an_explicit_think_option_maps_to_the_reasoning_setting_not_to_options	16
tests/test_provider_contract_001.py::test_sampling_options_are_sent_top_level_and_options_never_reach_the_wire	16
tests/test_provider_contract_001.py::test_a_server_only_setting_is_compared_with_what_the_served_model_carries	16
tests/test_provider_contract_001.py::test_a_server_only_setting_that_matches_the_served_model_is_effective	16
tests/test_provider_contract_001.py::test_an_unknown_field_is_forwarded_outside_production_and_refused_in_it	16
tests/test_provider_contract_001.py::test_a_conflicting_or_unrecognised_authoritative_value_is_refused_in_every_profile[extra_body0]	16
tests/test_provider_contract_001.py::test_a_conflicting_or_unrecognised_authoritative_value_is_refused_in_every_profile[extra_body1]	16
tests/test_provider_contract_001.py::test_a_conflicting_or_unrecognised_authoritative_value_is_refused_in_every_profile[extra_body2]	16
tests/test_provider_contract_001.py::test_the_budget_is_the_requested_window_never_a_larger_served_one	16
tests/test_provider_contract_001.py::test_a_larger_served_window_is_an_identity_mismatch_under_the_exact_policy	16
tests/test_provider_contract_001.py::test_a_smaller_served_window_is_always_refused[False]	16
tests/test_provider_contract_001.py::test_a_smaller_served_window_is_always_refused[True]	16
tests/test_provider_contract_001.py::test_an_unobserved_window_budgets_the_request_and_is_labelled_unverified	16
tests/test_provider_contract_001.py::test_a_provider_evaluating_fewer_tokens_than_the_prompt_can_hold_is_truncation	16
tests/test_provider_contract_001.py::test_no_reported_usage_is_no_evidence	16
tests/test_provider_contract_001.py::test_a_response_evaluating_less_than_the_prompt_is_a_provider_contract_violation	16
tests/test_provider_contract_001.py::test_whitespace_dense_text_is_never_mistaken_for_truncation	16
tests/test_provider_contract_001.py::test_a_response_evaluating_the_whole_prompt_is_ok_and_records_the_contract	16
tests/test_provider_contract_001.py::test_a_larger_served_window_is_refused_before_inference_only_under_production	16
tests/test_provider_contract_001.py::test_the_wire_carries_only_what_v1_applies	16
tests/test_provider_contract_001.py::test_one_failing_call_is_one_http_request	16
tests/test_provider_contract_001.py::test_one_failing_stream_is_one_http_request_never_resent_in_another_shape	16
tests/test_provider_contract_001.py::test_a_successful_stream_is_one_request	16
tests/test_provider_contract_001.py::test_production_refuses_an_unknown_field_before_any_request	16
tests/test_provider_contract_001.py::test_a_conflicting_setting_is_refused_before_any_request	16
tests/test_provider_contract_001.py::test_proxy_variables_in_the_environment_never_carry_inference_traffic	16
tests/test_provider_contract_001.py::test_every_client_is_built_without_sdk_retries_and_with_the_kriya_timeout	16
tests/test_provider_contract_001.py::test_the_read_timeout_never_exceeds_the_remaining_inference_deadline	16
tests/test_provider_contract_001.py::test_a_passed_deadline_is_a_timeout_before_any_request	16
tests/test_provider_contract_001.py::test_aclose_releases_every_transport_the_client_opened	16
tests/test_provider_contract_001.py::test_doctor_passes_a_model_served_exactly_as_its_binding_declares	16
tests/test_provider_contract_001.py::test_doctor_fails_a_model_the_provider_serves_differently[runtime0-served0-PROVIDER_SETTING_NOT_EFFECTIVE]	16
tests/test_provider_contract_001.py::test_doctor_fails_a_model_the_provider_serves_differently[runtime1-served1-RUNTIME_CONTEXT_IDENTITY_MISMATCH]	16
tests/test_provider_contract_001.py::test_doctor_fails_a_model_the_provider_serves_differently[runtime2-served2-SERVED_CONTEXT_BELOW_REQUESTED]	16
tests/test_provider_contract_001.py::test_doctor_fails_an_unknown_request_field	16
tests/test_provider_contract_001.py::test_doctor_never_passes_what_it_could_not_verify[None-served0]	16
tests/test_provider_contract_001.py::test_doctor_never_passes_what_it_could_not_verify[runtime1-served1]	16
tests/test_provider_contract_001.py::test_doctor_never_passes_what_it_could_not_verify[runtime2-served2]	16
tests/test_provider_contract_001.py::test_pin_fixes_only_the_server_only_settings_the_binding_declares	16
tests/test_provider_contract_001.py::test_the_pinned_name_is_bound_to_the_exact_parameters	16
tests/test_provider_contract_001.py::test_pin_refuses_a_remote_endpoint_and_a_conflicting_binding	16
tests/test_provider_contract_001.py::test_a_runtime_without_a_pin_mechanism_refuses_to_pin	16
tests/test_provider_contract_001.py::test_prompts_are_sized_to_the_requested_window_never_a_larger_served_one[65536-32768]	16
tests/test_provider_contract_001.py::test_prompts_are_sized_to_the_requested_window_never_a_larger_served_one[32768-32768]	16
tests/test_provider_contract_001.py::test_prompts_are_sized_to_the_requested_window_never_a_larger_served_one[16384-16384]	16
tests/test_provider_contract_001.py::test_prompts_are_sized_to_the_requested_window_never_a_larger_served_one[None-32768]	16
tests/test_provider_contract_001.py::test_a_reasoning_identity_reserves_its_measured_reasoning_on_top_of_its_role_output	16
tests/test_provider_contract_001.py::test_the_request_carries_the_qualified_reasoning_reserve[3000-4024-qualified]	16
tests/test_provider_contract_001.py::test_the_request_carries_the_qualified_reasoning_reserve[None-12288-unqualified_default]	16
tests/test_provider_contract_001.py::test_a_non_reasoning_identity_reserves_no_reasoning	16
tests/test_provider_contract_001.py::test_each_role_gets_its_own_output_budget_never_the_developers	16
tests/test_provider_contract_001.py::test_a_role_output_budget_below_the_minimum_is_rejected	16
tests/test_provider_contract_001.py::test_a_requested_server_only_setting_is_part_of_the_inference_identity	16
tests/test_provider_contract_001.py::test_qualification_refuses_an_identity_the_provider_does_not_verifiably_apply[parameters0-context_window: requested 32768, not verifiable]	16
tests/test_provider_contract_001.py::test_qualification_refuses_an_identity_the_provider_does_not_verifiably_apply[parameters1-context_window: requested 32768, served 65536]	16
tests/test_provider_contract_001.py::test_qualification_refuses_an_identity_the_provider_does_not_verifiably_apply[parameters2-top_k: requested 20, served 40]	16
tests/test_provider_contract_001.py::test_qualification_proceeds_on_a_model_pinned_to_the_binding	16
tests/test_provider_contract_001.py::test_a_policy_3_record_is_stale	16
tests/test_provider_contract_001.py::test_the_capacity_case_fails_when_the_served_window_is_not_the_qualified_one[65536-RUNTIME_CONTEXT_IDENTITY_MISMATCH]	16
tests/test_provider_contract_001.py::test_the_capacity_case_fails_when_the_served_window_is_not_the_qualified_one[16384-SERVED_CONTEXT_BELOW_REQUESTED]	16
tests/test_provider_contract_001.py::test_the_tokenizer_case_measures_a_consumption_ceiling_never_below_the_calibrated_default	16
tests/test_provider_contract_001.py::test_the_runtime_tokenizer_ceiling_is_the_largest_any_current_record_measured	16
tests/test_provider_contract_001.py::test_the_qualification_timeout_probe_really_times_out	17
tests/test_provider_contract_001.py::test_a_qualification_probe_client_carries_the_kriya_transport_policy	16
tests/test_provider_contract_001.py::test_the_doctor_controlled_probe_never_writes_to_stdout	16
tests/test_provider_contract_001.py::test_a_per_request_window_is_labelled_as_carried_by_the_request	16
tests/test_provider_contract_001.py::test_a_stalled_client_never_hangs_the_test_server_teardown	16
tests/test_provider_contract_001.py::test_the_qualification_probe_clients_are_closed_after_the_timeout_case	16
tests/test_provider_contract_native.py::test_every_setting_travels_per_request_in_options	16
tests/test_provider_contract_native.py::test_reasoning_maps_to_think_and_the_model_default_sends_nothing	16
tests/test_provider_contract_native.py::test_an_effort_without_a_native_equivalent_is_a_conflict	16
tests/test_provider_contract_native.py::test_keep_alive_is_a_supported_setting	16
tests/test_provider_contract_native.py::test_an_unknown_field_is_refused_in_production	16
tests/test_provider_contract_native.py::test_parity_the_same_binding_has_the_same_effective_request_settings_on_both_adapters	16
tests/test_provider_contract_native.py::test_native_is_registered_but_never_the_default	16
tests/test_provider_contract_native.py::test_native_evidence_is_never_shared_with_v1	16
tests/test_provider_contract_native.py::test_errors_are_classified_for_kriyas_policy[error0-timeout]	16
tests/test_provider_contract_native.py::test_errors_are_classified_for_kriyas_policy[error1-connection]	16
tests/test_provider_contract_native.py::test_errors_are_classified_for_kriyas_policy[error2-authentication]	16
tests/test_provider_contract_native.py::test_errors_are_classified_for_kriyas_policy[error3-rate_limited]	16
tests/test_provider_contract_native.py::test_errors_are_classified_for_kriyas_policy[error4-server]	16
tests/test_provider_contract_native.py::test_errors_are_classified_for_kriyas_policy[error5-request]	16
tests/test_provider_contract_native.py::test_errors_are_classified_for_kriyas_policy[error6-server]	16
tests/test_provider_contract_native.py::test_a_native_call_sends_every_setting_and_truncate_false	16
tests/test_provider_contract_native.py::test_a_native_stream_is_one_request	16
tests/test_provider_contract_native.py::test_an_over_window_prompt_is_a_typed_refusal_never_a_retry	16
tests/test_provider_contract_native.py::test_a_server_error_is_one_request	16
tests/test_provider_contract_native.py::test_native_tool_calls_are_normalized	16
tests/test_provider_contract_native.py::test_every_native_request_refuses_truncation_whatever_the_body_says[None]	16
tests/test_provider_contract_native.py::test_every_native_request_refuses_truncation_whatever_the_body_says[extra_body1]	16
tests/test_provider_contract_native.py::test_every_native_request_refuses_truncation_whatever_the_body_says[extra_body2]	16
tests/test_provider_contract_native.py::test_the_native_url_is_the_servers_root_api_chat	16
tests/test_prv17_preflight.py::test_prv17_preflight_pipeline	16
tests/test_prv17_stage_contract_architecture.py::test_prv17_stage_contract_architecture	16
tests/test_prv17_stage_contract_architecture.py::test_prv17_verification_prerequisite_closure	16
tests/test_qual_config_001.py::test_the_default_policy_sends_every_case_its_v3_budget[anchored_edit_protocol]	16
tests/test_qual_config_001.py::test_the_default_policy_sends_every_case_its_v3_budget[finish_reason_stop]	16
tests/test_qual_config_001.py::test_the_default_policy_sends_every_case_its_v3_budget[full_file_raw_content]	16
tests/test_qual_config_001.py::test_the_default_policy_sends_every_case_its_v3_budget[malformed_output_recovery]	16
tests/test_qual_config_001.py::test_the_default_policy_sends_every_case_its_v3_budget[multiline_json]	16
tests/test_qual_config_001.py::test_the_default_policy_sends_every_case_its_v3_budget[multiple_tool_calls]	16
tests/test_qual_config_001.py::test_the_default_policy_sends_every_case_its_v3_budget[native_tool_calls]	16
tests/test_qual_config_001.py::test_the_default_policy_sends_every_case_its_v3_budget[plain_completion]	16
tests/test_qual_config_001.py::test_the_default_policy_sends_every_case_its_v3_budget[reasoning_behavior]	16
tests/test_qual_config_001.py::test_the_default_policy_sends_every_case_its_v3_budget[structured_json]	16
tests/test_qual_config_001.py::test_the_default_policy_sends_every_case_its_v3_budget[tool_argument_integrity]	16
tests/test_qual_config_001.py::test_the_default_policy_is_exactly_the_v3_literals	16
tests/test_qual_config_001.py::test_the_legacy_digest_is_the_digest_of_the_v3_literals_not_of_the_current_defaults	16
tests/test_qual_config_001.py::test_a_configured_case_budget_is_sent_and_reported_with_its_source	16
tests/test_qual_config_001.py::test_the_reasoning_budget_applies_only_to_a_reasoning_identity	16
tests/test_qual_config_001.py::test_a_reasoning_identity_without_a_reasoning_budget_keeps_the_case_budget	16
tests/test_qual_config_001.py::test_run_qualification_takes_the_reasoning_flag_from_the_identity_qualified	16
tests/test_qual_config_001.py::test_more_budget_never_passes_a_malformed_tool_argument	16
tests/test_qual_config_001.py::test_invalid_qualification_policy_is_rejected[bad0]	16
tests/test_qual_config_001.py::test_invalid_qualification_policy_is_rejected[bad1]	16
tests/test_qual_config_001.py::test_invalid_qualification_policy_is_rejected[bad2]	16
tests/test_qual_config_001.py::test_invalid_qualification_policy_is_rejected[bad3]	16
tests/test_qual_config_001.py::test_invalid_qualification_policy_is_rejected[bad4]	16
tests/test_qual_config_001.py::test_invalid_qualification_policy_is_rejected[bad5]	16
tests/test_qual_config_001.py::test_invalid_qualification_policy_is_rejected[bad6]	16
tests/test_qual_config_001.py::test_invalid_qualification_policy_is_rejected[bad7]	16
tests/test_qual_config_001.py::test_invalid_qualification_policy_is_rejected[bad8]	16
tests/test_qual_config_001.py::test_invalid_qualification_policy_is_rejected[bad9]	16
tests/test_qual_config_001.py::test_invalid_qualification_policy_is_rejected[bad10]	16
tests/test_qual_config_001.py::test_invalid_qualification_policy_is_rejected[bad11]	16
tests/test_qual_config_001.py::test_invalid_qualification_policy_is_rejected[bad12]	16
tests/test_qual_config_001.py::test_a_partial_policy_keeps_every_other_default	16
tests/test_qual_config_001.py::test_an_unapproved_config_cannot_set_the_qualification_policy	16
tests/test_qual_config_001.py::test_a_partial_case_entry_keeps_that_cases_other_defaults	16
tests/test_qual_config_001.py::test_the_policy_digest_follows_the_policy_and_nothing_else	16
tests/test_qual_config_001.py::test_a_record_made_under_another_policy_is_stale	16
tests/test_qual_config_001.py::test_a_record_made_under_a_non_default_policy_is_stale_under_the_defaults	16
tests/test_qual_config_001.py::test_a_pre_qual_config_record_counts_only_under_the_v3_policy	16
tests/test_qual_config_001.py::test_measured_limits_come_only_from_a_record_under_the_configured_policy	16
tests/test_qual_config_001.py::test_environment_evidence_is_not_merged_across_policies	16
tests/test_qual_config_001.py::test_the_capacity_probe_uses_the_configured_answer_budget_headroom_and_fill_ratio	16
tests/test_qual_config_001.py::test_the_capacity_fill_ratio_decides_the_verdict	16
tests/test_qual_config_001.py::test_cancellation_waits_only_the_configured_first_delta_timeout	16
tests/test_qual_config_001.py::test_measurement_margins_come_from_policy	16
tests/test_qual_config_001.py::test_budgets_that_are_the_test_itself_are_not_policy	16
tests/test_qual_config_001.py::test_the_doctor_reports_the_policy_every_record_was_checked_against	16
tests/test_qual_config_001.py::test_cli_qualify_names_the_controlling_policy_of_a_failed_case	16
tests/test_qual_config_001.py::test_a_repository_can_never_change_the_qualification_policy	16
tests/test_qual_config_001.py::test_every_production_assessment_passes_the_configured_policy	16
tests/test_qual_config_001.py::test_every_production_measured_limits_lookup_passes_its_config	16
tests/test_qual_config_001.py::test_the_qualification_home_used_by_these_tests_is_isolated	16
tests/test_qual_config_001.py::test_cli_qualify_reports_the_legacy_policy_of_a_record_without_a_digest	16
tests/test_qual_config_001.py::test_changing_any_historical_value_makes_a_legacy_record_stale[cases.plain_completion.max_tokens]	16
tests/test_qual_config_001.py::test_changing_any_historical_value_makes_a_legacy_record_stale[cases.finish_reason_stop.max_tokens]	16
tests/test_qual_config_001.py::test_changing_any_historical_value_makes_a_legacy_record_stale[cases.structured_json.max_tokens]	16
tests/test_qual_config_001.py::test_changing_any_historical_value_makes_a_legacy_record_stale[cases.multiline_json.max_tokens]	16
tests/test_qual_config_001.py::test_changing_any_historical_value_makes_a_legacy_record_stale[cases.native_tool_calls.max_tokens]	16
tests/test_qual_config_001.py::test_changing_any_historical_value_makes_a_legacy_record_stale[cases.multiple_tool_calls.max_tokens]	16
tests/test_qual_config_001.py::test_changing_any_historical_value_makes_a_legacy_record_stale[cases.tool_argument_integrity.max_tokens]	16
tests/test_qual_config_001.py::test_changing_any_historical_value_makes_a_legacy_record_stale[cases.streaming_assembly.max_tokens]	16
tests/test_qual_config_001.py::test_changing_any_historical_value_makes_a_legacy_record_stale[cases.reasoning_behavior.max_tokens]	16
tests/test_qual_config_001.py::test_changing_any_historical_value_makes_a_legacy_record_stale[cases.full_file_raw_content.max_tokens]	16
tests/test_qual_config_001.py::test_changing_any_historical_value_makes_a_legacy_record_stale[cases.anchored_edit_protocol.max_tokens]	16
tests/test_qual_config_001.py::test_changing_any_historical_value_makes_a_legacy_record_stale[cases.malformed_output_recovery.max_tokens]	16
tests/test_qual_config_001.py::test_changing_any_historical_value_makes_a_legacy_record_stale[cases.cancellation_semantics.max_tokens]	16
tests/test_qual_config_001.py::test_changing_any_historical_value_makes_a_legacy_record_stale[cases.cancellation_semantics.health_check_max_tokens]	16
tests/test_qual_config_001.py::test_changing_any_historical_value_makes_a_legacy_record_stale[cases.cancellation_semantics.first_delta_timeout_seconds]	16
tests/test_qual_config_001.py::test_changing_any_historical_value_makes_a_legacy_record_stale[cases.cancellation_semantics.max_settle_seconds]	16
tests/test_qual_config_001.py::test_changing_any_historical_value_makes_a_legacy_record_stale[cases.context_capacity.max_tokens]	16
tests/test_qual_config_001.py::test_changing_any_historical_value_makes_a_legacy_record_stale[cases.context_capacity.headroom_tokens]	16
tests/test_qual_config_001.py::test_changing_any_historical_value_makes_a_legacy_record_stale[cases.context_capacity.min_fill_ratio]	16
tests/test_qual_config_001.py::test_changing_any_historical_value_makes_a_legacy_record_stale[cases.context_capacity.request_timeout_seconds]	16
tests/test_qual_config_001.py::test_changing_any_historical_value_makes_a_legacy_record_stale[measurement.bytes_per_token_margin]	16
tests/test_qual_config_001.py::test_changing_any_historical_value_makes_a_legacy_record_stale[measurement.reasoning_tokens_headroom]	16
tests/test_qual_config_001.py::test_a_reasoning_budget_added_to_the_historical_values_makes_a_legacy_record_stale	16
tests/test_qual_config_001.py::test_a_new_off_by_default_knob_does_not_change_any_existing_policy_digest	16
tests/test_qual_config_001.py::test_a_reasoning_identity_gets_its_capacity_answer_budget_and_the_headroom_to_hold_it	16
tests/test_qual_config_001.py::test_the_capacity_pass_semantics_are_unchanged_for_a_reasoning_identity	16
tests/test_qual_config_001.py::test_a_capacity_answer_budget_its_headroom_cannot_hold_is_rejected[bad0]	16
tests/test_qual_config_001.py::test_a_capacity_answer_budget_its_headroom_cannot_hold_is_rejected[bad1]	16
tests/test_qual_config_001.py::test_a_capacity_answer_budget_its_headroom_cannot_hold_is_rejected[bad2]	16
tests/test_qual_config_001.py::test_a_capacity_answer_budget_its_headroom_cannot_hold_is_rejected[bad3]	16
tests/test_qual_environment_identity.py::test_apple_silicon_is_a_unified_memory_metal_environment	16
tests/test_qual_environment_identity.py::test_a_multi_gpu_host_is_identified_by_backend_model_count_and_memory_class	16
tests/test_qual_environment_identity.py::test_memory_is_a_stable_class[63.8-64]	16
tests/test_qual_environment_identity.py::test_memory_is_a_stable_class[62.7-64]	16
tests/test_qual_environment_identity.py::test_memory_is_a_stable_class[64-64]	16
tests/test_qual_environment_identity.py::test_memory_is_a_stable_class[79.6-80]	16
tests/test_qual_environment_identity.py::test_memory_is_a_stable_class[125.8-128]	16
tests/test_qual_environment_identity.py::test_memory_is_a_stable_class[15.5-16]	16
tests/test_qual_environment_identity.py::test_memory_is_a_stable_class[7.8-8]	16
tests/test_qual_environment_identity.py::test_volatile_and_identifying_values_never_change_the_identity	16
tests/test_qual_environment_identity.py::test_the_probe_reads_only_capability_properties	16
tests/test_qual_environment_identity.py::test_a_remote_or_unprobed_endpoint_has_no_observable_environment	16
tests/test_qual_environment_identity.py::test_same_model_settings_and_environment_reuse_the_qualification	16
tests/test_qual_environment_identity.py::test_a_hardware_class_change_does_not_reuse_capacity_evidence	16
tests/test_qual_environment_identity.py::test_a_backend_change_makes_capacity_evidence_stale	16
tests/test_qual_environment_identity.py::test_a_runtime_version_change_makes_the_whole_qualification_stale	16
tests/test_qual_environment_identity.py::test_stronger_hardware_may_be_freshly_qualified_for_a_failed_tier_and_neither_leaks	16
tests/test_qual_environment_identity.py::test_an_unobservable_environment_never_counts_capacity_evidence	16
tests/test_qual_environment_identity.py::test_the_context_tier_follows_the_environment	16
tests/test_qual_environment_identity.py::test_the_same_weights_under_another_runtime_share_no_evidence	16
tests/test_qual_environment_identity.py::test_the_runtime_fingerprint_names_every_portable_component	16
tests/test_qual_environment_identity.py::test_generic_code_never_branches_on_a_provider_or_uses_its_native_api	16
tests/test_qual_environment_identity.py::test_the_context_window_request_field_is_the_adapters	16
tests/test_rag_queries.py::test_ask_command_performs_rag_search	16
tests/test_registry.py::test_registry_registration	16
tests/test_registry.py::test_registry_unregister	16
tests/test_registry.py::test_registry_missing_error	16
tests/test_registry.py::test_registry_invalid_args	16
tests/test_regression_attribution.py::test_no_ambiguous_entries_is_a_pure_noop	16
tests/test_regression_attribution.py::test_fails_only_against_candidate_is_confirmed_new_failure	16
tests/test_regression_attribution.py::test_fails_against_both_is_not_attributable	16
tests/test_regression_attribution.py::test_passes_against_both_stays_not_comparable_never_pre_existing	16
tests/test_regression_attribution.py::test_fails_against_pristine_only_is_not_a_regression	16
tests/test_regression_attribution.py::test_replay_exception_fails_closed_as_not_comparable	16
tests/test_regression_attribution.py::test_non_ambiguous_entries_are_never_touched	16
tests/test_regression_attribution.py::test_real_isolated_replay_distinguishes_regression_from_full_suite_artifact	16
tests/test_repair_contract.py::test_derive_process_boundary_participants_no_crashed_tests_line	16
tests/test_repair_contract.py::test_derive_process_boundary_participants_unresolvable_consumer	16
tests/test_repair_contract.py::test_derive_process_boundary_participants_ambiguous_consumer_match	16
tests/test_repair_contract.py::test_derive_process_boundary_participants_unambiguous	16
tests/test_repair_contract.py::test_derive_process_boundary_participants_zero_termination_candidates	16
tests/test_repair_contract.py::test_derive_process_boundary_participants_multiple_termination_candidates	16
tests/test_repair_contract.py::test_build_repair_contract_wrong_obligation_kind_returns_none	16
tests/test_repair_contract.py::test_build_repair_contract_no_evidence_returns_none	16
tests/test_repair_contract.py::test_build_repair_contract_degenerate_same_file_returns_none	16
tests/test_repair_contract.py::test_build_repair_contract_happy_path	16
tests/test_repair_contract.py::test_build_contract_from_shape_supports_more_than_two_participants	16
tests/test_repair_contract.py::test_build_contract_from_shape_rejects_single_participant	16
tests/test_repair_contract.py::test_build_contract_from_shape_groups_by_stack_neutral_file_role	16
tests/test_repair_executor.py::test_generic_repair_loop_retests_only_the_targeted_test	16
tests/test_repl.py::test_inject_config_prepends_when_missing	16
tests/test_repl.py::test_inject_config_skips_when_short_flag_already_present	16
tests/test_repl.py::test_inject_config_skips_when_long_flag_already_present	16
tests/test_repl.py::test_inject_config_skips_when_session_has_no_config	16
tests/test_repl.py::test_dispatch_runs_a_successful_command_without_raising	16
tests/test_repl.py::test_dispatch_reports_unknown_command_without_raising	16
tests/test_repl.py::test_dispatch_reports_missing_required_argument_without_raising	16
tests/test_repl.py::test_dispatch_adds_a_friendly_tip_when_first_word_is_not_a_real_command	16
tests/test_repl.py::test_dispatch_adds_a_friendly_tip_when_a_real_command_word_is_followed_by_prose	16
tests/test_repl.py::test_dispatch_tip_and_click_error_both_land_on_stderr	16
tests/test_repl.py::test_print_banner_hints_plain_english_when_routing_enabled	16
tests/test_repl.py::test_print_banner_hints_quoting_when_routing_disabled	16
tests/test_repl.py::test_slash_alone_lists_every_real_command_and_meta_command	16
tests/test_repl.py::test_slash_excludes_repl_itself	16
tests/test_repl.py::test_slash_filters_as_you_type	16
tests/test_repl.py::test_slash_completion_replaces_the_whole_typed_prefix	16
tests/test_repl.py::test_slash_completion_carries_the_command_help_as_display_meta	16
tests/test_repl.py::test_no_completions_once_a_command_and_space_have_been_typed	16
tests/test_repl.py::test_no_completions_for_a_non_slash_line	16
tests/test_repl.py::test_route_line_bypasses_routing_for_a_known_command	16
tests/test_repl.py::test_route_line_returns_tokens_unchanged_when_routing_disabled	16
tests/test_repl.py::test_route_line_reports_unroutable_and_dispatches_nothing	16
tests/test_repl.py::test_route_line_dispatches_the_resolved_command	16
tests/test_repl.py::test_route_line_clarify_dispatches_the_users_choice	16
tests/test_repl.py::test_route_line_clarify_cancelled_dispatches_nothing	16
tests/test_repl.py::test_route_line_disables_router_on_model_unavailable	16
tests/test_repl.py::test_resolve_clarify_accepts_a_numeric_choice	16
tests/test_repl.py::test_resolve_clarify_accepts_a_typed_command_name	16
tests/test_repl.py::test_resolve_clarify_cancels_on_empty_input	16
tests/test_repl.py::test_resolve_clarify_cancels_on_invalid_choice	16
tests/test_repl.py::test_help_text_includes_a_worked_prompt_generate_to_generate_example	16
tests/test_repository_topology.py::test_single_maven_app	16
tests/test_repository_topology.py::test_multi_module_maven_declared	16
tests/test_repository_topology.py::test_multi_module_maven_without_aggregator	16
tests/test_repository_topology.py::test_gradle_multi_module	16
tests/test_repository_topology.py::test_npm_workspaces	16
tests/test_repository_topology.py::test_python_single_project	16
tests/test_repository_topology.py::test_empty_workspace	16
tests/test_repository_topology.py::test_to_dict_is_json_serializable	16
tests/test_residuals_r1_r2_r3.py::TestPerfDependency001VenvCache::test_repeated_interpreter_resolution_acquires_once	16
tests/test_residuals_r1_r2_r3.py::TestPerfDependency001VenvCache::test_multiple_validator_methods_share_one_acquisition	16
tests/test_residuals_r1_r2_r3.py::TestPerfDependency001VenvCache::test_manifest_content_change_invalidates_cache	16
tests/test_residuals_r1_r2_r3.py::TestPerfDependency001VenvCache::test_failure_is_cached_verbatim_never_reinterpreted_as_success	16
tests/test_residuals_r1_r2_r3.py::TestPerfDependency001VenvCache::test_separate_workspaces_do_not_share_cache_state	16
tests/test_residuals_r1_r2_r3.py::TestPerfDependency001VenvCache::test_venv_install_signature_content_derived_for_requirements_txt	16
tests/test_residuals_r1_r2_r3.py::TestPerfDependency001VenvCache::test_venv_install_signature_is_content_derived_for_pyproject_list	16
tests/test_residuals_r1_r2_r3.py::TestSource2AnchoredEditGrounding::test_no_recorded_context_item_still_permits_grounding	16
tests/test_residuals_r1_r2_r3.py::TestSource2AnchoredEditGrounding::test_recorded_skeleton_view_still_permits_grounding	16
tests/test_residuals_r1_r2_r3.py::TestSource2AnchoredEditGrounding::test_recorded_full_view_still_blocks_grounding_nothing_to_escalate	16
tests/test_residuals_r1_r2_r3.py::TestSource2AnchoredEditGrounding::test_ambiguous_search_text_never_grounds	16
tests/test_residuals_r1_r2_r3.py::TestSource2AnchoredEditGrounding::test_no_prior_anchor_failure_still_never_grounds	16
tests/test_residuals_r1_r2_r3.py::TestSource2AnchoredEditGrounding::test_stale_revision_grounding_still_reads_current_worktree_content	16
tests/test_residuals_r1_r2_r3.py::TestSource2AnchoredEditGrounding::test_grounded_hint_never_widens_target_scope	16
tests/test_residuals_r1_r2_r3.py::TestPlannerMaxTokenContract::test_planner_uses_configured_planner_max_tokens_not_general_default	16
tests/test_residuals_r1_r2_r3.py::TestPlannerMaxTokenContract::test_absent_planner_specific_override_falls_back_to_configured_default	16
tests/test_residuals_r1_r2_r3.py::TestPlannerMaxTokenContract::test_other_agents_retain_their_own_general_budget	16
tests/test_residuals_r1_r2_r3.py::TestPlannerMaxTokenContract::test_planner_construction_time_budget_is_an_explicit_int	16
tests/test_resolver.py::test_resolve_maven_class_found	16
tests/test_resolver.py::test_resolve_maven_class_not_found	16
tests/test_resolver.py::test_resolve_maven_class_http_error	16
tests/test_resolver.py::test_resolve_maven_class_blocks_external_lookup_before_client_creation	16
tests/test_resolver.py::test_enrich_class_not_found	16
tests/test_resolver.py::test_enrich_cannot_find_class_in_bean	16
tests/test_resolver.py::test_enrich_no_missing_classes	16
tests/test_resolver.py::test_enrich_deduplicates_suggestions	16
tests/test_resolver.py::test_enrich_empty_output	16
tests/test_resolver.py::test_enrich_none_output	16
tests/test_resolver.py::test_enrich_does_not_query_bare_simple_class_names	16
tests/test_resolver.py::test_enrich_still_queries_missing_package	16
tests/test_resolver.py::test_enrich_compiler_errors_does_not_resolve_when_external_lookup_is_blocked	16
tests/test_resource_sqlite_close_001.py::test_trace_logger_closes_every_connection_it_opens	16
tests/test_resource_sqlite_close_001.py::test_the_knowledge_cache_closes_every_connection_it_opens	16
tests/test_resource_sqlite_close_001.py::test_the_graph_rag_walk_closes_its_dependency_graph	16
tests/test_resource_sqlite_close_001.py::test_indexed_embedding_dimensions_closes_its_read_only_connection	16
tests/test_resource_sqlite_close_001.py::test_the_workflow_closes_its_graph_rag_vector_store	16
tests/test_resume_integrity.py::test_each_resume_fingerprint_has_machine_readable_invalidation[workspace]	16
tests/test_resume_integrity.py::test_each_resume_fingerprint_has_machine_readable_invalidation[config]	16
tests/test_resume_integrity.py::test_each_resume_fingerprint_has_machine_readable_invalidation[goal]	16
tests/test_resume_integrity.py::test_each_resume_fingerprint_has_machine_readable_invalidation[approved_plan]	16
tests/test_resume_integrity.py::test_each_resume_fingerprint_has_machine_readable_invalidation[input_obligation_ledger]	16
tests/test_resume_integrity.py::test_each_resume_fingerprint_has_machine_readable_invalidation[effective_obligation_ledger]	16
tests/test_resume_integrity.py::test_each_resume_fingerprint_has_machine_readable_invalidation[skills]	16
tests/test_resume_integrity.py::test_each_resume_fingerprint_has_machine_readable_invalidation[model_runtime]	16
tests/test_resume_integrity.py::test_each_resume_fingerprint_has_machine_readable_invalidation[containment]	16
tests/test_resume_integrity.py::test_each_resume_fingerprint_has_machine_readable_invalidation[toolchain]	16
tests/test_resume_integrity.py::test_each_resume_fingerprint_has_machine_readable_invalidation[verification_policy]	16
tests/test_resume_integrity.py::test_each_resume_fingerprint_has_machine_readable_invalidation[authority_context]	16
tests/test_resume_integrity.py::test_each_resume_fingerprint_has_machine_readable_invalidation[contract_registry]	16
tests/test_resume_integrity.py::test_each_resume_fingerprint_has_machine_readable_invalidation[kriya_runtime]	16
tests/test_resume_integrity.py::test_matching_fingerprints_preserve_safe_resume	16
tests/test_resume_integrity.py::test_source_change_invalidates_context_candidate_and_verification	16
tests/test_resume_integrity.py::test_uncertain_run_record_refuses_normal_resume	16
tests/test_resume_integrity.py::test_terminal_uncertain_record_refuses_normal_resume	16
tests/test_resume_integrity.py::test_validator_without_a_fingerprint_request_compares_nothing	16
tests/test_resume_integrity.py::test_legacy_checkpoint_without_resume_fingerprints_is_unverified_not_resumable	16
tests/test_resume_integrity.py::test_workflow_refuses_uncertain_commit_before_any_model_call	16
tests/test_retry_inference_identity.py::test_a_retry_at_the_normal_temperature_is_the_same_identity	16
tests/test_retry_inference_identity.py::test_a_differing_retry_temperature_is_a_distinct_identity_for_the_developer_only	16
tests/test_retry_inference_identity.py::test_no_retry_temperature_leaves_everything_as_before	16
tests/test_retry_inference_identity.py::test_a_production_retry_with_an_unqualified_retry_identity_is_refused_before_inference	16
tests/test_retry_inference_identity.py::test_with_both_identities_qualified_the_retry_executes_under_the_retry_identity	16
tests/test_retry_inference_identity.py::test_outside_production_the_retry_is_recorded_not_refused	16
tests/test_retry_inference_identity.py::test_a_first_attempt_without_a_retry_temperature_is_not_gated	16
tests/test_retry_inference_identity.py::test_changing_the_retry_temperature_invalidates_the_retry_qualification	16
tests/test_retry_inference_identity.py::test_qualify_covers_the_retry_identity_and_status_reports_it	16
tests/test_retry_package.py::test_retry_package_is_bounded_revision_labelled_and_target_first	16
tests/test_retry_package.py::test_targeted_retry_prompt_uses_package_instead_of_unbounded_file_dump	16
tests/test_retry_policy.py::test_sticky_api_contract_recovery_outranks_ordinary_failure_routing	16
tests/test_retry_policy.py::test_operation_contracts_distinguish_repairs_creation_and_no_change	16
tests/test_retry_policy.py::test_operation_contract_classifies_content_using_target_existence	16
tests/test_retry_policy.py::test_operation_contract_allows_only_explicit_safe_repair_fallbacks	16
tests/test_retry_policy.py::test_operation_contract_rejects_mixed_write_shapes_and_create_overwrite	16
tests/test_retry_policy.py::test_operation_contract_rejects_malformed_repair_protocol_before_shape_fallback	16
tests/test_retry_policy.py::test_retry_reducer_prefers_grounded_cheap_work_before_full_set	16
tests/test_retry_policy.py::test_retry_reducer_honors_authoritative_fallback_target_request	16
tests/test_retry_policy.py::test_retry_reducer_stops_environment_failures_immediately	16
tests/test_retry_policy.py::test_retry_reducer_uses_one_fallback_targeted_attempt_after_primary_budget	16
tests/test_retry_policy.py::test_retry_reducer_enforces_global_attempt_bound_after_per_failure_resets	16
tests/test_retry_policy.py::test_api_contract_recovery_uses_its_own_budget_not_targeted_budget	16
tests/test_retry_policy.py::test_api_contract_recovery_stops_at_its_own_bound	16
tests/test_retry_policy.py::test_api_contract_recovery_discovered_at_the_global_ceiling_still_gets_its_own_budget	16
tests/test_retry_policy.py::test_api_contract_recovery_own_bound_still_governs_past_the_global_ceiling	16
tests/test_retry_policy.py::test_a_restored_contract_hands_an_exhausted_recovery_back_to_the_ordinary_families	16
tests/test_retry_policy.py::test_an_unrestored_contract_stops_fail_closed_whatever_budget_and_fallback_remain	16
tests/test_retry_policy.py::test_handback_grants_no_budget_the_ordinary_families_do_not_have	16
tests/test_retry_policy.py::test_a_restored_contract_still_spends_the_recovery_budget_first	16
tests/test_retry_policy.py::test_contract_restored_follows_the_verified_phase	16
tests/test_retry_policy.py::test_decide_for_state_reads_the_restored_phase_from_the_run_state	16
tests/test_retry_policy.py::test_recovery_hands_back_only_when_restored_and_its_budget_is_spent	16
tests/test_retry_policy.py::test_the_attempt_mode_and_the_loop_decision_read_the_same_handback	16
tests/test_review_command.py::test_review_command_uses_configured_reviewer_model	16
tests/test_review_command.py::test_review_directory_includes_ruby_files	16
tests/test_review_command.py::test_review_directory_git_status_handles_filename_with_space	16
tests/test_review_command.py::test_review_directory_git_status_handles_rename_with_space	16
tests/test_review_command.py::test_review_directory_warns_when_truncated_at_ten_files	16
tests/test_review_command.py::test_review_directory_no_warning_under_ten_files	16
tests/test_review_command.py::test_review_single_file_exceeding_budget_is_truncated_with_warning	16
tests/test_review_command.py::test_review_multiple_files_over_budget_splits_into_batches	16
tests/test_review_command.py::test_review_small_files_still_use_a_single_combined_call	16
tests/test_review_command.py::test_review_prompt_frames_absence_of_a_goal	16
tests/test_review_command.py::test_review_stdout_contains_only_the_review_text	16
tests/test_review_command.py::test_review_single_java_file_includes_repository_aware_contract_sections	16
tests/test_review_command.py::test_review_non_java_single_file_has_no_java_contract_sections	16
tests/test_review_command.py::test_review_single_java_file_related_artifact_content_never_leaks_into_prompt	16
tests/test_review_command.py::test_review_command_never_touches_write_or_generation_machinery	16
tests/test_review_command.py::test_review_single_java_file_raw_json_never_streamed_or_printed	16
tests/test_review_command.py::test_review_single_java_file_malformed_structured_response_fails_clearly	16
tests/test_review_command.py::test_review_single_java_file_reports_confidence_downgrade_end_to_end	16
tests/test_review_command.py::test_review_single_java_file_member_coverage_rendered	16
tests/test_review_context.py::test_build_review_repository_context_finds_implements_collaborator_and_test_relations	16
tests/test_review_context.py::test_build_review_repository_context_is_bounded_not_entire_repository	16
tests/test_review_context.py::test_format_review_repository_context_labels_evidence_as_deterministic_not_model_interpretation	16
tests/test_review_context.py::test_format_java_member_inventory_marks_itself_authoritative	16
tests/test_review_context.py::test_check_member_coverage_reports_covered_and_not_mentioned	16
tests/test_review_context.py::test_find_java_repo_root_walks_up_to_a_git_marker	16
tests/test_review_context.py::test_find_java_repo_root_falls_back_to_containing_directory_when_no_marker	16
tests/test_review_context.py::test_build_review_batches_small_content_single_batch_no_truncation	16
tests/test_review_context.py::test_build_review_batches_oversized_single_file_is_truncated_and_reported	16
tests/test_review_context.py::test_build_review_batches_splits_across_multiple_batches_when_over_budget	16
tests/test_review_context.py::test_build_review_batches_empty_input_returns_no_batches	16
tests/test_review_context.py::test_candidate_diff_context_survives_truncation_that_would_hide_the_change	16
tests/test_review_context.py::test_candidate_diff_context_empty_when_nothing_changed	16
tests/test_review_context.py::test_candidate_diff_context_empty_for_a_brand_new_file	16
tests/test_review_context.py::test_candidate_diff_context_includes_real_unified_diff_markers	16
tests/test_review_context.py::test_candidate_diff_context_multiple_changed_files_all_included	16
tests/test_review_context.py::test_candidate_diff_context_prepended_placement_is_the_callers_responsibility	16
tests/test_review_context.py::test_build_reviewer_verified_evidence_includes_a_passing_run_verification	16
tests/test_review_context.py::test_build_reviewer_verified_evidence_includes_a_passing_spec_compliance_check	16
tests/test_review_context.py::test_build_reviewer_verified_evidence_ignores_a_failed_gate_outcome	16
tests/test_review_context.py::test_build_reviewer_verified_evidence_returns_empty_string_when_nothing_to_report	16
tests/test_review_context.py::test_adjudicate_proven_with_valid_condition_and_missing_consequence_downgrades_to_strong	16
tests/test_review_context.py::test_adjudicate_proven_with_valid_condition_and_valid_consequence_remains_proven	16
tests/test_review_context.py::test_adjudicate_proven_with_fabricated_member_consequence_id_downgrades_to_strong	16
tests/test_review_context.py::test_adjudicate_proven_with_fabricated_relation_id_downgrades_to_strong	16
tests/test_review_context.py::test_adjudicate_proven_with_runtime_dependency_declared_forces_requires_runtime	16
tests/test_review_context.py::test_adjudicate_strong_with_valid_condition_remains_strong	16
tests/test_review_context.py::test_adjudicate_strong_with_no_valid_condition_is_evidence_insufficient	16
tests/test_review_context.py::test_adjudicate_requires_runtime_is_accepted_and_tracks_invalid_ids	16
tests/test_review_context.py::test_adjudicate_proven_with_only_fabricated_condition_id_is_evidence_insufficient	16
tests/test_review_context.py::test_member_evidence_ids_are_deterministic_for_the_same_ordered_input	16
tests/test_review_context.py::test_relation_evidence_ids_are_deterministic_and_ordered	16
tests/test_review_context.py::test_compute_member_coverage_detects_missing_and_invented_ids	16
tests/test_review_context.py::test_compute_member_coverage_full_coverage_reports_nothing	16
tests/test_review_context.py::test_parse_structured_findings_normalizes_confidence_string_with_spaces	16
tests/test_review_context.py::test_parse_structured_findings_skips_malformed_entries_without_raising	16
tests/test_review_context.py::test_parse_structured_findings_returns_empty_list_for_malformed_top_level_shape	16
tests/test_review_context.py::test_run_guidance_drops_unresolvable_evidence_ids_but_keeps_the_statement	16
tests/test_review_context.py::test_run_guidance_keeps_valid_evidence_ids	16
tests/test_review_context.py::test_format_adjudicated_review_shows_requested_vs_final_confidence_on_downgrade	16
tests/test_review_context.py::test_format_adjudicated_review_does_not_expose_raw_json_keys	16
tests/test_review_context.py::test_historical_shape_run1_self_invocation_overclassification_downgrades	16
tests/test_review_context.py::test_historical_shape_run2_delete_persistence_overclassification_downgrades	16
tests/test_review_context.py::test_build_structured_review_report_end_to_end_with_downgrade_and_fabricated_id	16
tests/test_review_context.py::test_build_structured_review_report_never_crashes_on_totally_malformed_shape	16
tests/test_review_context.py::test_parse_member_reviews_preserves_status_and_note	16
tests/test_review_context.py::test_parse_member_reviews_skips_malformed_entries	16
tests/test_review_context.py::test_parse_member_reviews_returns_empty_dict_for_malformed_top_level_shape	16
tests/test_review_context.py::test_format_adjudicated_review_renders_two_member_reviews	16
tests/test_review_context.py::test_format_adjudicated_review_member_order_is_deterministic_not_model_order	16
tests/test_review_context.py::test_format_adjudicated_review_uses_kriya_signature_not_model_text	16
tests/test_review_context.py::test_format_adjudicated_review_reports_missing_member_explicitly	16
tests/test_review_context.py::test_format_adjudicated_review_reports_invented_member_id_explicitly	16
tests/test_review_context.py::test_member_note_does_not_affect_finding_confidence	16
tests/test_review_context.py::test_member_note_cannot_provide_condition_or_consequence_evidence	16
tests/test_review_context.py::test_format_adjudicated_review_member_section_does_not_expose_raw_json	16
tests/test_review_context.py::test_frozen_a1_default_driver_service_renders_nine_member_sections	16
tests/test_review_context.py::test_build_proposed_modification_grounded_finding_produces_full_proposal	16
tests/test_review_context.py::test_proposal_authority_is_advisory_regardless_of_finding_strength	16
tests/test_review_context.py::test_proposal_reflects_downgraded_confidence_not_requested_confidence	16
tests/test_review_context.py::test_proposal_cannot_be_built_for_unknown_finding_id	16
tests/test_review_context.py::test_proposal_refused_when_finding_has_no_recommendation	16
tests/test_review_context.py::test_proposal_refused_when_no_evidence_id_resolves	16
tests/test_review_context.py::test_proposal_excludes_invented_evidence_ids_entirely	16
tests/test_review_context.py::test_proposal_runtime_dependent_finding_keeps_runtime_verification	16
tests/test_review_context.py::test_proposal_target_member_uses_kriya_signature_not_model_text	16
tests/test_review_context.py::test_format_proposed_modification_states_no_modification_occurred	16
tests/test_review_context.py::test_a1_format_adjudicated_review_signature_and_behavior_unchanged	16
tests/test_review_context.py::test_review_context_module_never_imports_write_capable_components	16
tests/test_routing.py::test_routable_commands_matches_exemplar_keys	16
tests/test_routing.py::test_route_returns_unroutable_when_gate_says_out_of_scope	16
tests/test_routing.py::test_route_returns_unroutable_below_reject_threshold_even_if_in_scope	16
tests/test_routing.py::test_route_returns_clarify_when_top_two_are_within_margin	16
tests/test_routing.py::test_route_returns_top_label_when_confidently_separated	16
tests/test_routing.py::test_ensure_fitted_raises_loudly_on_unreachable_embed_model	16
tests/test_routing.py::test_build_dispatch_tokens_generate_is_passthrough	16
tests/test_routing.py::test_build_dispatch_tokens_ask_is_passthrough	16
tests/test_routing.py::test_build_dispatch_tokens_fix_uses_error_flag_not_positional	16
tests/test_routing.py::test_build_dispatch_tokens_review_defaults_to_repo_root_not_raw_text	16
tests/test_routing.py::test_build_dispatch_tokens_analyze_defaults_to_repo_root_not_raw_text	16
tests/test_routing.py::test_build_dispatch_tokens_skills_defaults_to_list	16
tests/test_routing.py::test_build_dispatch_tokens_rejects_non_routable_labels	16
tests/test_run_events.py::test_auxiliary_failure_cannot_replace_authoritative_primary	16
tests/test_run_events.py::test_generation_state_records_failure_authority_without_string_inference	16
tests/test_run_events.py::test_trace_logger_persists_canonical_run_events	16
tests/test_run_events.py::test_trace_logger_persists_content_free_generation_metrics	16
tests/test_run_events.py::test_generation_state_metrics_aggregate_events_without_source_content	16
tests/test_run_ownership.py::test_acquire_and_release_roundtrip	16
tests/test_run_ownership.py::test_begin_mutating_run_builds_workspace_bound_context	16
tests/test_run_ownership.py::test_coordinator_releases_on_exception_and_keyboard_interrupt[failure0]	16
tests/test_run_ownership.py::test_coordinator_releases_on_exception_and_keyboard_interrupt[failure1]	16
tests/test_run_ownership.py::test_direct_mutation_adapter_acquires_context_and_expires_it	16
tests/test_run_ownership.py::test_nested_mutation_boundary_reuses_one_run_context	16
tests/test_run_ownership.py::test_explicit_context_cannot_authorize_another_workspace	16
tests/test_run_ownership.py::test_direct_workflow_engine_api_cannot_bypass_held_lock	16
tests/test_run_ownership.py::test_direct_workflow_controller_api_cannot_bypass_held_lock	16
tests/test_run_ownership.py::test_reacquire_after_release_succeeds	16
tests/test_run_ownership.py::test_lock_file_contains_diagnostic_metadata	16
tests/test_run_ownership.py::test_normal_exception_inside_with_block_releases_lock	16
tests/test_run_ownership.py::test_two_different_workspaces_do_not_contend	16
tests/test_run_ownership.py::test_permission_failure_fails_closed	16
tests/test_run_ownership.py::test_corrupt_diagnostic_content_does_not_block_uncontended_acquisition	16
tests/test_run_ownership.py::test_relative_path_alias_contends_with_absolute_path	16
tests/test_run_ownership.py::test_symlink_alias_contends_with_real_path	16
tests/test_run_ownership.py::test_real_two_process_contention_second_process_rejected	28
tests/test_run_ownership.py::test_contention_fails_promptly_not_blocking	28
tests/test_run_ownership.py::test_owner_sigkill_releases_lock_for_next_acquirer	28
tests/test_run_ownership.py::test_pid_reuse_is_never_consulted_for_the_ownership_decision	28
tests/test_run_ownership.py::test_two_git_worktrees_do_not_contend	28
tests/test_run_ownership.py::test_generate_acquires_and_releases_workspace_lock	16
tests/test_run_ownership.py::test_fix_acquires_and_releases_workspace_lock	16
tests/test_run_ownership.py::test_proposal_execute_acquires_and_releases_workspace_lock	16
tests/test_run_ownership.py::test_lock_held_error_surfaces_as_clean_nonzero_exit_not_a_traceback	16
tests/test_run_ownership.py::test_review_does_not_acquire_workspace_lock	16
tests/test_run_ownership.py::test_proposal_show_and_approve_do_not_acquire_workspace_lock	16
tests/test_run_ownership.py::test_generate_vs_generate_real_cross_process_contention	33
tests/test_run_ownership.py::test_proposal_execute_vs_generate_real_cross_process_contention	33
tests/test_run_ownership.py::test_resume_flag_contends_the_same_as_a_fresh_run	33
tests/test_run_ownership.py::test_losing_process_makes_zero_source_mutation	33
tests/test_run_ownership.py::test_milestone_execution_holds_lock_across_the_whole_command	33
tests/test_run_record.py::test_schema_round_trip_contains_required_lifecycle_fields	33
tests/test_run_record.py::test_illegal_and_post_terminal_transitions_fail_closed	33
tests/test_run_record.py::test_stale_writer_cannot_overwrite_newer_record	33
tests/test_run_record.py::test_successful_public_mutation_persists_terminal_success	33
tests/test_run_record.py::test_controlled_exception_persists_terminal_failure	33
tests/test_run_record.py::test_uncertain_commit_exception_persists_uncertain_terminal_state	33
tests/test_run_record.py::test_durable_state_is_reloadable_while_run_is_in_progress	33
tests/test_run_record.py::test_process_crash_preserves_last_durable_lifecycle_state	33
tests/test_run_record.py::test_specialized_stores_reference_the_run_record_revision	33
tests/test_sandbox.py::test_build_restricted_env_strips_non_allowlisted_vars	33
tests/test_sandbox.py::test_build_restricted_env_omits_missing_allowlist_entries	33
tests/test_sandbox.py::test_a_host_without_a_resource_limit_provider_refuses_a_requested_limit	33
tests/test_sandbox.py::test_posix_resource_limits_preexec_fn_sets_expected_limits	33
tests/test_sandbox.py::test_posix_resource_limits_preexec_fn_fails_closed_on_cpu_limit_failure	16
tests/test_sandbox.py::test_posix_resource_limits_preexec_fn_fails_closed_on_linux_memory_limit_failure	16
tests/test_sandbox.py::test_posix_resource_limits_preexec_fn_tolerates_macos_memory_limit_failure	16
tests/test_sandbox.py::test_posix_resource_limits_preexec_fn_still_fails_closed_on_macos_cpu_limit_failure	16
tests/test_sandbox.py::test_posix_resource_limits_preexec_fn_cpu_only_never_touches_rlimit_as	16
tests/test_sandbox.py::test_posix_resource_limits_preexec_fn_memory_only_never_touches_rlimit_cpu	16
tests/test_search.py::test_search_web_returns_results	16
tests/test_search.py::test_search_web_returns_empty_without_base_url	16
tests/test_search.py::test_search_web_handles_request_failure	16
tests/test_search.py::test_search_web_handles_malformed_response	16
tests/test_search.py::test_search_web_skips_results_without_url	16
tests/test_sec002_fail_closed_evidence.py::test_maven_containment_failure_with_no_java_files_cannot_pass	16
tests/test_sec002_fail_closed_evidence.py::test_maven_containment_failure_with_java_files_cannot_fall_through_to_javac	16
tests/test_sec002_fail_closed_evidence.py::test_gradle_containment_failure_cannot_fall_through_to_javac	16
tests/test_sec002_fail_closed_evidence.py::test_python_compile_check_containment_failure_propagates	16
tests/test_sec002_fail_closed_evidence.py::test_ruby_compile_check_containment_failure_propagates	16
tests/test_sec002_fail_closed_evidence.py::test_run_pom_validate_containment_failure_cannot_pass	16
tests/test_sec002_fail_closed_evidence.py::test_run_tests_python_containment_failure_propagates	16
tests/test_sec002_fail_closed_evidence.py::test_run_tests_ruby_containment_failure_does_not_retry_plain_rspec	16
tests/test_sec002_fail_closed_evidence.py::test_run_app_containment_failure_propagates	16
tests/test_sec002_fail_closed_evidence.py::test_run_app_sequence_containment_failure_reaches_infrastructure_classification	16
tests/test_sec002_fail_closed_evidence.py::test_ordinary_maven_compile_failure_remains_ordinary_failure	16
tests/test_sec002_fail_closed_evidence.py::test_ordinary_test_failure_remains_ordinary_failure	16
tests/test_sec002_fail_closed_evidence.py::test_ordinary_runtime_failure_remains_ordinary_failure	16
tests/test_sec002_fail_closed_evidence.py::test_maven_not_on_path_still_returns_failure_without_falling_through	16
tests/test_sec002_fail_closed_evidence.py::test_javac_fallback_still_works_when_maven_and_gradle_are_genuinely_inapplicable	16
tests/test_sec003_mcp_env_isolation.py::test_baseline_never_includes_unlisted_ambient_vars	16
tests/test_sec003_mcp_env_isolation.py::test_baseline_allowlist_variables_included_when_present	16
tests/test_sec003_mcp_env_isolation.py::test_ambient_home_never_in_baseline	16
tests/test_sec003_mcp_env_isolation.py::test_explicit_home_allowed_via_configured_env	16
tests/test_sec003_mcp_env_isolation.py::test_path_always_present_regardless_of_allowlist	16
tests/test_sec003_mcp_env_isolation.py::test_proxy_variables_never_in_baseline	16
tests/test_sec003_mcp_env_isolation.py::test_configured_env_present_in_result	16
tests/test_sec003_mcp_env_isolation.py::test_configured_env_overrides_baseline_variable	16
tests/test_sec003_mcp_env_isolation.py::test_configured_env_cannot_override_path_from_ambient_baseline	16
tests/test_sec003_mcp_env_isolation.py::test_empty_configured_env_does_not_restore_ambient	16
tests/test_sec003_mcp_env_isolation.py::test_baseline_allowlist_excludes_build_toolchain_variables	16
tests/test_sec003_mcp_env_isolation.py::test_ambient_sentinels_absent_in_real_child	16
tests/test_sec003_mcp_env_isolation.py::test_explicit_sentinel_present_in_real_child	16
tests/test_sec003_mcp_env_isolation.py::test_home_ambient_denied_explicit_allowed_real_child	16
tests/test_sec003_mcp_env_isolation.py::test_required_launch_environment_remains_functional	16
tests/test_sec003_mcp_env_isolation.py::test_cross_server_isolation_no_leak_between_servers	16
tests/test_sec003_mcp_env_isolation.py::test_empty_mcp_env_dict_does_not_restore_ambient_real_child	16
tests/test_sec003_mcp_env_isolation.py::test_no_ambient_merge_remains_in_source	16
tests/test_sec003_mcp_env_isolation.py::test_cli_mcp_tool_call_ambient_absent_then_explicit_present_via_durable_approval	16
tests/test_sec004_mcp_lifecycle.py::test_normal_startup_and_call	16
tests/test_sec004_mcp_lifecycle.py::test_startup_timeout_raises_bounded	16
tests/test_sec004_mcp_lifecycle.py::test_startup_timeout_no_survivors	16
tests/test_sec004_mcp_lifecycle.py::test_startup_timeout_no_pending_requests_leaked	16
tests/test_sec004_mcp_lifecycle.py::test_normal_request	16
tests/test_sec004_mcp_lifecycle.py::test_request_timeout_raises_bounded	16
tests/test_sec004_mcp_lifecycle.py::test_request_timeout_pending_map_cleaned	16
tests/test_sec004_mcp_lifecycle.py::test_late_response_after_timeout_is_harmless	16
tests/test_sec004_mcp_lifecycle.py::test_concurrent_multiple_requests_correctly_correlated	16
tests/test_sec004_mcp_lifecycle.py::test_concurrent_stop_and_request	16
tests/test_sec004_mcp_lifecycle.py::test_eof_during_request_fails_deterministically	16
tests/test_sec004_mcp_lifecycle.py::test_cooperative_termination_fast	16
tests/test_sec004_mcp_lifecycle.py::test_sigterm_ignored_forced_kill_real_process	16
tests/test_sec004_mcp_lifecycle.py::test_repeated_stop_is_safe	16
tests/test_sec004_mcp_lifecycle.py::test_failed_start_can_call_stop_safely	16
tests/test_sec004_mcp_lifecycle.py::test_descendant_processes_all_killed_real_tree	16
tests/test_sec004_mcp_lifecycle.py::test_oversized_stdout_rejected_and_closes_connection	16
tests/test_sec004_mcp_lifecycle.py::test_malformed_json_is_non_fatal_and_deterministic	16
tests/test_sec004_mcp_lifecycle.py::test_stderr_flood_bounded_no_deadlock	16
tests/test_sec004_mcp_lifecycle.py::test_stderr_log_line_cap_enforced	16
tests/test_sec004_mcp_lifecycle.py::test_cpu_over_limit_process_killed_by_os	16
tests/test_sec004_mcp_lifecycle.py::test_memory_over_limit_outcome_platform_honest	16
tests/test_sec004_mcp_lifecycle.py::test_resource_setup_failure_fails_closed	16
tests/test_sec004_mcp_lifecycle.py::test_multiple_normal_servers_all_registered	16
tests/test_sec004_mcp_lifecycle.py::test_partial_start_failure_rolls_back_atomically	16
tests/test_sec004_mcp_lifecycle.py::test_stop_all_deterministic_multiple_servers	16
tests/test_sec004_mcp_lifecycle.py::test_stale_registration_removed_after_unexpected_server_death	16
tests/test_sec004_mcp_lifecycle.py::test_sec003_ambient_env_still_absent_through_sec004_spawn_path	16
tests/test_sec004_mcp_lifecycle.py::test_sec003_explicit_env_still_present_through_sec004_spawn_path	16
tests/test_sec004_mcp_lifecycle.py::test_sec003_cross_server_isolation_still_intact	16
tests/test_sec004_mcp_lifecycle.py::test_repo_cannot_weaken_mcp_lifecycle_request_timeout	16
tests/test_sec004_mcp_lifecycle.py::test_repo_cannot_weaken_mcp_lifecycle_memory_limit	16
tests/test_sec004_mcp_lifecycle.py::test_packaged_default_mcp_lifecycle_loads_unchanged	16
tests/test_sec004_mcp_lifecycle.py::test_cli_startup_hang_bounded_end_to_end	16
tests/test_sec005_shell_acquisition_network.py::test_classify_shell_acquisition_command[command0-registry_scoped]	16
tests/test_sec005_shell_acquisition_network.py::test_classify_shell_acquisition_command[command1-registry_scoped]	16
tests/test_sec005_shell_acquisition_network.py::test_classify_shell_acquisition_command[command2-registry_scoped]	16
tests/test_sec005_shell_acquisition_network.py::test_classify_shell_acquisition_command[command3-registry_scoped]	16
tests/test_sec005_shell_acquisition_network.py::test_classify_shell_acquisition_command[command4-registry_scoped]	16
tests/test_sec005_shell_acquisition_network.py::test_classify_shell_acquisition_command[command5-registry_scoped]	16
tests/test_sec005_shell_acquisition_network.py::test_classify_shell_acquisition_command[command6-registry_scoped]	16
tests/test_sec005_shell_acquisition_network.py::test_classify_shell_acquisition_command[command7-registry_scoped]	16
tests/test_sec005_shell_acquisition_network.py::test_classify_shell_acquisition_command[command8-unmapped]	16
tests/test_sec005_shell_acquisition_network.py::test_classify_shell_acquisition_command[command9-unmapped]	16
tests/test_sec005_shell_acquisition_network.py::test_classify_shell_acquisition_command[command10-unmapped]	16
tests/test_sec005_shell_acquisition_network.py::test_classify_shell_acquisition_command[command11-unmapped]	16
tests/test_sec005_shell_acquisition_network.py::test_classify_shell_acquisition_command[command12-unmapped]	16
tests/test_sec005_shell_acquisition_network.py::test_classify_shell_acquisition_command[command13-unmapped]	16
tests/test_sec005_shell_acquisition_network.py::test_classify_shell_acquisition_command[command14-unmapped]	16
tests/test_sec005_shell_acquisition_network.py::test_classify_shell_acquisition_command[command15-unmapped]	16
tests/test_sec005_shell_acquisition_network.py::test_classify_shell_acquisition_command[command16-None]	16
tests/test_sec005_shell_acquisition_network.py::test_classify_shell_acquisition_command[command17-None]	16
tests/test_sec005_shell_acquisition_network.py::test_classify_shell_acquisition_command[command18-None]	16
tests/test_sec005_shell_acquisition_network.py::test_classify_shell_acquisition_command[command19-None]	16
tests/test_sec005_shell_acquisition_network.py::test_classify_shell_acquisition_command[command20-None]	16
tests/test_sec005_shell_acquisition_network.py::test_classify_shell_acquisition_command[command21-None]	16
tests/test_sec005_shell_acquisition_network.py::test_classify_shell_acquisition_command[command22-None]	16
tests/test_sec005_shell_acquisition_network.py::test_classify_shell_acquisition_command[command23-registry_scoped]	16
tests/test_sec005_shell_acquisition_network.py::test_classify_shell_acquisition_command[command24-registry_scoped]	16
tests/test_sec005_shell_acquisition_network.py::test_classify_shell_acquisition_command[command25-unmapped]	16
tests/test_sec005_shell_acquisition_network.py::test_classify_shell_acquisition_command[command26-registry_scoped]	16
tests/test_sec005_shell_acquisition_network.py::test_classify_shell_acquisition_command[command27-unmapped]	16
tests/test_sec005_shell_acquisition_network.py::test_classify_shell_acquisition_command[command28-None]	16
tests/test_sec005_shell_acquisition_network.py::test_classify_never_returns_unmapped_or_registry_scoped_for_empty_command	16
tests/test_sec005_shell_acquisition_network.py::test_ordinary_command_network_unaffected_when_containment_not_required	16
tests/test_sec005_shell_acquisition_network.py::test_maven_command_network_unaffected_when_containment_not_required	16
tests/test_sec005_shell_acquisition_network.py::test_maven_command_gets_registry_scoped_network_when_contained	16
tests/test_sec005_shell_acquisition_network.py::test_pip_install_gets_registry_scoped_network_when_contained	16
tests/test_sec005_shell_acquisition_network.py::test_venv_qualified_pip_recognized_when_contained	16
tests/test_sec005_shell_acquisition_network.py::test_unmapped_package_manager_denied_network_when_contained	16
tests/test_sec005_shell_acquisition_network.py::test_near_miss_command_does_not_acquire_registry_authority_when_contained	16
tests/test_sec005_shell_acquisition_network.py::test_compound_command_narrows_whole_process_network	16
tests/test_sec005_shell_acquisition_network.py::test_execution_policy_mode_does_not_influence_network_authority	16
tests/test_sec005_shell_acquisition_network.py::test_run_has_no_confirmation_parameter	16
tests/test_sec005_shell_acquisition_network.py::test_backend_unavailable_for_registry_scoped_fails_closed_not_weaker	16
tests/test_sec005_shell_acquisition_network.py::test_backend_unavailable_raises_containment_setup_error_directly	16
tests/test_sec005_shell_acquisition_network.py::test_unmapped_manager_backend_unavailable_also_fails_closed	16
tests/test_sec005_shell_acquisition_network.py::test_real_maven_command_through_shelltool_reaches_authorized_registry	16
tests/test_sec005_shell_acquisition_network.py::test_real_maven_command_through_shelltool_denied_unauthorized_destination	16
tests/test_sec005_shell_acquisition_network.py::test_real_pip_command_through_shelltool_reaches_authorized_registry	16
tests/test_sec005_shell_acquisition_network.py::test_real_pip_command_through_shelltool_denied_unauthorized_destination	16
tests/test_sec005_shell_acquisition_network.py::test_real_unsupported_manager_never_gets_unrestricted_network	16
tests/test_sec005_shell_acquisition_network.py::test_real_near_miss_command_keeps_unrestricted_network_under_containment	16
tests/test_sec009_config_authority.py::test_normal_startup_without_repo_config_is_unchanged	16
tests/test_sec009_config_authority.py::test_packaged_defaults_continue_working	16
tests/test_sec009_config_authority.py::test_benign_repo_config_still_loads	16
tests/test_sec009_config_authority.py::test_repo_model_name_preference_works	16
tests/test_sec009_config_authority.py::test_repo_retry_time_budget_works	16
tests/test_sec009_config_authority.py::test_repo_in_workspace_safe_path_works	16
tests/test_sec009_config_authority.py::test_explicit_config_outside_cwd_with_relative_path_next_to_it_works	16
tests/test_sec009_config_authority.py::test_explicit_config_outside_cwd_with_absolute_path_next_to_it_works	16
tests/test_sec009_config_authority.py::test_explicit_config_path_still_denied_when_it_truly_escapes_its_own_directory	16
tests/test_sec009_config_authority.py::test_repo_agent_llms_role_model_override_works	16
tests/test_sec009_config_authority.py::test_repo_agent_llms_role_base_url_still_denied	16
tests/test_sec009_config_authority.py::test_repo_agent_llms_role_llm_chain_base_url_still_denied	16
tests/test_sec009_config_authority.py::test_repo_mcp_command_denied	16
tests/test_sec009_config_authority.py::test_repo_mcp_env_denied	16
tests/test_sec009_config_authority.py::test_repo_plugin_directory_denied	16
tests/test_sec009_config_authority.py::test_plugin_sentinel_absent	16
tests/test_sec009_config_authority.py::test_mcp_sentinel_absent	16
tests/test_sec009_config_authority.py::test_no_lsp_executable_config_field_exists_today	16
tests/test_sec009_config_authority.py::test_repo_execution_policy_weakening_denied	16
tests/test_sec009_config_authority.py::test_repo_runtime_profile_laundering_denied[legacy]	16
tests/test_sec009_config_authority.py::test_repo_runtime_profile_laundering_denied[production]	16
tests/test_sec009_config_authority.py::test_production_profile_and_derived_security_controls_retain_authority_classification	16
tests/test_sec009_config_authority.py::test_repo_registry_host_expansion_denied	16
tests/test_sec009_config_authority.py::test_repo_egress_expansion_denied	16
tests/test_sec009_config_authority.py::test_repo_risk_threshold_authority_denied	16
tests/test_sec009_config_authority.py::test_repo_outside_workspace_path_denied	16
tests/test_sec009_config_authority.py::test_symlink_escape_denied	16
tests/test_sec009_config_authority.py::test_symlink_inside_workspace_accepted	16
tests/test_sec009_config_authority.py::test_absolute_outside_path_denied	16
tests/test_sec009_config_authority.py::test_retired_logging_file_is_rejected_with_an_actionable_error[logs/kriya.log]	16
tests/test_sec009_config_authority.py::test_retired_logging_file_is_rejected_with_an_actionable_error[/tmp/outside/kriya.log]	16
tests/test_sec009_config_authority.py::test_retired_logging_file_is_rejected_with_an_actionable_error[None]	16
tests/test_sec009_config_authority.py::test_logging_directory_inside_workspace_is_still_security_authority	16
tests/test_sec009_config_authority.py::test_logging_directory_absolute_outside_workspace_denied	16
tests/test_sec009_config_authority.py::test_logging_directory_relative_or_traversal_is_rejected_not_cwd_anchored	16
tests/test_sec009_config_authority.py::test_logging_directory_symlink_is_classified_by_its_real_target	16
tests/test_sec009_config_authority.py::test_logging_level_only_unchanged	16
tests/test_sec009_config_authority.py::test_logging_directory_null_and_disabled_files_are_repository_safe	16
tests/test_sec009_config_authority.py::test_cli_logging_directory_outside_write_denied_end_to_end	16
tests/test_sec009_config_authority.py::test_cli_retired_logging_file_fails_with_the_actionable_message	16
tests/test_sec009_config_authority.py::test_relative_explicit_config_remains_untrusted	16
tests/test_sec009_config_authority.py::test_absolute_explicit_config_inside_workspace_remains_untrusted	16
tests/test_sec009_config_authority.py::test_external_explicit_config_outside_workspace_fails_closed_for_security_fields	16
tests/test_sec009_config_authority.py::test_external_explicit_config_benign_fields_still_work	16
tests/test_sec009_config_authority.py::test_unknown_future_field_denied	16
tests/test_sec009_config_authority.py::test_unknown_leaf_under_known_section_denied	16
tests/test_sec009_config_authority.py::test_platform_floor_sensitive_paths_cannot_be_weakened	16
tests/test_sec009_config_authority.py::test_error_message_never_includes_secret_values	16
tests/test_sec009_config_authority.py::test_multiple_violations_all_reported_together	16
tests/test_sec009_config_authority.py::test_cli_plugin_sentinel_absent_end_to_end	16
tests/test_sec009_config_authority.py::test_cli_mcp_sentinel_absent_end_to_end	16
tests/test_sec009_config_authority.py::test_cli_benign_repo_config_still_works_end_to_end	16
tests/test_sec009_p2_authority_approval.py::test_1_repo_mcp_denied_without_approval	16
tests/test_sec009_p2_authority_approval.py::test_2_exact_mcp_approval_succeeds	16
tests/test_sec009_p2_authority_approval.py::test_3_mcp_command_change_invalidates	16
tests/test_sec009_p2_authority_approval.py::test_4_mcp_args_change_invalidates	16
tests/test_sec009_p2_authority_approval.py::test_5_mcp_env_secret_change_invalidates_without_leaking	16
tests/test_sec009_p2_authority_approval.py::test_6_additional_mcp_server_not_covered	16
tests/test_sec009_p2_authority_approval.py::test_7_plugin_approval_separate_from_mcp_approval	16
tests/test_sec009_p2_authority_approval.py::test_8_plugin_path_change_invalidates	16
tests/test_sec009_p2_authority_approval.py::test_9_runtime_profile_change_invalidates	16
tests/test_sec009_p2_authority_approval.py::test_10_registry_host_expansion_invalidates	16
tests/test_sec009_p2_authority_approval.py::test_11_egress_change_invalidates	16
tests/test_sec009_p2_authority_approval.py::test_12_policy_weakening_invalidates	16
tests/test_sec009_p2_authority_approval.py::test_13_workspace_copy_approval_reuse_fails	16
tests/test_sec009_p2_authority_approval.py::test_14_symlink_identity_substitution_fails	16
tests/test_sec009_p2_authority_approval.py::test_15_repo_shipped_approval_artifact_is_not_self_authorizing	16
tests/test_sec009_p2_authority_approval.py::test_16_ci_with_valid_external_trust_artifact_succeeds_non_interactively	16
tests/test_sec009_p2_authority_approval.py::test_17_ci_missing_trust_fails_closed	16
tests/test_sec009_p2_authority_approval.py::test_17b_ci_mismatched_trust_fails_closed	16
tests/test_sec009_p2_authority_approval.py::test_trust_file_inside_workspace_is_rejected	16
tests/test_sec009_p2_authority_approval.py::test_trust_file_env_var_also_rejected_inside_workspace	16
tests/test_sec009_p2_authority_approval.py::test_18_y_flag_has_no_approval_semantics	16
tests/test_sec009_p2_authority_approval.py::test_19_ordinary_config_flag_never_creates_an_approval_artifact	16
tests/test_sec009_p2_authority_approval.py::test_20_approval_artifact_tampering_fails_closed	16
tests/test_sec009_p2_authority_approval.py::test_21_approval_schema_version_tampering_fails_closed	16
tests/test_sec009_p2_authority_approval.py::test_22_revoke_immediately_restores_denial	16
tests/test_sec009_p2_authority_approval.py::test_23_benign_changes_continue_without_reapproval	16
tests/test_sec009_p2_authority_approval.py::test_23b_in_workspace_safe_path_change_does_not_require_reapproval	16
tests/test_sec009_p2_authority_approval.py::test_24_unknown_future_security_field_not_covered_by_older_approval	16
tests/test_sec009_p2_authority_approval.py::test_25_exact_logging_directory_approval_succeeds	16
tests/test_sec009_p2_authority_approval.py::test_26_logging_directory_change_invalidates	16
tests/test_sec009_p2_authority_approval.py::test_27_older_approval_without_logging_directory_in_security_subset_does_not_grandfather_it	16
tests/test_sec009_p2_authority_approval.py::test_cli_logging_directory_approval_reaches_configure_logging_end_to_end	16
tests/test_sec009_p2_authority_approval.py::test_resume_path_reresolves_authority_not_stale_checkpoint	16
tests/test_sec009_p2_authority_approval.py::test_cli_plugin_and_mcp_sentinels_absent_without_approval	16
tests/test_sec009_p2_authority_approval.py::test_cli_approval_gates_real_plugin_import_and_mcp_spawn	16
tests/test_self_correction.py::test_self_correction_resolves_within_budget	16
tests/test_self_correction.py::test_self_correction_exhausts_budget	16
tests/test_self_correction.py::test_self_correction_can_read_but_cannot_patch_outside_writable_scope	16
tests/test_self_correction.py::test_self_correction_llm_exception_preserves_original_compile_error	16
tests/test_self_correction.py::test_self_correction_apply_patch_grounded_via_read_file_not_rejected_by_stale_context	16
tests/test_self_correction.py::test_self_correction_apply_patch_without_read_file_still_grounded_against_shown_context	16
tests/test_self_correction.py::test_self_correction_apply_patch_error_fed_back_to_model	16
tests/test_self_correction.py::test_self_correction_read_file_and_list_files_scoped	16
tests/test_self_correction.py::test_self_correction_list_dependencies_returns_real_declared_coordinates	16
tests/test_self_correction.py::test_self_correction_inspect_class_resolves_a_workspace_class_by_simple_name	16
tests/test_self_correction.py::test_self_correction_inspect_class_resolves_an_external_dependency_via_javap	16
tests/test_self_correction.py::test_self_correction_inspect_class_reports_honest_not_found	16
tests/test_self_correction.py::test_self_correction_inspect_class_lists_multiple_workspace_matches_instead_of_guessing	16
tests/test_self_correction.py::test_self_correction_resolve_missing_dependency_looks_up_a_real_coordinate	16
tests/test_self_correction.py::test_self_correction_dependency_lookup_respects_local_only_policy	16
tests/test_self_correction.py::test_self_correction_resolve_missing_dependency_rejects_a_bare_simple_name	16
tests/test_self_correction.py::test_self_correction_list_compiled_output_reports_empty_build_honestly	16
tests/test_self_correction.py::test_self_correction_list_compiled_output_lists_real_class_files	16
tests/test_self_correction.py::test_self_correction_run_verification_failure_type_uses_recompile_not_a_full_rerun	16
tests/test_semantic_region_authority.py::test_stable_key_unchanged_across_whitespace_only_reformatting	16
tests/test_semantic_region_authority.py::test_overloads_produce_distinct_stable_keys	16
tests/test_semantic_region_authority.py::test_constructor_vs_method_distinct_key	16
tests/test_semantic_region_authority.py::test_line_number_shift_does_not_change_identity	16
tests/test_semantic_region_authority.py::test_authorized_method_body_only_change_allowed	16
tests/test_semantic_region_authority.py::test_authorized_method_plus_unrelated_method_change_rejected	16
tests/test_semantic_region_authority.py::test_unrelated_constructor_change_rejected	16
tests/test_semantic_region_authority.py::test_target_method_deleted_rejected	16
tests/test_semantic_region_authority.py::test_body_only_authority_plus_signature_change_rejected	16
tests/test_semantic_region_authority.py::test_explicit_signature_authority_allows_intended_signature_change	16
tests/test_semantic_region_authority.py::test_signature_change_plus_unrelated_other_member_change_rejected	16
tests/test_semantic_region_authority.py::test_new_helper_without_method_add_rejected	16
tests/test_semantic_region_authority.py::test_explicit_helper_authority_allowed	16
tests/test_semantic_region_authority.py::test_helper_addition_plus_unrelated_second_helper_rejected	16
tests/test_semantic_region_authority.py::test_required_import_referenced_only_by_authorized_region_allowed	16
tests/test_semantic_region_authority.py::test_unrelated_import_addition_rejected	16
tests/test_semantic_region_authority.py::test_wildcard_import_addition_rejected	16
tests/test_semantic_region_authority.py::test_static_import_used_in_authorized_region_allowed	16
tests/test_semantic_region_authority.py::test_removed_import_still_used_elsewhere_rejected	16
tests/test_semantic_region_authority.py::test_field_modification_rejected	16
tests/test_semantic_region_authority.py::test_class_annotation_modifier_change_rejected	16
tests/test_semantic_region_authority.py::test_formatting_comment_only_churn_outside_target_allowed	16
tests/test_semantic_region_authority.py::test_string_literal_change_inside_authorized_region_still_material	16
tests/test_semantic_region_authority.py::test_explicitly_authorized_new_test_method_allowed	16
tests/test_semantic_region_authority.py::test_existing_unrelated_test_method_changed_rejected	16
tests/test_semantic_region_authority.py::test_unauthorized_new_test_method_rejected	16
tests/test_semantic_region_authority.py::test_explicitly_authorized_new_test_file_allowed	16
tests/test_semantic_region_authority.py::test_unauthorized_new_file_rejected	16
tests/test_semantic_region_authority.py::test_duplicate_stable_key_treated_as_ambiguous	16
tests/test_semantic_region_authority.py::test_ambiguous_candidate_scan_rejects_entire_file	16
tests/test_semantic_region_authority.py::test_scan_failure_fails_closed_not_silently	16
tests/test_semantic_region_authority.py::test_same_authorized_regions_reused_across_retry_still_rejects_broader_change	16
tests/test_semantic_region_authority.py::test_p10_regression_unrelated_same_file_body_change_is_rejected	16
tests/test_semantic_region_authority.py::test_no_authorized_regions_is_a_full_noop	16
tests/test_semantic_region_authority.py::test_java_member_inventory_extraction_itself_unchanged	16
tests/test_semantic_region_authority.py::test_unchanged_file_produces_no_violations_even_with_regions_declared	16
tests/test_semantic_region_authority.py::test_file_not_present_in_candidate_is_skipped_not_flagged	16
tests/test_service_runtime.py::test_run_app_sequence_finite_command_behavior_is_unchanged	16
tests/test_service_runtime.py::test_readiness_waits_for_actual_availability_before_probing	16
tests/test_service_runtime.py::test_successful_probe_returns_pass_evidence	16
tests/test_service_runtime.py::test_failed_probe_returns_behavioral_failure_evidence	16
tests/test_service_runtime.py::test_startup_timeout_terminates_the_process	16
tests/test_service_runtime.py::test_readiness_timeout_via_wrong_status_cleans_up_process	16
tests/test_service_runtime.py::test_probe_timeout_cleans_up_process	16
tests/test_service_runtime.py::test_service_early_exit_is_captured_with_returncode	16
tests/test_service_runtime.py::test_unexpected_exception_during_readiness_still_cleans_up_process	16
tests/test_service_runtime.py::test_cleanup_leaves_no_surviving_process_after_successful_probe	16
tests/test_service_runtime.py::test_two_sequential_runs_on_the_same_port_do_not_conflict	16
tests/test_service_runtime.py::test_managed_service_result_maps_to_zero_developer_calls_for_infrastructure_outcomes	16
tests/test_service_runtime.py::test_managed_process_stdout_buffer_stays_bounded_while_running	16
tests/test_service_runtime.py::test_managed_process_terminate_passes_fractional_reap_timeout_unmodified	16
tests/test_service_runtime.py::test_service_runtime_cleanup_does_not_truncate_fractional_shutdown_timeout	16
tests/test_service_runtime.py::test_probe_wall_clock_deadline_enforced_despite_a_dribbling_response	16
tests/test_service_runtime.py::test_probe_wall_clock_timeout_closes_the_connection_and_leaks_no_thread	16
tests/test_service_runtime.py::test_probe_connection_error_maps_to_probe_failed_but_internal_bug_maps_to_internal_error	16
tests/test_service_runtime.py::test_detect_required_artifact_recognizes_jar_flag	16
tests/test_service_runtime.py::test_detect_required_artifact_returns_none_for_non_artifact_command	16
tests/test_service_runtime.py::test_detect_required_artifact_recognizes_classpath_single_jar	16
tests/test_service_runtime.py::test_detect_required_artifact_recognizes_long_classpath_flag	16
tests/test_service_runtime.py::test_detect_required_artifact_ignores_multi_entry_classpath	16
tests/test_service_runtime.py::test_detect_required_artifact_ignores_classpath_wildcard	16
tests/test_service_runtime.py::test_detect_required_artifact_ignores_classpath_non_jar	16
tests/test_service_runtime.py::test_artifact_is_current_false_when_artifact_missing	16
tests/test_service_runtime.py::test_artifact_is_current_true_when_newer_than_pom_and_source	16
tests/test_service_runtime.py::test_artifact_is_current_false_for_stale_artifact_older_than_source	16
tests/test_service_runtime.py::test_maven_package_command_none_without_pom	16
tests/test_service_runtime.py::test_maven_package_command_prefers_executable_wrapper	16
tests/test_service_runtime.py::test_maven_package_command_falls_back_to_bare_mvn_without_wrapper	16
tests/test_service_runtime.py::test_maven_package_command_ignores_non_executable_wrapper	16
tests/test_service_runtime.py::test_prepare_required_artifact_noop_for_non_artifact_command	16
tests/test_service_runtime.py::test_prepare_required_artifact_skips_build_when_artifact_already_current	16
tests/test_service_runtime.py::test_prepare_required_artifact_runs_build_when_jar_missing_and_succeeds	16
tests/test_service_runtime.py::test_prepare_required_artifact_build_failure_reported_as_preparation_failed	16
tests/test_service_runtime.py::test_prepare_required_artifact_missing_after_successful_build_is_materialization_failed	16
tests/test_service_runtime.py::test_prepare_required_artifact_no_pom_reports_preparation_failed	16
tests/test_service_runtime.py::test_prepare_required_artifact_threads_env_and_preexec_fn_to_build_command	16
tests/test_service_runtime.py::test_prepare_required_artifact_omitted_env_preserves_managed_service_behavior	16
tests/test_service_runtime.py::test_p6_reproduction_missing_jar_is_prepared_then_service_launches_and_probes	16
tests/test_service_runtime.py::test_preparation_runs_before_service_start_and_before_readiness_polling	16
tests/test_service_runtime.py::test_preparation_failure_prevents_service_launch	16
tests/test_service_runtime.py::test_artifact_still_missing_after_successful_build_fails_before_launch	16
tests/test_service_runtime.py::test_service_exited_before_ready_stays_reserved_for_an_actually_started_process	16
tests/test_service_runtime_oci.py::test_contained_managed_service_passes_real_readiness_and_probe	16
tests/test_service_runtime_oci.py::test_contained_managed_service_cannot_reach_outbound_network	16
tests/test_service_runtime_oci.py::test_contained_managed_service_not_reachable_via_any_published_host_port	16
tests/test_service_runtime_oci.py::test_contained_managed_service_leaves_no_surviving_container	16
tests/test_service_runtime_oci.py::test_contained_managed_service_start_failure_still_cleans_up	16
tests/test_shared_skills_dir_guard.py::test_is_accidental_shared_skills_write_flags_shared_dir_for_other_project	16
tests/test_shared_skills_dir_guard.py::test_is_accidental_shared_skills_write_allows_kriya_working_on_itself	16
tests/test_shared_skills_dir_guard.py::test_is_accidental_shared_skills_write_allows_project_local_dir	16
tests/test_shared_skills_dir_guard.py::test_analyze_warns_when_skills_dir_resolves_to_shared_install	16
tests/test_shared_skills_dir_guard.py::test_is_accidental_shared_skill_write_flags_a_skill_inside_the_shared_dir	16
tests/test_shared_skills_dir_guard.py::test_is_accidental_shared_skill_write_allows_kriya_working_on_itself	16
tests/test_shared_skills_dir_guard.py::test_is_accidental_shared_skill_write_allows_a_project_local_skill	16
tests/test_shared_skills_dir_guard.py::test_mark_verified_refuses_to_overwrite_a_shared_skill_from_an_unrelated_workspace	16
tests/test_shared_skills_dir_guard.py::test_mark_verified_still_works_for_the_kriya_install_workspace_itself	16
tests/test_shared_skills_dir_guard.py::test_mark_verified_unaffected_for_an_ordinary_project_local_skill	16
tests/test_shared_skills_dir_guard.py::test_skills_create_warns_when_skills_dir_resolves_to_shared_install	16
tests/test_skill_sources.py::test_plain_kriya_can_disable_implicit_skill_sources	16
tests/test_skill_sources.py::test_active_skill_manifest_is_stable_and_source_grounded	16
tests/test_skills.py::test_skill_staleness_warning_fires_on_version_drift	16
tests/test_skills.py::test_skill_staleness_warning_silent_on_matching_version	16
tests/test_skills.py::test_skill_staleness_warning_silent_when_never_verified	16
tests/test_skills.py::test_skill_staleness_warning_silent_when_verified_context_has_no_version	16
tests/test_skills.py::test_skill_staleness_warning_silent_for_a_different_library	16
tests/test_skills.py::test_skill_engine_prefers_explicit_supplied_dir_over_cwd_guess	16
tests/test_skills.py::test_skills_lifecycle	16
tests/test_skills.py::test_is_version_supported	16
tests/test_skills.py::test_is_version_supported_comma_separated_range_applies_both_bounds	16
tests/test_skills.py::test_parse_version_parts_preserves_the_numeric_component_a_qualifier_is_attached_to	16
tests/test_skills.py::test_skills_promote_single_rule	16
tests/test_skills.py::test_skills_promote_declined_confirmation_does_not_write	16
tests/test_skills.py::test_skills_promote_all_skips_already_present_rules	16
tests/test_skills.py::test_skills_promote_unknown_target_skill_fails	16
tests/test_skills.py::test_skills_promote_requires_rule_or_all	16
tests/test_skills.py::test_skills_promote_marks_target_skill_verified	16
tests/test_skills.py::test_skills_unverify_resets_verified_skill	16
tests/test_skills.py::test_skills_unverify_already_unverified_is_a_noop	16
tests/test_skills.py::test_skills_unverify_resets_stuck_gap_acknowledged_even_when_already_unverified	16
tests/test_skills.py::test_skills_unverify_unknown_skill_fails	16
tests/test_skills.py::test_skills_list_shows_verification_status	16
tests/test_skills.py::test_conflict_registry_round_trips_resolution	16
tests/test_skills.py::test_conflict_registry_lookup_is_order_independent	16
tests/test_skills.py::test_conflict_registry_overwrites_prior_resolution_for_same_pair	16
tests/test_skills.py::test_conflict_registry_distinct_rule_pairs_tracked_separately	16
tests/test_skills.py::test_rule_provenance_round_trips	16
tests/test_skills.py::test_rule_provenance_overwrites_record_for_same_text	16
tests/test_skills.py::test_mark_rules_verified_only_flips_existing_records	16
tests/test_skills.py::test_mark_rules_verified_noop_when_no_provenance_file	16
tests/test_skills.py::test_skills_show_displays_verification_provenance	16
tests/test_skills.py::test_skills_show_flags_unverified_rules_individually	16
tests/test_skills.py::test_fact_match_true_on_dependency_substring	16
tests/test_skills.py::test_fact_match_true_on_framework_substring	16
tests/test_skills.py::test_fact_match_false_when_no_tag_matches	16
tests/test_skills.py::test_fact_match_false_with_no_tags	16
tests/test_stack_drift.py::test_no_established_markers_never_fires	16
tests/test_stack_drift.py::test_new_marker_contradicting_an_established_python_project_fires	16
tests/test_stack_drift.py::test_new_marker_contradicting_an_established_java_project_fires_the_reverse_direction	16
tests/test_stack_drift.py::test_rewriting_the_same_established_marker_does_not_fire	16
tests/test_stack_drift.py::test_adding_ordinary_non_marker_files_to_an_established_project_does_not_fire	16
tests/test_stack_drift.py::test_a_second_file_in_the_same_established_ecosystem_does_not_fire	16
tests/test_stack_drift.py::test_npm_marker_contradicting_established_ruby_project_fires	16
tests/test_stack_drift.py::test_brand_new_first_milestone_workspace_never_fires_even_with_a_marker	16
tests/test_stack_drift.py::test_empty_all_files_written_never_fires	16
tests/test_stack_drift.py::test_nonexistent_worktree_path_never_fires	16
tests/test_stack_drift.py::test_goal_mismatch_fires_when_declared_family_contradicts_a_fresh_marker	16
tests/test_stack_drift.py::test_authoritative_django_stack_contract_is_scoped_to_changed_artifacts	16
tests/test_stack_drift.py::test_negation_aware_simple_positive_goal_still_resolves	16
tests/test_stack_drift.py::test_negation_aware_prohibition_clause_does_not_create_ambiguity	16
tests/test_stack_drift.py::test_negation_aware_full_prv17_goal_text_resolves	16
tests/test_stack_drift.py::test_negation_aware_prohibition_alone_does_not_infer_the_opposite_stack	16
tests/test_stack_drift.py::test_negation_aware_genuine_conflict_between_two_positive_requests_still_ambiguous	16
tests/test_stack_drift.py::test_negation_aware_prohibited_java_spring_candidate_still_fails_validation	16
tests/test_stack_drift.py::test_goal_mismatch_reverse_direction_also_fires	16
tests/test_stack_drift.py::test_goal_mismatch_does_not_fire_when_marker_matches_declared_family	16
tests/test_stack_drift.py::test_goal_mismatch_does_not_fire_with_no_marker_files_at_all	16
tests/test_stack_drift.py::test_goal_mismatch_does_not_fire_when_goal_names_no_family	16
tests/test_stack_drift.py::test_goal_mismatch_does_not_fire_on_an_intentionally_mixed_stack_goal	16
tests/test_stack_drift.py::test_goal_mismatch_bare_go_the_common_english_word_never_matches	16
tests/test_stack_drift.py::test_goal_mismatch_javascript_does_not_false_positive_as_java	16
tests/test_stack_drift.py::test_goal_mismatch_only_reports_the_first_violation_found	16
tests/test_state001_checkpoint_workspace_identity.py::test_scenario_a_same_head_clean_tree_stable_identity	16
tests/test_state001_checkpoint_workspace_identity.py::test_scenario_b_tracked_content_changed_rejected	16
tests/test_state001_checkpoint_workspace_identity.py::test_scenario_b_staged_tracked_modification_also_detected	16
tests/test_state001_checkpoint_workspace_identity.py::test_scenario_c_tracked_file_deleted_rejected	16
tests/test_state001_checkpoint_workspace_identity.py::test_scenario_d_tracked_file_renamed_rejected	16
tests/test_state001_checkpoint_workspace_identity.py::test_newly_restored_tracked_file_matches_original	16
tests/test_state001_checkpoint_workspace_identity.py::test_scenario_e_relevant_untracked_file_added_rejected	16
tests/test_state001_checkpoint_workspace_identity.py::test_scenario_f_untracked_content_changed_rejected	16
tests/test_state001_checkpoint_workspace_identity.py::test_untracked_file_presence_vs_absence_differs	16
tests/test_state001_checkpoint_workspace_identity.py::test_scenario_g_exact_dirty_workspace_restored_accepted	16
tests/test_state001_checkpoint_workspace_identity.py::test_scenario_h_staged_vs_unstaged_same_bytes_same_identity	16
tests/test_state001_checkpoint_workspace_identity.py::test_scenario_i_mtime_only_change_identity_unchanged	16
tests/test_state001_checkpoint_workspace_identity.py::test_scenario_j_ignored_build_output_does_not_affect_identity	16
tests/test_state001_checkpoint_workspace_identity.py::test_scenario_k_checkpoint_self_write_does_not_self_invalidate	16
tests/test_state001_checkpoint_workspace_identity.py::test_deterministic_ordering_independent_of_creation_order	16
tests/test_state001_checkpoint_workspace_identity.py::test_symlink_target_change_detected	16
tests/test_state001_checkpoint_workspace_identity.py::test_symlink_replaced_by_regular_file_detected	16
tests/test_state001_checkpoint_workspace_identity.py::test_untracked_file_collision_two_workspaces_same_head_different_content	16
tests/test_state001_checkpoint_workspace_identity.py::test_same_head_different_repos_identical_content_same_identity	16
tests/test_state001_checkpoint_workspace_identity.py::test_compute_error_fails_closed_not_a_git_repo	16
tests/test_state001_checkpoint_workspace_identity.py::test_compute_error_fails_closed_no_commits_yet	16
tests/test_state001_checkpoint_workspace_identity.py::test_scenario_m_legacy_checkpoint_without_content_hash_rejected	16
tests/test_state001_checkpoint_workspace_identity.py::test_scenario_l_corrupted_identity_rejected	16
tests/test_state001_checkpoint_workspace_identity.py::test_checkpoint_with_no_control_plane_fields_at_all_unaffected	16
tests/test_state001_checkpoint_workspace_identity.py::test_scenario_p_content_hash_computation_error_fails_closed	16
tests/test_state001_checkpoint_workspace_identity.py::test_dirty_content_drift_now_caught_end_to_end	16
tests/test_state001_checkpoint_workspace_identity.py::test_control_state_round_trips_workspace_content_hash	16
tests/test_state001_checkpoint_workspace_identity.py::test_control_state_default_is_none	16
tests/test_state001_checkpoint_workspace_identity.py::test_save_control_state_is_pure_never_silently_mutates_a_field	16
tests/test_state001_checkpoint_workspace_identity.py::test_persist_control_state_pattern_refreshes_content_hash_at_each_save	16
tests/test_state001_checkpoint_workspace_identity.py::test_run_structured_enforce_uses_persist_control_state_closure_everywhere	16
tests/test_state001_checkpoint_workspace_identity.py::test_workflow_py_resume_check_wired_to_content_hash	16
tests/test_state001_checkpoint_workspace_identity.py::test_workflow_controller_subtask_resume_wired_to_content_hash	16
tests/test_state001_checkpoint_workspace_identity.py::test_generate_and_fix_cli_share_the_same_resume_call_path	16
tests/test_state001_checkpoint_workspace_identity.py::test_no_second_resume_validation_function_introduced	16
tests/test_state_location.py::test_config_schema_no_longer_exposes_paths_logs	16
tests/test_state_location.py::test_a_config_file_naming_paths_logs_gets_an_actionable_typed_error	16
tests/test_state_location.py::test_the_cli_reports_the_removed_field_instead_of_reinterpreting_it	16
tests/test_state_location.py::test_programmatic_paths_logs_is_rejected_too	16
tests/test_state_location.py::test_no_production_code_references_removed_config_fields	16
tests/test_state_location.py::test_the_guard_patterns_catch_each_removed_form	16
tests/test_state_location.py::test_default_state_location_is_stable_across_cwds	16
tests/test_state_location.py::test_logging_directory_controls_only_logs_and_paths_state_only_traces	16
tests/test_state_location.py::test_environment_overrides_win_independently	16
tests/test_state_location.py::test_a_relative_state_directory_outside_config_loading_is_a_typed_error[state]	16
tests/test_state_location.py::test_a_relative_state_directory_outside_config_loading_is_a_typed_error[./state]	16
tests/test_state_location.py::test_a_relative_state_directory_outside_config_loading_is_a_typed_error[]	16
tests/test_state_location.py::test_a_relative_environment_state_directory_is_a_typed_error	16
tests/test_state_location.py::test_trace_writes_land_in_the_state_directory_not_the_cwd	16
tests/test_state_location.py::test_workspace_local_state_beneath_dot_kriya_is_valid[.kriya/state]	16
tests/test_state_location.py::test_workspace_local_state_beneath_dot_kriya_is_valid[./.kriya/state]	16
tests/test_state_location.py::test_workspace_local_state_beneath_dot_kriya_is_valid[.kriya/history/traces-dir]	16
tests/test_state_location.py::test_arbitrary_workspace_local_state_is_rejected[./state]	16
tests/test_state_location.py::test_arbitrary_workspace_local_state_is_rejected[./logs]	16
tests/test_state_location.py::test_arbitrary_workspace_local_state_is_rejected[state]	16
tests/test_state_location.py::test_arbitrary_workspace_local_state_is_rejected[.kriya]	16
tests/test_state_location.py::test_arbitrary_workspace_local_state_is_rejected[src/.kriya/state]	16
tests/test_state_location.py::test_external_state_needs_approval_and_then_works	16
tests/test_state_location.py::test_authority_reports_a_bad_state_directory_as_a_clean_error[args0]	16
tests/test_state_location.py::test_authority_reports_a_bad_state_directory_as_a_clean_error[args1]	16
tests/test_state_location.py::test_authority_reports_a_bad_state_directory_as_a_clean_error[args2]	16
tests/test_state_location.py::test_authority_approve_out_inside_the_workspace_is_a_clean_refusal	16
tests/test_state_location.py::test_authority_does_not_hide_a_coding_error[bug0]	16
tests/test_state_location.py::test_authority_does_not_hide_a_coding_error[bug1]	16
tests/test_state_location.py::test_a_null_state_directory_is_repository_safe	16
tests/test_state_location.py::test_historical_default_is_the_install_dir_logs_database	16
tests/test_state_location.py::test_only_the_historical_default_is_auto_detected	16
tests/test_state_location.py::test_explicit_legacy_path_migration_copies_and_keeps_the_source	16
tests/test_state_location.py::test_migration_refuses_when_the_destination_exists_and_never_merges	16
tests/test_state_location.py::test_a_bad_legacy_path_is_refused[relative/traces.db]	16
tests/test_state_location.py::test_a_bad_legacy_path_is_refused[/definitely/not/here/traces.db]	16
tests/test_state_location.py::test_migrate_legacy_cli_with_legacy_path	16
tests/test_state_location.py::test_read_only_traces_reports_the_historical_db_and_creates_nothing	16
tests/test_state_location.py::test_doctor_checks_state_independently_of_logs_and_creates_nothing	16
tests/test_state_location.py::test_doctor_warns_about_a_historical_trace_db	16
tests/test_state_location.py::test_doctor_fails_on_an_invalid_or_unwritable_state_directory	16
tests/test_static_checks.py::test_python_markdown_leak_check_ignores_strings_docstrings_and_comments	16
tests/test_static_checks.py::test_python_markdown_leak_check_rejects_prose_outside_valid_syntax	16
tests/test_static_checks.py::test_ignite_method_mixing_check_detects_direct_start_plus_spring_bean	16
tests/test_static_checks.py::test_ignite_method_mixing_check_clean_when_only_method_b_used	16
tests/test_static_checks.py::test_ignite_method_mixing_check_clean_when_no_xml_at_all	16
tests/test_static_checks.py::test_ignite_duplicate_spring_context_check_detects_live_incident_shape	16
tests/test_static_checks.py::test_ignite_duplicate_spring_context_check_accepts_one_shared_context	16
tests/test_static_checks.py::test_ignite_duplicate_spring_context_check_does_not_conflate_separate_programs	16
tests/test_static_checks.py::test_ignite_duplicate_spring_context_check_ignores_xml_comment_mentions	16
tests/test_static_checks.py::test_ignite_duplicate_spring_context_check_requires_resource_path_boundary	16
tests/test_static_checks.py::test_ignite_duplicate_spring_context_check_ignores_examples_in_comments_and_strings	16
tests/test_static_checks.py::test_ignite_unclosed_resource_check_detects_missing_close	16
tests/test_static_checks.py::test_ignite_unclosed_resource_check_clean_with_try_with_resources	16
tests/test_static_checks.py::test_ignite_unclosed_resource_check_clean_with_explicit_close	16
tests/test_static_checks.py::test_ignite_unclosed_resource_check_clean_when_ignition_start_never_called	16
tests/test_static_checks.py::test_run_static_checks_reads_files_from_worktree_and_reports_first_violation	16
tests/test_static_checks.py::test_run_static_checks_returns_none_when_nothing_violates	16
tests/test_static_checks.py::test_run_static_checks_skips_unreadable_files_gracefully	16
tests/test_static_checks.py::test_bare_verification_marker_check_detects_unquoted_standalone_marker	16
tests/test_static_checks.py::test_bare_verification_marker_check_detects_fail_variant	16
tests/test_static_checks.py::test_bare_verification_marker_check_clean_when_correctly_printed_python	16
tests/test_static_checks.py::test_bare_verification_marker_check_clean_when_correctly_printed_java	16
tests/test_static_checks.py::test_bare_verification_marker_check_clean_when_marker_never_mentioned	16
tests/test_static_checks.py::test_run_static_checks_reports_bare_verification_marker_violation	16
tests/test_static_checks.py::test_test_contradicts_verification_marker_check_detects_real_incident	16
tests/test_static_checks.py::test_test_contradicts_verification_marker_check_clean_when_test_expects_marker	16
tests/test_static_checks.py::test_test_contradicts_verification_marker_check_clean_when_invoked_script_has_no_marker	16
tests/test_static_checks.py::test_test_contradicts_verification_marker_check_clean_when_no_subprocess_call	16
tests/test_static_checks.py::test_test_contradicts_verification_marker_check_clean_when_invoked_script_not_written	16
tests/test_static_checks.py::test_test_contradicts_verification_marker_check_ignores_non_python_files	16
tests/test_static_checks.py::test_run_static_checks_reports_test_contradicts_verification_marker_violation	16
tests/test_static_checks.py::test_mismatched_file_type_content_check_detects_real_incident	16
tests/test_static_checks.py::test_mismatched_file_type_content_check_clean_for_real_html	16
tests/test_static_checks.py::test_mismatched_file_type_content_check_clean_for_minimal_html_fragment	16
tests/test_static_checks.py::test_mismatched_file_type_content_check_ignores_non_html_files	16
tests/test_static_checks.py::test_mismatched_file_type_content_check_covers_htm_extension_too	16
tests/test_static_checks.py::test_run_static_checks_reports_mismatched_file_type_content_violation	16
tests/test_static_checks.py::test_mismatched_file_type_content_check_not_fooled_by_bare_less_than_operator	16
tests/test_static_checks.py::test_a_syntax_error_elsewhere_never_blames_a_valid_docstring_backtick	16
tests/test_static_checks.py::test_a_backtick_on_the_line_python_rejects_is_still_a_leak_at_that_line	16
tests/test_strict_doubles.py::test_no_bare_mock_config_kernel_or_engine_in_tests	16
tests/test_strict_doubles.py::test_guard_flags_bare_doubles[kernel = MagicMock()]	16
tests/test_strict_doubles.py::test_guard_flags_bare_doubles[mock_kernel = MagicMock()]	16
tests/test_strict_doubles.py::test_guard_flags_bare_doubles[cfg = MagicMock()]	16
tests/test_strict_doubles.py::test_guard_flags_bare_doubles[app_config = mock.MagicMock()]	16
tests/test_strict_doubles.py::test_guard_flags_bare_doubles[we = MagicMock()]	16
tests/test_strict_doubles.py::test_guard_flags_bare_doubles[engine = AsyncMock()]	16
tests/test_strict_doubles.py::test_guard_flags_bare_doubles[self.kernel = MagicMock()]	16
tests/test_strict_doubles.py::test_guard_flags_bare_doubles[we.kernel = MagicMock()]	16
tests/test_strict_doubles.py::test_guard_flags_bare_doubles[obj.config = Mock()]	16
tests/test_strict_doubles.py::test_guard_flags_bare_doubles[execution_policy = MagicMock()]	16
tests/test_strict_doubles.py::test_guard_flags_bare_doubles[kernel: object = MagicMock()]	16
tests/test_strict_doubles.py::test_guard_flags_bare_doubles[def f():\n    we = MagicMock()\n    we.kernel = MagicMock()]	16
tests/test_strict_doubles.py::test_guard_allows_strict_or_unrelated_doubles[kernel = MagicMock(spec=Kernel)]	16
tests/test_strict_doubles.py::test_guard_allows_strict_or_unrelated_doubles[cfg = MagicMock(spec_set=AppConfig)]	16
tests/test_strict_doubles.py::test_guard_allows_strict_or_unrelated_doubles[kernel = strict_kernel()]	16
tests/test_strict_doubles.py::test_guard_allows_strict_or_unrelated_doubles[run_state = MagicMock()]	16
tests/test_strict_doubles.py::test_guard_allows_strict_or_unrelated_doubles[engineering_triage = MagicMock()]	16
tests/test_strict_doubles.py::test_guard_allows_strict_or_unrelated_doubles[config_path = MagicMock()]	16
tests/test_strict_doubles.py::test_guard_allows_strict_or_unrelated_doubles[we.run_verifier = MagicMock()]	16
tests/test_strict_doubles.py::test_guard_allows_strict_or_unrelated_doubles[shared_engine = MagicMock()]	16
tests/test_strict_doubles.py::test_guard_allows_strict_or_unrelated_doubles[def f():\n    we = MagicMock()\n    we.kernel = None]	16
tests/test_strict_doubles.py::test_guard_allows_strict_or_unrelated_doubles[def f():\n    engine = MagicMock()\n    engine.kernel = SimpleNamespace(config=cfg)]	16
tests/test_strict_doubles.py::test_guard_allows_strict_or_unrelated_doubles[def f():\n    we = MagicMock()\n    we.kernel = strict_kernel()]	16
tests/test_strict_doubles.py::test_strict_config_is_real_validated_and_rejects_unknown_fields	16
tests/test_strict_doubles.py::test_strict_config_paths_never_resolve_into_the_cwd	16
tests/test_strict_doubles.py::test_default_strict_configs_are_equal_within_a_test	16
tests/test_strict_doubles.py::test_strict_kernel_and_engine_carry_real_config_and_reject_unknown_attributes	16
tests/test_strict_doubles.py::test_a_pytest_session_leaves_no_default_config_root_behind	16
tests/test_subtask_checkpoint.py::test_subtask_checkpoint_to_dict_from_dict_round_trips	16
tests/test_subtask_checkpoint.py::test_record_subtask_checkpoint_does_not_mutate_input_dict	16
tests/test_subtask_checkpoint.py::test_record_subtask_checkpoint_overwrites_same_subtask_id	16
tests/test_subtask_checkpoint.py::test_load_subtask_checkpoints_empty_when_absent	16
tests/test_subtask_checkpoint.py::test_topological_order_respects_dependencies	16
tests/test_subtask_checkpoint.py::test_topological_order_is_deterministic_for_independent_subtasks	16
tests/test_subtask_checkpoint.py::test_resume_point_fresh_start_when_no_checkpoints_exist	16
tests/test_subtask_checkpoint.py::test_resume_point_plan_hash_mismatch_is_needs_review	16
tests/test_subtask_checkpoint.py::test_resume_point_resumes_at_next_incomplete_subtask	16
tests/test_subtask_checkpoint.py::test_resume_point_already_complete_when_every_subtask_done	16
tests/test_subtask_checkpoint.py::test_resume_point_needs_review_when_legacy_record_lacks_content_hash	16
tests/test_subtask_checkpoint.py::test_resume_point_needs_review_when_content_hash_drifted	16
tests/test_subtask_checkpoint.py::test_resume_point_tree_hash_mismatch_is_needs_review	16
tests/test_subtask_checkpoint.py::test_resume_point_stops_at_first_non_completed_subtask	16
tests/test_subtask_context_projection.py::test_direct_hit_file_is_kept	16
tests/test_subtask_context_projection.py::test_unrelated_file_is_omitted_with_a_real_reason	16
tests/test_subtask_context_projection.py::test_relational_source_type_naming_a_target_in_its_reason_is_kept	16
tests/test_subtask_context_projection.py::test_non_relational_source_type_naming_a_target_is_still_dropped	16
tests/test_subtask_context_projection.py::test_relational_source_type_naming_a_target_by_basename_is_kept	16
tests/test_subtask_context_projection.py::test_artifact_entry_with_no_path_fields_is_kept_fail_open	16
tests/test_subtask_context_projection.py::test_artifact_entry_with_overlapping_module_path_is_kept	16
tests/test_subtask_context_projection.py::test_artifact_entry_with_non_overlapping_module_path_is_dropped	16
tests/test_subtask_context_projection.py::test_project_for_subtask_never_mutates_the_original_package	16
tests/test_subtask_context_projection.py::test_conventions_and_spec_slice_are_always_preserved	16
tests/test_subtask_executor.py::test_tool_subtask_without_kernel_raises_value_error	16
tests/test_subtask_executor.py::test_model_subtask_without_developer_agent_raises_value_error	16
tests/test_subtask_executor.py::test_model_subtask_completes_and_returns_declared_files	16
tests/test_subtask_executor.py::test_model_subtask_flags_undeclared_files	16
tests/test_subtask_executor.py::test_model_subtask_developer_failure_yields_failed_status	16
tests/test_subtask_executor.py::test_model_subtask_passes_known_target_files_from_planned_files	16
tests/test_subtask_executor.py::test_tool_subtask_completes_with_tool_output	16
tests/test_subtask_executor.py::test_tool_subtask_unregistered_tool_yields_needs_review	16
tests/test_subtask_executor.py::test_tool_subtask_execution_error_yields_failed	16
tests/test_subtask_telemetry.py::test_record_plan_created_counts_execution_methods	16
tests/test_subtask_telemetry.py::test_record_subtask_attempt_captures_status_and_undeclared_count	16
tests/test_subtask_telemetry.py::test_record_subtask_attempt_tool_output_counts_as_one_file	16
tests/test_subtask_telemetry.py::test_record_undeclared_file_touch	16
tests/test_subtask_telemetry.py::test_record_context_package_for_subtask_reuses_shared_summary_fields	16
tests/test_subtask_telemetry.py::test_record_replan	16
tests/test_subtask_telemetry.py::test_record_subtask_resume	16
tests/test_test_obligation_preservation.py::test_positive_detects_redirected_new_test_artifact	16
tests/test_test_obligation_preservation.py::test_negative_no_redirect_is_not_an_obligation	16
tests/test_test_obligation_preservation.py::test_negative_non_test_file_redirect_is_not_an_obligation	16
tests/test_test_obligation_preservation.py::test_negative_planned_path_already_exists_is_not_an_obligation	16
tests/test_test_obligation_preservation.py::test_adversarial_mismatched_lengths_raises	16
tests/test_test_obligation_preservation.py::test_adversarial_multiple_redirects_all_tracked	16
tests/test_test_obligation_preservation.py::test_generic_across_non_python_test_naming	16
tests/test_test_obligation_preservation.py::test_positive_bare_no_change_needed_is_rejected	16
tests/test_test_obligation_preservation.py::test_negative_real_edit_discharges_the_obligation	16
tests/test_test_obligation_preservation.py::test_negative_real_full_content_discharges_the_obligation	16
tests/test_test_obligation_preservation.py::test_negative_already_written_in_an_earlier_attempt_is_not_re_rejected	16
tests/test_test_obligation_preservation.py::test_negative_file_not_in_obligations_is_unaffected	16
tests/test_test_obligation_preservation.py::test_negative_no_obligations_at_all_is_a_pure_noop	16
tests/test_test_obligation_preservation.py::test_adversarial_missing_filepath_key_does_not_crash	16
tests/test_test_obligation_preservation.py::test_adversarial_empty_string_content_still_counts_as_no_change	16
tests/test_test_obligation_preservation.py::test_adversarial_multiple_files_returns_first_violation_deterministically	16
tests/test_tool001_autonomous_tool_execution.py::test_execute_tool_subtask_calls_the_same_base_tool_execute_boundary	16
tests/test_tool001_autonomous_tool_execution.py::test_scenario_a_benign_deterministic_tool_executes_through_real_path	16
tests/test_tool001_autonomous_tool_execution.py::test_scenario_b_unknown_tool_fails_closed	16
tests/test_tool001_autonomous_tool_execution.py::test_registry_lookup_is_exact_match_never_fuzzy	16
tests/test_tool001_autonomous_tool_execution.py::test_malformed_arguments_fail_closed_via_validation_error	16
tests/test_tool001_autonomous_tool_execution.py::test_tool_arguments_pass_through_unmodified_no_extra_authority_inferred	16
tests/test_tool001_autonomous_tool_execution.py::test_scenario_c_policy_denial_zero_side_effect	16
tests/test_tool001_autonomous_tool_execution.py::test_policy_exception_fails_closed	16
tests/test_tool001_autonomous_tool_execution.py::test_scenario_d_mcp_unapproved_autonomous_subtask_denied_zero_calls	16
tests/test_tool001_autonomous_tool_execution.py::test_scenario_e_mcp_approved_autonomous_subtask_exactly_one_call	16
tests/test_tool001_autonomous_tool_execution.py::test_scenario_drift_schema_change_invalidates_approval_zero_calls	16
tests/test_tool001_autonomous_tool_execution.py::test_scenario_containment_required_backend_unavailable_no_call_no_fallback	16
tests/test_tool001_autonomous_tool_execution.py::test_scenario_f_mcp_approved_contained_malicious_action_hidden_effects_blocked	16
tests/test_tool001_autonomous_tool_execution.py::test_scenario_g_shelltool_ordinary_command_unaffected_when_uncontained	16
tests/test_tool001_autonomous_tool_execution.py::test_scenario_g_shelltool_maven_registry_scoped_when_contained	16
tests/test_tool001_autonomous_tool_execution.py::test_scenario_g_shelltool_unmapped_manager_denied_when_contained	16
tests/test_tool001_autonomous_tool_execution.py::test_scenario_g_real_pip_through_autonomous_path_authorized_vs_unauthorized	16
tests/test_tool001_autonomous_tool_execution.py::test_no_direct_mcp_call_tool_from_workflow_package	16
tests/test_tool001_autonomous_tool_execution.py::test_no_direct_subprocess_from_tool_subtask_orchestration	16
tests/test_tool001_autonomous_tool_execution.py::test_no_direct_shelltool_run_from_workflow_package	16
tests/test_tool001_autonomous_tool_execution.py::test_tool_subtask_unsupported_in_enforce_reason_code_no_longer_exists	16
tests/test_tool001_autonomous_tool_execution.py::test_exactly_one_tool_execute_call_site_in_subtask_executor	16
tests/test_tool001_autonomous_tool_execution.py::test_enforce_loop_dispatches_tool_subtasks_only_through_subtask_executor	16
tests/test_tool001_autonomous_tool_execution.py::test_scenario_h_tool_failure_at_most_one_call_no_retry_widening	16
tests/test_tool001_autonomous_tool_execution.py::test_no_retry_loop_exists_around_tool_dispatch_structurally	16
tests/test_tool001_autonomous_tool_execution.py::test_dash_y_cannot_reach_or_manufacture_mcp_approval	16
tests/test_tool001_autonomous_tool_execution.py::test_subtask_result_carries_required_evidence_fields	16
tests/test_tool001_autonomous_tool_execution.py::test_reason_codes_captured_from_policy_denied_error_cause	16
tests/test_tool001_autonomous_tool_execution.py::test_resume_excludes_completed_tool_subtasks_keeps_model_subtasks	16
tests/test_tool001_autonomous_tool_execution.py::test_resume_exclusion_is_a_noop_when_no_tool_subtask_was_completed	16
tests/test_tool001_autonomous_tool_execution.py::test_resume_exclusion_leaves_non_completed_tool_entries_untouched	16
tests/test_tool001_autonomous_tool_execution.py::test_resumed_tool_subtask_revalidates_mcp_approval_fresh_after_revocation	16
tests/test_tool001_autonomous_tool_execution.py::test_scenario_i_tool_says_pass_cannot_override_other_subtask_failure	16
tests/test_tool001_autonomous_tool_execution.py::test_all_completed_true_only_when_every_subtask_status_is_completed	16
tests/test_tool001_autonomous_tool_execution.py::test_all_subtasks_completed_never_inspects_tool_output_content	16
tests/test_tool001_autonomous_tool_execution.py::test_tool_subtask_resolves_by_real_registry_object_never_parses_flattened_name	16
tests/test_tool001_autonomous_tool_execution.py::test_scenario_collision_two_servers_same_flattened_name_bind_correct_identity	16
tests/test_tool001_autonomous_tool_execution.py::test_approval_for_different_server_does_not_transfer_via_flattened_name	16
tests/test_tool002_mcp_invocation_authority.py::test_action_type_recognized	16
tests/test_tool002_mcp_invocation_authority.py::test_mcp_stage_participates_in_policy_pipeline	16
tests/test_tool002_mcp_invocation_authority.py::test_deny_on_missing_identity	16
tests/test_tool002_mcp_invocation_authority.py::test_require_approval_for_unapproved_identity	16
tests/test_tool002_mcp_invocation_authority.py::test_allow_for_pre_approved_identity	16
tests/test_tool002_mcp_invocation_authority.py::test_never_bare_allow_for_unknown_identity	16
tests/test_tool002_mcp_invocation_authority.py::test_mcp_enforcement_occurs_in_audit_global_mode	16
tests/test_tool002_mcp_invocation_authority.py::test_mcp_enforcement_occurs_in_enforce_global_mode	16
tests/test_tool002_mcp_invocation_authority.py::test_policy_exception_means_zero_tools_call	16
tests/test_tool002_mcp_invocation_authority.py::test_description_cannot_change_identity_or_decision	16
tests/test_tool002_mcp_invocation_authority.py::test_description_text_never_read_by_stage	16
tests/test_tool002_mcp_invocation_authority.py::test_argument_values_and_names_cannot_grant_capability	16
tests/test_tool002_mcp_invocation_authority.py::test_schema_digest_stable_for_key_order_and_description_variation	16
tests/test_tool002_mcp_invocation_authority.py::test_schema_change_changes_identity	16
tests/test_tool002_mcp_invocation_authority.py::test_tool_name_change_changes_identity	16
tests/test_tool002_mcp_invocation_authority.py::test_server_change_changes_identity	16
tests/test_tool002_mcp_invocation_authority.py::test_mcptool_identity_bound_at_construction_matches_dispatch_target	16
tests/test_tool002_mcp_invocation_authority.py::test_flattened_collision_cannot_transfer_authority	16
tests/test_tool002_mcp_invocation_authority.py::test_sec009_style_config_authorization_does_not_authorize_invocation	16
tests/test_tool002_mcp_invocation_authority.py::test_yes_flag_has_no_bearing_on_mcp_authorization	16
tests/test_tool002_mcp_invocation_authority.py::test_cli_shaped_route_is_gated	16
tests/test_tool002_mcp_invocation_authority.py::test_subtask_shaped_route_is_gated	16
tests/test_tool002_mcp_invocation_authority.py::test_no_production_direct_call_tool_bypass	16
tests/test_tool002_mcp_invocation_authority.py::test_real_process_deny_zero_tools_call	16
tests/test_tool002_mcp_invocation_authority.py::test_real_process_allow_exactly_one_tools_call	16
tests/test_tool002_mcp_invocation_authority.py::test_real_process_malicious_metadata_deny_prevents_side_effect	16
tests/test_tool002_mcp_invocation_authority.py::test_real_process_malicious_metadata_allow_permits_side_effect_expected_until_tool003	16
tests/test_tool002_p2_invocation_approval.py::test_binding_digest_deterministic_and_order_independent	16
tests/test_tool002_p2_invocation_approval.py::test_equivalent_identity_produces_identical_binding_and_stays_approved	16
tests/test_tool002_p2_invocation_approval.py::test_save_then_load_preserves_exact_record_fields	16
tests/test_tool002_p2_invocation_approval.py::test_atomic_write_uses_tmp_file_and_replace	16
tests/test_tool002_p2_invocation_approval.py::test_workspace_drift_denies	16
tests/test_tool002_p2_invocation_approval.py::test_store_path_outside_workspace_enforced	16
tests/test_tool002_p2_invocation_approval.py::test_default_local_approval_path_resolves_outside_workspace	16
tests/test_tool002_p2_invocation_approval.py::test_server_drift_denies	16
tests/test_tool002_p2_invocation_approval.py::test_tool_name_drift_denies	16
tests/test_tool002_p2_invocation_approval.py::test_schema_digest_drift_denies	16
tests/test_tool002_p2_invocation_approval.py::test_capability_profile_digest_drift_denies	16
tests/test_tool002_p2_invocation_approval.py::test_description_only_schema_change_does_not_drift_binding	16
tests/test_tool002_p2_invocation_approval.py::test_corrupt_artifact_fails_closed	16
tests/test_tool002_p2_invocation_approval.py::test_unknown_schema_version_fails_closed	16
tests/test_tool002_p2_invocation_approval.py::test_missing_artifact_returns_none	16
tests/test_tool002_p2_invocation_approval.py::test_revoked_approval_denies	16
tests/test_tool002_p2_invocation_approval.py::test_revocation_matches_even_after_capability_profile_drift	16
tests/test_tool002_p2_invocation_approval.py::test_flattened_name_collision_cannot_transfer_approval	16
tests/test_tool002_p2_invocation_approval.py::test_resolver_reads_fresh_every_call_no_caching	16
tests/test_tool002_p2_invocation_approval.py::test_resolver_denies_when_capability_identity_missing	16
tests/test_tool002_p2_invocation_approval.py::test_resolver_corrupt_store_raises_not_swallowed_as_true	16
tests/test_tool002_p2_invocation_approval.py::test_no_resolver_no_static_set_requires_approval	16
tests/test_tool002_p2_invocation_approval.py::test_static_set_still_takes_precedence_over_resolver	16
tests/test_tool002_p2_invocation_approval.py::test_resolver_allow_produces_durable_reason_code	16
tests/test_tool002_p2_invocation_approval.py::test_resolver_deny_falls_through_to_require_approval	16
tests/test_tool002_p2_invocation_approval.py::test_resolver_receives_typed_capability_identity_never_raw_metadata_junk	16
tests/test_tool002_p2_invocation_approval.py::test_resolver_exception_propagates_uncaught_required_test_23	16
tests/test_tool002_p2_invocation_approval.py::test_sec009_approval_cannot_substitute_for_mcp_invocation_approval	16
tests/test_tool002_p2_invocation_approval.py::test_capability_authorization_cannot_substitute_for_invocation_approval	16
tests/test_tool002_p2_invocation_approval.py::test_telemetry_records_full_binding_for_durable_allow	16
tests/test_tool002_p2_invocation_approval.py::test_telemetry_records_containment_evidence_fields	16
tests/test_tool002_p2_invocation_approval.py::test_telemetry_host_mode_explicitly_non_contained	16
tests/test_tool002_p2_invocation_approval.py::test_telemetry_never_carries_raw_metadata_dump	16
tests/test_tool002_p2_invocation_approval.py::test_no_production_module_populates_static_approved_set_nonempty	16
tests/test_tool002_p2_real_cli.py::test_real_cli_full_lifecycle_a_through_f	16
tests/test_tool002_p2_real_cli.py::test_real_cli_revoke_then_deny_does_not_require_restart	16
tests/test_tool002_p2_real_cli.py::test_real_cli_capability_profile_drift_invalidates_approval	16
tests/test_tool002_p2_real_cli.py::test_real_cli_host_mode_explicitly_labeled_non_contained	16
tests/test_tool002_p2_real_cli.py::test_real_contained_durably_approved_malicious_tool_still_capability_constrained	16
tests/test_tool002_tool003_combined_closure.py::test_unapproved_containment_enabled_starts_contained_blocks_startup_attack_denies_invocation	16
tests/test_tool002_tool003_combined_closure.py::test_capability_profile_authorized_only_denies_invocation_real_stack	16
tests/test_tool002_tool003_combined_closure.py::test_corrupted_approval_store_fails_closed_under_real_containment	16
tests/test_tool002_tool003_combined_closure.py::test_genuinely_unhandled_resolver_exception_fails_closed_under_real_containment	16
tests/test_tool002_tool003_combined_closure.py::test_telemetry_deny_case_still_carries_full_identity_binding	16
tests/test_tool002_tool003_combined_closure.py::test_revocation_gap_approval_persists_cannot_be_exercised_reactivates_if_identical	16
tests/test_tool002_tool003_combined_closure.py::test_mcp_approve_revoke_cli_commands_accept_no_path_override	16
tests/test_tool003_mcp_capability_authority.py::test_1_default_profile_resolves_deterministically	16
tests/test_tool003_mcp_capability_authority.py::test_2_canonical_equivalent_profiles_produce_same_identity	16
tests/test_tool003_mcp_capability_authority.py::test_3_materially_different_authority_produces_different_identity	16
tests/test_tool003_mcp_capability_authority.py::test_4_server_a_b_profiles_remain_isolated	16
tests/test_tool003_mcp_capability_authority.py::test_5_tool_metadata_cannot_alter_profile	16
tests/test_tool003_mcp_capability_authority.py::test_6_arguments_cannot_alter_profile	16
tests/test_tool003_mcp_capability_authority.py::test_no_capability_profile_derived_from_tool_meta_or_args_in_source	16
tests/test_tool003_mcp_capability_authority.py::test_7_workspace_read_representation_accepted	16
tests/test_tool003_mcp_capability_authority.py::test_8_workspace_write_widening_classified_security_sensitive	16
tests/test_tool003_mcp_capability_authority.py::test_9_relative_path_normalized	16
tests/test_tool003_mcp_capability_authority.py::test_10_dotdot_escape_denied	16
tests/test_tool003_mcp_capability_authority.py::test_11_symlink_escape_denied	16
tests/test_tool003_mcp_capability_authority.py::test_12_outside_host_path_requires_explicit_absolute_and_authorization	16
tests/test_tool003_mcp_capability_authority.py::test_13_profile_drift_invalidates_sec009_trust	16
tests/test_tool003_mcp_capability_authority.py::test_14_default_is_not_unrestricted	16
tests/test_tool003_mcp_capability_authority.py::test_15_network_widening_classified_security_authority	16
tests/test_tool003_mcp_capability_authority.py::test_16_unauthorized_repo_network_widening_denied	16
tests/test_tool003_mcp_capability_authority.py::test_17_approved_network_authority_accepted	16
tests/test_tool003_mcp_capability_authority.py::test_18_invalid_unsupported_network_profile_denied	16
tests/test_tool003_mcp_capability_authority.py::test_19_only_actually_enforceable_process_capability_is_represented	16
tests/test_tool003_mcp_capability_authority.py::test_19b_no_decorative_process_config_field_exists	16
tests/test_tool003_mcp_capability_authority.py::test_20_native_lifecycle_controls_not_mislabeled_as_process_restriction	16
tests/test_tool003_mcp_capability_authority.py::test_21_repo_safe_field_cannot_accidentally_widen_capability	16
tests/test_tool003_mcp_capability_authority.py::test_22_all_widening_fields_are_security_authority_fields	16
tests/test_tool003_mcp_capability_authority.py::test_23_exact_approval_works	16
tests/test_tool003_mcp_capability_authority.py::test_24_drift_fails	16
tests/test_tool003_mcp_capability_authority.py::test_25_future_unrecognized_capability_field_fails_closed	16
tests/test_tool003_mcp_capability_authority.py::test_26_capability_approval_does_not_authorize_tools_call	16
tests/test_tool003_mcp_capability_authority.py::test_27_invocation_approval_does_not_widen_capability	16
tests/test_tool003_mcp_capability_authority.py::test_28_profile_identity_appears_in_policy_audit_context	16
tests/test_tool003_mcp_capability_authority.py::test_29_flattened_tool_identity_remains_non_authoritative	16
tests/test_tool003_mcp_capability_authority.py::test_no_capability_config_references_invocation_approval_set	16
tests/test_tool003_mcp_capability_authority.py::test_capability_profile_bound_before_process_start	16
tests/test_tool003_mcp_capability_authority.py::test_capability_profile_bound_before_tool_construction_uses_it	16
tests/test_tool003_mcp_capability_authority.py::test_real_config_unauthorized_widening_denied_before_mcp_start	16
tests/test_tool003_mcp_capability_authority.py::test_real_config_approved_profile_resolves_to_intended_effective_profile	16
tests/test_tool003_p2_deterministic.py::test_default_profile_maps_to_no_mounts_denied_network	16
tests/test_tool003_p2_deterministic.py::test_workspace_read_only_maps_to_ro_mount	16
tests/test_tool003_p2_deterministic.py::test_workspace_write_maps_to_rw_mount_and_real_uid	16
tests/test_tool003_p2_deterministic.py::test_no_write_authority_maps_to_fixed_nobody_identity	16
tests/test_tool003_p2_deterministic.py::test_additional_paths_map_to_mountspecs_with_deterministic_container_paths	16
tests/test_tool003_p2_deterministic.py::test_explicit_destinations_raises_unsupported	16
tests/test_tool003_p2_deterministic.py::test_unrestricted_maps_to_unrestricted_network_only	16
tests/test_tool003_p2_deterministic.py::test_resolved_env_carried_through_verbatim	16
tests/test_tool003_p2_deterministic.py::test_authority_label_is_the_profile_digest	16
tests/test_tool003_p2_deterministic.py::test_no_write_targets_resolve_identity_does_not_touch_filesystem	16
tests/test_tool003_p2_deterministic.py::test_write_target_ownership_mismatch_fails_closed	16
tests/test_tool003_p2_deterministic.py::test_resolve_containment_backend_none_and_oci_recognized	16
tests/test_tool003_p2_deterministic.py::test_resolve_containment_backend_unknown_fails_closed	16
tests/test_tool003_p2_deterministic.py::test_null_backend_refuses_non_unrestricted_untrusted_profile	16
tests/test_tool003_p2_deterministic.py::test_client_binds_containment_required_and_profile_before_start	16
tests/test_tool003_p2_deterministic.py::test_client_default_containment_required_false_preserves_host_mode	16
tests/test_tool003_p2_deterministic.py::test_mcp_contained_execution_required_is_security_authority	16
tests/test_tool003_p2_deterministic.py::test_container_cleanup_timeout_is_security_authority	16
tests/test_tool003_p2_deterministic.py::test_repo_cannot_enable_mcp_contained_execution_required	16
tests/test_tool003_p2_deterministic.py::test_repo_cannot_disable_mcp_contained_execution_required_either	16
tests/test_tool003_p2_deterministic.py::test_containment_cleanup_invoked_on_close	16
tests/test_tool003_p2_deterministic.py::test_containment_cleanup_timeout_does_not_raise	16
tests/test_tool003_p2_oci_enforcement.py::test_1_default_profile_starts_contained	16
tests/test_tool003_p2_oci_enforcement.py::test_2_3_hostile_startup_outside_write_and_host_local_connect_blocked	16
tests/test_tool003_p2_oci_enforcement.py::test_4_5_allowed_malicious_tool_hidden_write_and_network_blocked	16
tests/test_tool003_p2_oci_enforcement.py::test_6_7_workspace_ro_read_succeeds_write_fails	16
tests/test_tool003_p2_oci_enforcement.py::test_8_workspace_rw_write_succeeds	16
tests/test_tool003_p2_oci_enforcement.py::test_9_10_extra_ro_write_fails_extra_rw_write_succeeds	16
tests/test_tool003_p2_oci_enforcement.py::test_11_undeclared_host_path_inaccessible	16
tests/test_tool003_p2_oci_enforcement.py::test_12_symlink_inside_workspace_cannot_reach_real_host_target	16
tests/test_tool003_p2_oci_enforcement.py::test_13_synthetic_credential_sentinel_inaccessible	16
tests/test_tool003_p2_oci_enforcement.py::test_14_15_explicit_destinations_fails_closed_never_substitutes	16
tests/test_tool003_p2_oci_enforcement.py::test_unrestricted_network_still_preserves_filesystem_containment	16
tests/test_tool003_p2_oci_enforcement.py::test_16_child_process_inherits_containment_restrictions	16
tests/test_tool003_p2_oci_enforcement.py::test_17_18_ambient_secret_absent_explicit_env_present	16
tests/test_tool003_p2_oci_enforcement.py::test_19_backend_unavailable_fails_closed_no_raw_host_fallback	16
tests/test_tool003_p2_oci_enforcement.py::test_19b_unknown_backend_name_fails_closed	16
tests/test_tool003_p2_oci_enforcement.py::test_20_startup_failure_leaves_zero_containers	16
tests/test_tool003_p2_oci_enforcement.py::test_21_normal_shutdown_leaves_zero_containers	16
tests/test_tool003_p2_oci_enforcement.py::test_22_forced_shutdown_via_startup_timeout_leaves_zero_containers	16
tests/test_tool003_p2_oci_enforcement.py::test_23_hostile_grandchild_leaves_zero_residue	16
tests/test_tools.py::test_filesystem_tool	16
tests/test_tools.py::test_filesystem_tool_errors	16
tests/test_tools.py::test_shell_tool	16
tests/test_tools.py::test_shell_tool_requires_confirmation	16
tests/test_tools.py::test_other_tools_do_not_require_confirmation	16
tests/test_tools.py::test_shell_tool_env_is_restricted_by_default	16
tests/test_tools.py::test_shell_tool_sudo_is_denied_before_execution	16
tests/test_tools.py::test_shell_tool_ordinary_command_unaffected_by_policy_check	16
tests/test_tools.py::test_shell_tool_unparseable_command_does_not_block_execution	16
tests/test_tools.py::test_shell_tool_env_full_when_sandbox_disabled	16
tests/test_tools.py::test_shell_tool_has_a_timeout	16
tests/test_tools.py::test_shell_tool_timeout_leaves_no_surviving_process	16
tests/test_tools.py::test_shell_tool_preserves_shell_metacharacter_semantics	16
tests/test_tools.py::test_git_tool	16
tests/test_tools.py::test_git_tool_read_only_command_remains_executable_under_enforce	16
tests/test_tools.py::test_git_tool_commit_allow_executes_under_audit_default	16
tests/test_tools.py::test_git_tool_commit_require_approval_fails_closed_under_enforce	16
tests/test_tools.py::test_git_tool_commit_deny_never_starts_subprocess	16
tests/test_tools.py::test_git_tool_commit_audit_mode_evaluates_but_never_blocks	16
tests/test_tools.py::test_shell_tool_shell_wrapper_require_approval_fails_closed_under_enforce	16
tests/test_tools.py::test_shell_tool_shell_wrapper_still_allowed_under_audit_default	16
tests/test_tools.py::test_shell_tool_sudo_still_denied_under_enforce_mode_too	16
tests/test_tools.py::test_shell_tool_wrapper_audit_vs_enforce_differential_through_load_config	16
tests/test_tools.py::test_git_tool_commit_audit_vs_enforce_differential_through_load_config	16
tests/test_tools_command.py::test_tools_list_shows_working_plugin_despite_broken_sibling	16
tests/test_tools_command.py::test_tools_execute_works_despite_unrelated_broken_plugin	16
tests/test_tools_command.py::test_tools_list_stops_kernel_even_when_listing_raises	16
tests/test_tools_command.py::test_tools_execute_stops_kernel_even_on_invalid_json_args	16
tests/test_traces_command.py::test_traces_uses_shared_wal_connection_helper	16
tests/test_traces_command.py::test_traces_default_limit_truncates_and_shows_footer	16
tests/test_traces_command.py::test_traces_all_flag_shows_every_row_with_no_footer	16
tests/test_traces_command.py::test_traces_custom_limit_option	16
tests/test_traces_command.py::test_traces_shows_kind_column_from_failure_report	16
tests/test_traces_command.py::test_traces_kind_column_blank_for_rows_predating_failure_report	16
tests/test_traces_command.py::test_traces_shows_failure_category_column	16
tests/test_triage.py::test_risk_class_low_when_nothing_fires	16
tests/test_triage.py::test_risk_class_high_on_security_boundary_alone	16
tests/test_triage.py::test_risk_class_high_on_build_system_alone	16
tests/test_triage.py::test_risk_class_medium_on_persistence_change_with_no_downstream_references	16
tests/test_triage.py::test_risk_class_high_on_persistence_change_with_downstream_references	16
tests/test_triage.py::test_risk_class_medium_on_five_or_more_files_touched	16
tests/test_triage.py::test_task_low_is_light	16
tests/test_triage.py::test_task_medium_is_standard	16
tests/test_triage.py::test_high_task_becomes_heavy	16
tests/test_triage.py::test_enhancement_high_is_heavy	16
tests/test_triage.py::test_refactor_high_is_heavy	16
tests/test_triage.py::test_milestone_low_is_standard_never_light	16
tests/test_triage.py::test_risk_can_escalate_low_to_high	16
tests/test_triage.py::test_risk_never_downgrades	16
tests/test_triage.py::test_weight_recomputed_after_escalation	16
tests/test_triage.py::test_current_risk_can_change_but_max_remains_high	16
tests/test_triage.py::test_escalate_risk_module_function_delegates_to_the_same_invariant	16
tests/test_triage.py::test_reason_codes_accumulate_across_recomputations_not_overwritten	16
tests/test_triage.py::test_recompute_from_files_escalates_on_planned_pom_xml	16
tests/test_triage.py::test_recompute_from_files_detects_security_and_persistence_filenames	16
tests/test_triage.py::test_recompute_from_files_never_downgrades_max_observed_risk	16
tests/test_triage.py::test_recompute_from_files_preserves_public_contract_change_with_no_fresh_text	16
tests/test_triage.py::test_recompute_from_files_to_dict_shows_full_escalation_shape	16
tests/test_triage.py::test_to_dict_not_escalated_when_max_was_already_at_its_ceiling	16
tests/test_triage.py::test_existing_system_additive_behavior_routes_as_enhancement	16
tests/test_triage.py::test_contained_bug_fix_with_acceptance_bullets_remains_one_task	16
tests/test_triage.py::test_to_dict_escalation_stage_none_when_never_recomputed	16
tests/test_triage.py::test_to_dict_falls_back_when_initial_fields_unset	16
tests/test_triage.py::test_recompute_from_files_no_kernel_degrades_honestly_no_crash	16
tests/test_triage.py::test_repro_shape_does_not_fire_on_regression_tests_boilerplate	16
tests/test_triage.py::test_repro_shape_still_fires_on_a_real_regression_bug	16
tests/test_triage.py::test_migration_goal_with_regression_tests_boilerplate_is_not_masked_by_repro_shape	16
tests/test_val001_g1_remediation.py::TestD1CompletenessGatedOperation::test_full_exact_current_file_authorizes_whole_file	16
tests/test_val001_g1_remediation.py::TestD1CompletenessGatedOperation::test_skeleton_context_prohibits_whole_file	16
tests/test_val001_g1_remediation.py::TestD1CompletenessGatedOperation::test_signatures_only_prohibits_whole_file	16
tests/test_val001_g1_remediation.py::TestD1CompletenessGatedOperation::test_member_exact_authorizes_anchored_mutation_only	16
tests/test_val001_g1_remediation.py::TestD1CompletenessGatedOperation::test_member_exact_mutation_outside_member_is_rejected_by_anchoring	16
tests/test_val001_g1_remediation.py::TestD1CompletenessGatedOperation::test_partial_explicit_omission_prohibits_whole_file	16
tests/test_val001_g1_remediation.py::TestD1CompletenessGatedOperation::test_stale_revision_prohibits_whole_file	16
tests/test_val001_g1_remediation.py::TestD1CompletenessGatedOperation::test_new_file_creation_unaffected	16
tests/test_val001_g1_remediation.py::TestD1CompletenessGatedOperation::test_no_state_defaults_safe	16
tests/test_val001_g1_remediation.py::TestD1CompletenessGatedOperation::test_g1_structural_shape_cannot_reconstruct_large_file_from_skeleton	16
tests/test_val001_g1_remediation.py::TestD1OperationMapIntegration::test_operation_map_downgrades_existing_file_without_exact_context	16
tests/test_val001_g1_remediation.py::TestD1OperationMapIntegration::test_operation_map_permits_full_file_with_exact_context	16
tests/test_val001_g1_remediation.py::TestD1FallbackClosure::test_mandatory_patch_full_file_fallback_is_rejected	16
tests/test_val001_g1_remediation.py::TestD2RecoveryPreservation::test_restore_public_contract_stays_full_file	16
tests/test_val001_g1_remediation.py::TestD2RecoveryPreservation::test_repair_behavior_uses_anchored_patch	16
tests/test_val001_g1_remediation.py::TestD2RecoveryPreservation::test_no_unconditional_full_file_recovery_reconstruction	16
tests/test_val001_g1_remediation.py::TestD2RecoveryPreservation::test_state_machine_transitions_unaffected	16
tests/test_val001_g1_remediation.py::TestD2G1Replay::test_repair_behavior_full_file_fallback_rejected_by_completeness_gate	16
tests/test_val001_g1_remediation.py::TestD3PublicApiScope::test_module_level_public_function	16
tests/test_val001_g1_remediation.py::TestD3PublicApiScope::test_underscore_private_function_excluded	16
tests/test_val001_g1_remediation.py::TestD3PublicApiScope::test_class_public_method_qualifies	16
tests/test_val001_g1_remediation.py::TestD3PublicApiScope::test_nested_public_looking_closure_excluded	16
tests/test_val001_g1_remediation.py::TestD3PublicApiScope::test_nested_private_closure_excluded	16
tests/test_val001_g1_remediation.py::TestD3PublicApiScope::test_duplicate_nested_names_across_functions_never_collide_with_module_level	16
tests/test_val001_g1_remediation.py::TestD3PublicApiScope::test_unrelated_indentation_forms	16
tests/test_val001_g1_remediation.py::TestD3PublicApiScope::test_g1_like_bind_visit_walk_structure_creates_no_public_api_obligation	16
tests/test_val001_g1_remediation.py::TestD3FindBrownfieldPublicApiChanges::test_genuine_reachable_consumer_still_detected	16
tests/test_val001_g1_remediation.py::TestD3FindBrownfieldPublicApiChanges::test_g1_nested_closures_produce_zero_violations	16
tests/test_val001_g1_remediation.py::TestD1MetaRegression::test_d1_operates_from_context_supplied_to_current_developer_call	16
tests/test_val001_g1_remediation.py::TestD1MetaRegression::test_stale_attempt_n_context_cannot_authorize_attempt_n_plus_1	16
tests/test_val001_g1_remediation.py::TestD1MetaRegression::test_full_set_retry_with_exact_reference_content_remains_functional	16
tests/test_val001_g1_remediation.py::TestD1MetaRegression::test_targeted_retry_with_exact_member_context_remains_functional	16
tests/test_val001_g1_remediation.py::TestD1MetaRegression::test_retry_with_skeleton_only_context_remains_fail_closed	16
tests/test_val001_g1_remediation.py::TestD1MetaRegression::test_self_correction_never_reaches_full_file_gate_by_construction	16
tests/test_val001_g1_remediation.py::TestD1MetaRegression::test_live_lookup_only_augments_error_text_not_content_supply	16
tests/test_val001_g1_remediation.py::TestD1MetaRegression::test_record_all_files_written_matches_missing_files_prompt_builder_exactly	16
tests/test_val001_g1_remediation.py::TestD1MetaRegression::test_mandatory_patch_fallback_rejected_across_two_retries	16
tests/test_val001_g1_remediation.py::TestC3RetryEscalationTrigger::test_unique_grounded_evidence_produces_hint_on_second_anchor_failure	16
tests/test_val001_g1_remediation.py::TestC3RetryEscalationTrigger::test_no_prior_anchor_failure_does_not_trigger	16
tests/test_val001_g1_remediation.py::TestC3RetryEscalationTrigger::test_no_omitted_source_does_not_trigger	16
tests/test_val001_g1_remediation.py::TestC3RetryEscalationTrigger::test_full_file_rejection_with_no_search_evidence_does_not_trigger	16
tests/test_val001_g1_remediation.py::TestC3RetryEscalationTrigger::test_target_not_authorized_does_not_widen_scope	16
tests/test_val001_g1_remediation.py::TestC3RetryEscalationTrigger::test_line_grounded_source_2_hint_is_not_overridden_by_source_3	16
tests/test_val001_g1_remediation.py::TestC3RetryEscalationTrigger::test_hallucinated_search_text_fails_closed_no_escalation	16
tests/test_val001_g1_remediation.py::TestC3ContextPromotion::test_grounded_hint_promotes_to_member_exact_with_current_content	16
tests/test_val001_g1_remediation.py::TestC3ContextPromotion::test_member_exact_promotion_fits_within_a_realistically_tight_budget	16
tests/test_val001_g1_remediation.py::TestC3ContextPromotion::test_member_too_large_for_budget_omits_rather_than_exceeding_it	16
tests/test_val001_g1_remediation.py::TestC3D1Unchanged::test_stale_revision_member_exact_item_still_rejected_by_d1	16
tests/test_val001_g1_remediation.py::TestC3D1Unchanged::test_repeated_anchor_failures_never_authorize_full_file_mutation	16
tests/test_val001_g1_remediation.py::TestC3StructuredObservability::test_grounded_evaluation_is_observable	16
tests/test_val001_g1_remediation.py::TestC3StructuredObservability::test_ambiguous_evaluation_is_observably_rejected	16
tests/test_val001_g1_remediation.py::TestC3StructuredObservability::test_no_grounding_evaluation_is_observably_rejected	16
tests/test_val001_g1_remediation.py::TestC3StructuredObservability::test_no_trigger_produces_no_search_evidence_event	16
tests/test_val001_g1r3_retry_context.py::TestTargetReachability::test_build_retry_package_itself_is_unchanged_and_generic	16
tests/test_val001_g1r3_retry_context.py::TestTargetReachability::test_A_unwritten_preexisting_target_is_projected	16
tests/test_val001_g1r3_retry_context.py::TestTargetReachability::test_B_already_written_target_behavior_unchanged	16
tests/test_val001_g1r3_retry_context.py::TestTargetReachability::test_C_established_file_behavior_unchanged	16
tests/test_val001_g1r3_retry_context.py::TestTargetReachability::test_D_excluded_path_remains_excluded	16
tests/test_val001_g1r3_retry_context.py::TestTargetReachability::test_E_no_duplicate_source_context_between_member_hint_and_package	16
tests/test_val001_g1r3_retry_context.py::TestTargetReachability::test_F_large_target_remains_budget_constrained	16
tests/test_val001_g1r3_retry_context.py::TestMemberEscalation::test_G_unique_grounding_reaches_member_exact	16
tests/test_val001_g1r3_retry_context.py::TestMemberEscalation::test_H_ambiguous_grounding_fails_closed	16
tests/test_val001_g1r3_retry_context.py::TestMemberEscalation::test_I_fabricated_search_does_not_become_authority	16
tests/test_val001_g1r3_retry_context.py::TestMemberEscalation::test_exact_unrelated_member_does_not_authorize_mutation_elsewhere	16
tests/test_val001_g1r3_retry_context.py::TestCentralizedPreparation::test_J_common_preparation_across_all_three_modes	16
tests/test_val001_g1r3_retry_context.py::TestCentralizedPreparation::test_K_member_exact_survives_mode_transition	16
tests/test_val001_g1r3_retry_context.py::TestNoProgressGate::test_L_unchanged_retry_evidence_blocks_redundant_call	16
tests/test_val001_g1r3_retry_context.py::TestNoProgressGate::test_M_changed_member_hint_permits_retry	16
tests/test_val001_g1r3_retry_context.py::TestNoProgressGate::test_N_changed_failure_evidence_permits_retry	16
tests/test_val001_g1r3_retry_context.py::TestNoProgressGate::test_operation_contract_malformed_response_is_not_deterministic_verdict	16
tests/test_val001_g1r3_retry_context.py::TestNoProgressGate::test_anchored_edit_repeat_is_deliberately_not_a_deterministic_verdict	16
tests/test_val001_g1r3_retry_context.py::TestAuthorityInvariantsPreserved::test_O_fingerprint_never_carries_raw_candidate_or_search_text	16
tests/test_val001_g1r3_retry_context.py::TestAuthorityInvariantsPreserved::test_P_member_exact_plus_whole_file_response_still_rejected_by_D1	16
tests/test_val001_g1r3_retry_context.py::TestAuthorityInvariantsPreserved::test_Q_stale_revision_fails_closed	16
tests/test_val001_g1r3_retry_context.py::TestObservability::test_R_trace_events_capture_source_and_progress_decision	16
tests/test_val001_g1r3_retry_context.py::TestG1DeterministicReplay::test_starvation_condition_fails_before_fix_and_resolves_after	16
tests/test_validate_maven_acquisition.py::test_run_maven_cmd_host_mode_is_exact_passthrough	16
tests/test_validate_maven_acquisition.py::test_run_maven_cmd_offline_success_never_acquires	16
tests/test_validate_maven_acquisition.py::test_run_maven_cmd_ordinary_failure_never_triggers_acquisition	16
tests/test_validate_maven_acquisition.py::test_run_maven_cmd_bounded_reacquisition_then_offline_success	16
tests/test_validate_maven_acquisition.py::test_run_maven_cmd_acquisition_result_never_returned_as_pass	16
tests/test_validate_maven_acquisition.py::test_run_maven_cmd_repeated_identical_missing_artifact_terminates_deterministically	16
tests/test_validate_maven_acquisition.py::test_run_maven_cmd_different_missing_artifact_after_reacquisition_not_flagged_incomplete	16
tests/test_validate_oci.py::test_contained_python_validation_uses_container_interpreter_never_host_executable	16
tests/test_validate_oci.py::test_contained_python_validation_without_manifest_uses_generic_container_token	16
tests/test_validate_oci.py::test_host_mode_python_validation_unchanged_uses_absolute_paths	16
tests/test_validate_oci.py::test_contained_maven_compile_succeeds_via_transparent_two_phase_acquisition	16
tests/test_validate_oci.py::test_contained_maven_offline_missing_dependency_triggers_bounded_reacquisition	16
tests/test_validate_oci.py::test_contained_maven_test_lifecycle_plugins_available_offline_after_acquisition	16
tests/test_validate_oci.py::test_sec007_maven_acquisition_survives_a_deliberately_tight_target_memory_cap	16
tests/test_validate_package_audit.py::test_install_shaped_command_still_runs_even_though_policy_requires_approval	16
tests/test_validate_package_audit.py::test_a_broken_policy_engine_on_the_install_audit_never_blocks_the_real_command	16
tests/test_validate_package_audit.py::test_install_audit_observes_the_extracted_target	16
tests/test_validate_package_audit.py::test_install_audit_fires_a_second_request_for_a_real_install_shape	16
tests/test_validate_policy_audit.py::test_command_still_runs_even_though_policy_denies_it_today	16
tests/test_validate_policy_audit.py::test_a_broken_policy_engine_never_blocks_the_real_command	16
tests/test_validate_policy_audit.py::test_a_forced_deny_never_blocks_the_real_command	16
tests/test_validate_policy_audit.py::test_a_hard_enforced_deny_really_blocks_the_real_command	16
tests/test_validate_policy_audit.py::test_audit_call_observes_the_real_command_shape	16
tests/test_validate_resource_authority.py::test_acquisition_call_receives_acquisition_resource_limits	16
tests/test_validate_resource_authority.py::test_target_call_receives_target_resource_limits	16
tests/test_validate_resource_authority.py::test_changing_acquisition_memory_does_not_change_target_memory	16
tests/test_validate_resource_authority.py::test_changing_target_memory_does_not_change_acquisition_memory	16
tests/test_validate_resource_authority.py::test_default_acquisition_limits_are_more_generous_than_a_deliberately_tight_target_cap	16
tests/test_validate_resource_authority.py::test_python_acquisition_profile_uses_acquisition_resource_limits	16
tests/test_validate_resource_authority.py::test_python_acquisition_profile_resource_limits_are_overridable	16
tests/test_validate_resource_authority.py::test_acquisition_profile_uses_dependency_registry_only_network	16
tests/test_validate_resource_authority.py::test_acquisition_success_is_logged_at_info	16
tests/test_validate_resource_authority.py::test_acquisition_nonzero_exit_is_logged_at_warning	16
tests/test_validate_resource_authority.py::test_acquisition_timeout_is_logged_at_warning	16
tests/test_validate_resource_authority.py::test_acquisition_resource_killed_signature_is_distinguished	16
tests/test_validate_resource_authority.py::test_acquisition_ordinary_nonzero_exit_is_not_misreported_as_resource_killed	16
tests/test_validate_resource_authority.py::test_acquisition_evidence_never_logs_secrets_or_environment	16
tests/test_validation_baseline.py::test_fingerprint_ignores_volatile_noise_but_retains_material_content	16
tests/test_validation_baseline.py::test_fingerprint_changes_for_materially_different_failures	16
tests/test_validation_baseline.py::test_normalize_failure_text_preserves_line_numbers_and_exception_type	16
tests/test_validation_baseline.py::test_4_identical_pre_post_pass_is_unchanged	16
tests/test_validation_baseline.py::test_5_pre_fail_equivalent_post_fail_is_pre_existing	16
tests/test_validation_baseline.py::test_6_pre_fail_different_post_fail_is_changed_failure	16
tests/test_validation_baseline.py::test_7_pre_pass_post_fail_is_new_failure	16
tests/test_validation_baseline.py::test_8_pre_fail_post_pass_is_resolved_failure	16
tests/test_validation_baseline.py::test_infrastructure_environment_failure_on_either_side	16
tests/test_validation_baseline.py::test_pytest_adapter_extracts_failed_identities_and_aggregate_counts	16
tests/test_validation_baseline.py::test_pytest_adapter_returns_none_for_non_pytest_output	16
tests/test_validation_baseline.py::test_pytest_adapter_captures_id_containing_a_literal_space	16
tests/test_validation_baseline.py::test_render_blocking_regression_evidence_includes_only_confirmed_ids	16
tests/test_validation_baseline.py::test_render_blocking_regression_evidence_empty_for_no_confirmed_ids	16
tests/test_validation_baseline.py::test_extract_test_failure_sections_isolates_real_failures_section	16
tests/test_validation_baseline.py::test_extract_test_failure_sections_falls_back_to_summary_line	16
tests/test_validation_baseline.py::test_9_previously_executed_test_disappearing_is_blocking	16
tests/test_validation_baseline.py::test_newly_skipped_at_level2_is_blocking	16
tests/test_validation_baseline.py::test_new_test_not_in_pre_is_not_comparable_never_blocking	16
tests/test_validation_baseline.py::test_10_baseline_indeterminate_on_missing_workspace_revision	16
tests/test_validation_baseline.py::test_10_baseline_indeterminate_on_missing_validator_result	16
tests/test_validation_baseline.py::test_classify_baseline_delta_refuses_an_indeterminate_baseline	16
tests/test_validation_baseline.py::test_2_pristine_revision_binding	16
tests/test_validation_baseline.py::test_3_candidate_sandbox_cannot_become_baseline_authority	16
tests/test_validation_baseline.py::test_11_command_identity_mismatch_rejects_reuse	16
tests/test_validation_baseline.py::test_12_selection_identity_mismatch_rejects_reuse	16
tests/test_validation_baseline.py::test_target_test_mismatch_rejects_reuse_even_with_identical_selection_identity	16
tests/test_validation_baseline.py::test_malformed_checkpoint_string_target_test_fails_closed_via_matches_not_reused	16
tests/test_validation_baseline.py::test_13_retry_reuses_pristine_baseline_without_rerunning_validator	16
tests/test_validation_baseline.py::test_14_repository_revision_drift_invalidates_reuse	16
tests/test_validation_baseline.py::test_multi_target_becomes_ordered_tuple_two_argv_entries_never_joined_string	16
tests/test_validation_baseline.py::test_multi_target_order_is_preserved_in_selection_identity_and_invocation	16
tests/test_validation_baseline.py::test_multi_target_selection_identity_distinguishes_order	16
tests/test_validation_baseline.py::test_multi_target_drift_adding_a_target_invalidates_reuse_and_recaptures	16
tests/test_validation_baseline.py::test_multi_target_unchanged_selection_reuses_without_rerunning_validator	16
tests/test_validation_baseline.py::test_multi_target_checkpoint_round_trip_preserves_ordered_tuple	16
tests/test_validation_baseline.py::test_legacy_checkpoint_without_target_test_key_deserializes_as_none	16
tests/test_validation_baseline.py::test_targeted_post_delta_blocks_on_new_failure_with_multi_target_selection	16
tests/test_validation_baseline.py::test_targeted_post_delta_unchanged_permits_continuation	16
tests/test_validation_baseline.py::test_default_configuration_is_a_complete_no_op	16
tests/test_validation_baseline.py::test_disabled_policy_also_never_calls_validator_for_full_regression	16
tests/test_validation_baseline.py::test_17_required_policy_captures_full_regression_baseline_and_allows_delta_blocking	16
tests/test_validation_baseline.py::test_required_policy_indeterminate_baseline_produces_hard_stop	16
tests/test_validation_baseline.py::test_20_synthetic_brownfield_repo_only_new_failure_attributed	16
tests/test_validation_baseline.py::test_20b_level2_attributes_new_failure_precisely_when_pre_was_fully_passing	16
tests/test_validation_baseline.py::test_18_module_never_references_ground_truth_or_evaluator_concepts	16
tests/test_validation_baseline.py::test_19_polymorphic_validator_signature_unmodified	16
tests/test_validation_baseline.py::test_build_validation_outcome_wraps_existing_return_shape_without_mutating_it	16
tests/test_validation_baseline.py::test_1_baseline_captured_before_first_developer_call	16
tests/test_validation_baseline.py::test_15_checkpoint_payload_includes_baseline_for_resume	16
tests/test_validation_baseline.py::test_16_checkpoint_resume_with_repository_drift_recaptures	16
tests/test_validation_baseline.py::test_targeted_post_replays_frozen_multi_target_selection_and_does_not_block_when_unchanged	16
tests/test_validation_baseline.py::test_targeted_post_new_failure_blocks_and_prevents_quality_gates_passed	16
tests/test_validation_baseline.py::test_full_regression_unattributed_stops_after_one_developer_call	16
tests/test_vector.py::test_ollama_embedding_client	16
tests/test_vector.py::test_local_vector_store	25
tests/test_vector.py::test_verify_model_raises_when_no_row_matches_the_configured_model	30
tests/test_vector.py::test_verify_model_silent_when_every_row_matches	35
tests/test_vector.py::test_verify_model_warns_instead_of_silently_passing_on_a_partial_mismatch	40
tests/test_ver004_pyproject_dependency_evidence.py::test_extracts_real_pep621_dependencies	40
tests/test_ver004_pyproject_dependency_evidence.py::test_missing_project_dependencies_key_returns_empty	40
tests/test_ver004_pyproject_dependency_evidence.py::test_no_project_table_at_all_returns_empty	40
tests/test_ver004_pyproject_dependency_evidence.py::test_malformed_toml_degrades_to_empty_never_raises	40
tests/test_ver004_pyproject_dependency_evidence.py::test_missing_file_degrades_to_empty_never_raises	40
tests/test_ver004_pyproject_dependency_evidence.py::test_non_string_or_blank_entries_filtered	40
tests/test_ver004_pyproject_dependency_evidence.py::test_dependencies_not_a_list_returns_empty	40
tests/test_ver004_pyproject_dependency_evidence.py::test_pyproject_dependencies_reach_ensure_project_venv_unmodified	40
tests/test_ver004_pyproject_dependency_evidence.py::test_pyproject_with_no_dependencies_never_calls_ensure_project_venv	40
tests/test_ver004_pyproject_dependency_evidence.py::test_requirements_txt_takes_priority_over_pyproject_toml	40
tests/test_ver004_pyproject_dependency_evidence.py::test_pyproject_install_failure_surfaces_as_real_error_not_silently_swallowed	40
tests/test_ver005_python_runtime_target_grounding.py::test_library_test_file_target_becomes_not_applicable	40
tests/test_ver005_python_runtime_target_grounding.py::test_library_only_project_never_fabricates_a_runtime_target	16
tests/test_ver005_python_runtime_target_grounding.py::test_app_with_entrypoint_bare_script_guess_is_corrected_to_module_form	16
tests/test_ver005_python_runtime_target_grounding.py::test_app_with_entrypoint_module_form_actually_executes_correctly	16
tests/test_ver005_python_runtime_target_grounding.py::test_bad_candidate_still_rejected_after_grounding	16
tests/test_ver005_python_runtime_target_grounding.py::test_nonexistent_target_with_no_entrypoint_is_not_applicable	16
tests/test_ver005_python_runtime_target_grounding.py::test_nonexistent_target_with_one_entrypoint_is_substituted	16
tests/test_ver005_python_runtime_target_grounding.py::test_out_of_workspace_target_never_treated_as_grounded	16
tests/test_ver005_python_runtime_target_grounding.py::test_symlink_escape_is_not_discovered_as_a_repository_file	16
tests/test_ver005_python_runtime_target_grounding.py::test_directory_target_is_not_a_valid_entrypoint	16
tests/test_ver005_python_runtime_target_grounding.py::test_init_file_target_is_never_a_valid_entrypoint	16
tests/test_ver005_python_runtime_target_grounding.py::test_malformed_target_is_left_alone_not_crashed	16
tests/test_ver005_python_runtime_target_grounding.py::test_ambiguous_target_with_multiple_entrypoints_is_not_applicable	16
tests/test_ver005_python_runtime_target_grounding.py::test_goal_explicit_command_is_never_touched	16
tests/test_ver005_python_runtime_target_grounding.py::test_module_form_targeting_a_test_module_is_rejected	16
tests/test_ver005_python_runtime_target_grounding.py::test_module_form_targeting_stdlib_module_is_left_alone	16
tests/test_ver005_python_runtime_target_grounding.py::test_run_app_sequence_result_independent_of_process_cwd	16
tests/test_ver005_python_runtime_target_grounding.py::test_managed_service_test_target_fails_closed	16
tests/test_ver005_python_runtime_target_grounding.py::test_managed_service_module_form_test_target_fails_closed	16
tests/test_ver005_python_runtime_target_grounding.py::test_managed_service_legitimate_target_still_accepted	16
tests/test_ver005_python_runtime_target_grounding.py::test_python_file_is_runnable_script	16
tests/test_ver005_python_runtime_target_grounding.py::test_python_target_path_is_test_shaped	16
tests/test_ver005_python_runtime_target_grounding.py::test_python_command_targets_test_path	16
tests/test_ver006_distrust_containment.py::test_grounded_pass_marker_classifies_pass	16
tests/test_ver006_distrust_containment.py::test_grounded_fail_marker_classifies_fail	16
tests/test_ver006_distrust_containment.py::test_no_marker_at_all_classifies_absent	16
tests/test_ver006_distrust_containment.py::test_ungrounded_pass_only_marker_classifies_distrusted	16
tests/test_ver006_distrust_containment.py::test_absent_and_distrusted_remain_observably_distinct	16
tests/test_ver006_distrust_containment.py::test_classify_grounded_contract_verdict_reads_worktree_files	16
tests/test_ver006_distrust_containment.py::test_grounded_pass_never_calls_grade	16
tests/test_ver006_distrust_containment.py::test_grounded_fail_never_calls_grade	16
tests/test_ver006_distrust_containment.py::test_grounded_fail_stays_fail_regardless_of_anything	16
tests/test_ver006_distrust_containment.py::test_absent_evidence_llm_fallback_unchanged	16
tests/test_ver006_distrust_containment.py::test_distrusted_marker_with_llm_pass_is_overridden_to_non_pass	16
tests/test_ver006_distrust_containment.py::test_distrusted_marker_explicitly_identified_to_grader	16
tests/test_ver006_distrust_containment.py::test_distrusted_marker_grader_cannot_use_rejected_marker_even_if_it_tries	16
tests/test_ver006_distrust_containment.py::test_distrusted_marker_grader_exception_stays_fail_closed	16
tests/test_ver006_distrust_containment.py::test_absent_evidence_grader_exception_propagates_unchanged	16
tests/test_ver006_distrust_containment.py::test_deterministic_result_provenance_distinguishes_absent_from_distrusted	16
tests/test_ver006_distrust_containment.py::test_live_incident_shape_cannot_pass_from_mocked_llm_approval	16
tests/test_ver006_distrust_containment.py::test_final_workflow_success_impossible_when_quality_gates_not_succeeded	16
tests/test_ver006_distrust_containment.py::test_final_workflow_success_still_possible_when_every_gate_genuinely_passed	16
tests/test_verification_report.py::test_empty_criteria_and_no_gate_result_is_needs_review	16
tests/test_verification_report.py::test_judgment_criterion_with_no_grader_is_unresolved_never_self_graded	16
tests/test_verification_report.py::test_judgment_criterion_resolved_by_independent_pass	16
tests/test_verification_report.py::test_judgment_criterion_resolved_as_failed	16
tests/test_verification_report.py::test_tool_criterion_unresolved_when_tool_has_not_run	16
tests/test_verification_report.py::test_tool_criterion_resolved_pass	16
tests/test_verification_report.py::test_tool_criterion_resolved_fail	16
tests/test_verification_report.py::test_existing_gate_failure_forces_fail_even_if_all_criteria_pass	16
tests/test_verification_report.py::test_existing_gate_success_true_with_all_criteria_passed_is_pass	16
tests/test_verification_report.py::test_mixed_resolved_and_unresolved_criteria_is_needs_review_not_pass	16
tests/test_verification_report.py::test_failed_criterion_takes_priority_over_unresolved_criterion	16
tests/test_web.py::test_is_safe_external_url_rejects_non_http_scheme	16
tests/test_web.py::test_is_safe_external_url_rejects_hostname_less_url	16
tests/test_web.py::test_is_safe_external_url_rejects_loopback_and_private_targets	16
tests/test_web.py::test_is_safe_external_url_allows_genuine_public_targets	16
tests/test_web.py::test_fetch_url_text_refuses_unsafe_url_before_any_request	16
tests/test_web.py::test_fetch_url_text_follows_safe_redirect_and_revalidates_each_hop	16
tests/test_web.py::test_fetch_url_text_refuses_redirect_to_unsafe_target	16
tests/test_web.py::test_fetch_url_text_logs_error_with_traceback_by_default	16
tests/test_web.py::test_fetch_url_text_quiet_on_failure_logs_debug_without_traceback	16
tests/test_web.py::test_fetch_url_text_enforces_byte_cap_while_streaming	16
tests/test_web_policy_audit.py::test_existing_ssrf_guard_still_refuses_unsafe_url_regardless_of_policy	16
tests/test_web_policy_audit.py::test_a_broken_policy_engine_never_blocks_a_real_safe_fetch	16
tests/test_web_policy_audit.py::test_a_forced_allow_never_relaxes_the_real_ssrf_guard	16
tests/test_web_policy_audit.py::test_audit_call_observes_the_real_url	16
tests/test_workflow.py::test_restore_public_contract_diagnosis_mismatch_cannot_veto	16
tests/test_workflow.py::test_attempt_one_brownfield_contract_is_instruction_text_only	16
tests/test_workflow.py::test_brownfield_contract_returns_empty_for_a_genuinely_new_file	16
tests/test_workflow.py::test_api_contract_recovery_state_machine_requires_ordered_terminal_lifecycle	16
tests/test_workflow.py::test_api_contract_recovery_cannot_skip_owner_restoration	16
tests/test_workflow.py::test_intermediate_recovery_failure_does_not_poison_final_terminal_pass	16
tests/test_workflow.py::test_restore_public_contract_restores_owner_byte_for_byte_from_baseline	16
tests/test_workflow.py::test_restore_public_contract_never_invokes_the_developer	16
tests/test_workflow.py::test_restore_public_contract_restores_multiple_owners_atomically	16
tests/test_workflow.py::test_restore_public_contract_still_restores_protected_evidence_as_before	16
tests/test_workflow.py::test_restore_public_contract_preserves_unrelated_baseline_content_exactly	16
tests/test_workflow.py::test_restore_public_contract_advances_phase_to_repair_behavior	16
tests/test_workflow.py::test_restore_public_contract_fails_closed_on_missing_baseline	16
tests/test_workflow.py::test_narrow_recovery_preserves_other_generated_file	16
tests/test_workflow.py::test_narrow_recovery_does_not_invent_never_generated_file	16
tests/test_workflow.py::test_restored_owner_uses_restoration_content	16
tests/test_workflow.py::test_multi_file_recovery_cumulative_content	16
tests/test_workflow.py::test_non_recovery_completeness_unchanged	16
tests/test_workflow.py::test_prv08_shaped_recovery_regression	16
tests/test_workflow.py::test_required_verification_evidence_preserves_identity_and_only_resolves_builtin_gates	16
tests/test_workflow.py::test_required_compile_verification_stays_unresolved_when_gate_was_skipped	16
tests/test_workflow.py::test_executed_targeted_test_satisfies_test_runtime_requirement	16
tests/test_workflow.py::test_test_command_run_verification_satisfies_judgment_runtime_requirement	16
tests/test_workflow.py::test_ordinary_test_gate_outcome_does_not_satisfy_judgment_runtime_requirement	16
tests/test_workflow.py::test_real_run_app_sequence_test_outcome_satisfies_judgment_runtime_requirement	16
tests/test_workflow.py::test_real_ordinary_test_gate_outcome_does_not_satisfy_judgment_runtime_requirement	16
tests/test_workflow.py::test_response_shape_owner_discovery_finds_existing_controller	16
tests/test_workflow.py::test_response_construction_discovery_does_not_expand_for_p4_style_preservation_goal	16
tests/test_workflow.py::test_response_construction_discovery_does_not_expand_for_bare_preservation_statements	16
tests/test_workflow.py::test_response_construction_discovery_still_expands_for_genuine_positive_intent	16
tests/test_workflow.py::test_response_construction_discovery_conservative_for_mixed_polarity_goal	16
tests/test_workflow.py::test_include_response_construction_owners_does_not_widen_scope_for_preservation_goal	16
tests/test_workflow.py::test_required_compile_verification_uses_authoritative_gate_outcome	16
tests/test_workflow.py::test_polymorphic_validator_detects_standalone_java_source	16
tests/test_workflow.py::test_compile_gate_refreshes_unknown_stack_after_first_java_file_is_generated	16
tests/test_workflow.py::test_extract_expected_files_from_design_tree	16
tests/test_workflow.py::test_extract_expected_files_empty_for_no_design	16
tests/test_workflow.py::test_find_missing_expected_files_matches_by_basename	16
tests/test_workflow.py::test_find_missing_expected_files_none_missing	16
tests/test_workflow.py::test_find_missing_expected_files_excludes_unrequested_test_file	16
tests/test_workflow.py::test_find_missing_expected_files_keeps_test_file_when_requested	16
tests/test_workflow.py::test_find_missing_expected_files_excludes_readme_unless_requested	16
tests/test_workflow.py::test_resolve_file_paths_from_design_finds_nested_path_in_design_text	16
tests/test_workflow.py::test_resolve_file_paths_from_design_ignores_tree_diagram_lines	16
tests/test_workflow.py::test_resolve_file_paths_from_design_falls_back_when_no_path_mentioned	16
tests/test_workflow.py::test_workflow_uses_structured_architect_file_list_for_known_target_files	16
tests/test_workflow.py::test_workflow_falls_back_to_heuristic_file_list_when_architect_response_has_no_json	16
tests/test_workflow.py::test_is_near_duplicate_rule_catches_real_observed_rephrasings	16
tests/test_workflow.py::test_is_near_duplicate_rule_does_not_flag_genuinely_different_rules	16
tests/test_workflow.py::test_is_near_duplicate_rule_ignores_short_rules_below_min_words	16
tests/test_workflow.py::test_normalize_written_filepath_passes_through_relative_path	16
tests/test_workflow.py::test_normalize_written_filepath_makes_absolute_path_relative	16
tests/test_workflow.py::test_normalize_written_filepath_rejects_path_escaping_workspace	16
tests/test_workflow.py::test_normalize_written_filepath_rejects_empty	16
tests/test_workflow.py::test_runnable_test_discovery_excludes_python_support_files	16
tests/test_workflow.py::test_extract_target_test_is_deterministic_for_live_incident_shape	16
tests/test_workflow.py::test_extract_target_test_uses_failure_evidence_or_defers_ambiguous_suite	16
tests/test_workflow.py::test_resolve_run_command_substitutes_when_python_unresolvable	16
tests/test_workflow.py::test_resolve_run_command_leaves_command_alone_when_python_resolvable	16
tests/test_workflow.py::test_resolve_run_command_ignores_non_python_commands	16
tests/test_workflow.py::test_resolve_run_command_handles_empty_command	16
tests/test_workflow.py::test_downgrade_ungrounded_goal_explicit_commands_leaves_grounded_claim_alone	16
tests/test_workflow.py::test_downgrade_ungrounded_goal_explicit_commands_downgrades_ungrounded_claim	16
tests/test_workflow.py::test_downgrade_ungrounded_goal_explicit_commands_case_insensitive	16
tests/test_workflow.py::test_downgrade_ungrounded_goal_explicit_commands_uses_executable_basename	16
tests/test_workflow.py::test_downgrade_ungrounded_goal_explicit_commands_multi_command_any_ungrounded_downgrades_all	16
tests/test_workflow.py::test_downgrade_ungrounded_goal_explicit_commands_leaves_inferred_alone	16
tests/test_workflow.py::test_resolve_run_command_prefixes_bundle_exec_for_rspec_with_gemfile	16
tests/test_workflow.py::test_resolve_run_command_leaves_rspec_alone_without_a_gemfile	16
tests/test_workflow.py::test_resolve_run_command_does_not_double_prefix_existing_bundle_exec	16
tests/test_workflow.py::test_resolve_run_command_adds_dash_e_for_maven	16
tests/test_workflow.py::test_resolve_run_command_does_not_duplicate_dash_e_for_maven	16
tests/test_workflow.py::test_resolve_run_command_ignores_non_maven_commands_for_dash_e	16
tests/test_workflow.py::test_resolve_run_command_corrects_exec_java_to_exec_exec_when_pom_needs_it	16
tests/test_workflow.py::test_resolve_run_command_leaves_exec_java_alone_when_pom_does_not_need_exec_exec	16
tests/test_workflow.py::test_resolve_run_command_skips_exec_goal_correction_without_workspace_path	16
tests/test_workflow.py::test_resolve_run_command_handles_missing_pom_gracefully	16
tests/test_workflow.py::test_resolve_run_command_exec_goal_correction_ignores_non_maven_commands	16
tests/test_workflow.py::test_resolve_maven_main_class_finds_unambiguous_entry_point	16
tests/test_workflow.py::test_resolve_maven_main_class_accepts_varargs_signature	16
tests/test_workflow.py::test_resolve_maven_main_class_returns_none_when_ambiguous	16
tests/test_workflow.py::test_resolve_maven_main_class_returns_none_with_no_candidates	16
tests/test_workflow.py::test_resolve_maven_main_class_returns_none_without_src_main_java	16
tests/test_workflow.py::test_ensure_maven_covers_nonconventional_java_files_refuses_workspace_root_widening	16
tests/test_workflow.py::test_brownfield_owner_resolution_prefers_unique_existing_implementation	16
tests/test_workflow.py::test_brownfield_gate_rejects_parallel_owner_and_test_redirection	16
tests/test_workflow.py::test_brownfield_gate_allows_new_coverage_that_keeps_existing_owner	16
tests/test_workflow.py::test_brownfield_bug_fix_preserves_referenced_public_api	16
tests/test_workflow.py::test_brownfield_bug_fix_allows_private_change_with_public_api_unchanged	16
tests/test_workflow.py::test_brownfield_guard_does_not_detect_public_method_body_behavior_change	16
tests/test_workflow.py::test_brownfield_enhancement_rejects_unrequested_record_component_addition	16
tests/test_workflow.py::test_brownfield_enhancement_rejects_unrequested_return_type_change	16
tests/test_workflow.py::test_brownfield_enhancement_allows_new_public_method_alongside_preserved_contract	16
tests/test_workflow.py::test_explicit_add_field_authorized	16
tests/test_workflow.py::test_explicit_remove_symbol_authorized	16
tests/test_workflow.py::test_explicit_modify_named_signature_authorized	16
tests/test_workflow.py::test_downstream_update_language_does_not_authorize_public_contract_change	16
tests/test_workflow.py::test_owner_named_but_symbol_not_named_rejected	16
tests/test_workflow.py::test_symbol_named_elsewhere_in_goal_not_same_clause_rejected	16
tests/test_workflow.py::test_planner_text_cannot_create_direct_authorization	16
tests/test_workflow.py::test_same_file_unrelated_public_delta_rejected	16
tests/test_workflow.py::test_authorized_direct_delta_with_stale_consumer_rejected_or_revalidated_correctly	16
tests/test_workflow.py::test_prv08_customerrecord_direct_change_authorized	16
tests/test_workflow.py::test_prv08_customersummary_change_not_authorized	16
tests/test_workflow.py::test_completed_planner_dependency_cannot_authorize_public_api_change_without_requirement_authority	16
tests/test_workflow.py::test_candidate_overlay_consumer_updated_in_same_batch_is_not_stale_evidence	16
tests/test_workflow.py::test_candidate_overlay_consumer_not_updated_remains_evidence	16
tests/test_workflow.py::test_prv08_shaped_deterministic_integration	16
tests/test_workflow.py::test_run_attempt_rejects_contract_change_on_a_later_attempt_not_just_the_first	16
tests/test_workflow.py::test_run_attempt_hard_rejects_a_write_under_deny_all_write_scope	16
tests/test_workflow.py::test_run_attempt_rejects_mixed_batch_with_unauthorized_target_under_allowlist	16
tests/test_workflow.py::test_run_attempt_accepts_single_authorized_target_under_allowlist	16
tests/test_workflow.py::test_run_attempt_accepts_trailing_slash_allowlist_entry_matching_bare_developer_target	16
tests/test_workflow.py::test_record_process_boundary_obligation_violated_then_satisfied	16
tests/test_workflow.py::test_record_process_boundary_obligation_recurrence_is_scoped_per_subtask	16
tests/test_workflow.py::test_record_process_boundary_obligation_noop_without_subtask_id	16
tests/test_workflow.py::test_record_process_boundary_obligation_noop_without_ledger	16
tests/test_workflow.py::test_sync_active_repair_contract_creates_contract_on_unambiguous_evidence	16
tests/test_workflow.py::test_sync_active_repair_contract_ambiguous_evidence_stays_none	16
tests/test_workflow.py::test_sync_active_repair_contract_sticky_across_attempts	16
tests/test_workflow.py::test_record_process_boundary_satisfied_closes_repair_contract	16
tests/test_workflow.py::test_ordinary_test_failure_never_creates_repair_contract	16
tests/test_workflow.py::test_run_coordinated_repair_generation_candidate_view_isolation	16
tests/test_workflow.py::test_run_coordinated_repair_generation_candidate_view_isolation_with_anchored_edit	16
tests/test_workflow.py::test_materialize_candidate_content_no_change_needed_returns_none	16
tests/test_workflow.py::test_run_coordinated_repair_generation_supports_more_than_two_participants	16
tests/test_workflow.py::test_run_attempt_uses_coordinated_generation_when_contract_active	16
tests/test_workflow.py::test_run_attempt_ordinary_targeted_retry_unaffected_without_contract	16
tests/test_workflow.py::test_run_attempt_coordinated_anchored_edit_response_reaches_shared_pipeline_without_internal_exception	16
tests/test_workflow.py::test_run_attempt_coordinated_active_code_context_reflects_candidate_view	16
tests/test_workflow.py::test_required_runtime_verification_missing_message_includes_judge_reasoning	16
tests/test_workflow.py::test_required_runtime_verification_missing_message_placeholder_when_absent	16
tests/test_workflow.py::test_run_attempt_classifies_surefire_fork_crash_and_records_obligation	16
tests/test_workflow.py::test_run_attempt_ordinary_test_failure_records_no_process_boundary_obligation	16
tests/test_workflow.py::test_run_attempt_escalates_message_when_process_boundary_failure_recurs	16
tests/test_workflow.py::test_directly_executable_verifiers_excludes_judgment_requirements	16
tests/test_workflow.py::test_run_attempt_verification_only_subtask_never_invokes_developer	16
tests/test_workflow.py::test_run_attempt_verification_only_subtask_raises_typed_failure_on_test_failure	16
tests/test_workflow.py::test_run_attempt_verification_only_subtask_falls_through_without_a_direct_verifier	16
tests/test_workflow.py::test_run_attempt_application_runtime_verification_only_never_calls_developer	16
tests/test_workflow.py::test_run_attempt_runtime_verification_fails_closed_with_no_approval_callback	16
tests/test_workflow.py::test_run_attempt_intermediate_subtask_treats_inferred_runtime_verification_as_advisory	16
tests/test_workflow.py::test_run_attempt_terminal_subtask_still_executes_declared_runtime_verification	16
tests/test_workflow.py::test_run_attempt_allowlist_subtask_treats_inferred_runtime_verification_as_advisory	16
tests/test_workflow.py::test_run_attempt_allowlist_subtask_still_executes_declared_runtime_verification	16
tests/test_workflow.py::test_run_app_sequence_foreground_service_start_blocks_the_subsequent_probe	16
tests/test_workflow.py::test_existing_finite_judgment_without_execution_mode_still_executes_through_existing_path	16
tests/test_workflow.py::test_current_managed_service_judgment_reaches_execution_primitive_with_separate_fields	16
tests/test_workflow.py::test_managed_service_python_command_is_rewritten_when_wiring_calls_through	16
tests/test_workflow.py::test_managed_service_non_python_command_is_unchanged	16
tests/test_workflow.py::test_managed_service_python_command_falls_back_to_kriyas_own_interpreter_without_a_manifest	16
tests/test_workflow.py::test_managed_service_uses_the_identical_interpreter_the_finite_test_path_resolves	16
tests/test_workflow.py::test_managed_service_grounding_does_not_mutate_the_original_judgment_command	16
tests/test_workflow.py::test_future_managed_service_judgment_is_not_executed	16
tests/test_workflow.py::test_probe_passed_maps_to_successful_verification	16
tests/test_workflow.py::test_probe_failed_maps_to_behavioral_grounded_failure	16
tests/test_workflow.py::test_infrastructure_outcomes_map_to_verification_infrastructure_failure[SERVICE_START_FAILED]	16
tests/test_workflow.py::test_infrastructure_outcomes_map_to_verification_infrastructure_failure[READINESS_TIMEOUT]	16
tests/test_workflow.py::test_infrastructure_outcomes_map_to_verification_infrastructure_failure[SERVICE_EXITED_BEFORE_READY]	16
tests/test_workflow.py::test_infrastructure_outcomes_map_to_verification_infrastructure_failure[CLEANUP_FAILED]	16
tests/test_workflow.py::test_infrastructure_outcomes_map_to_verification_infrastructure_failure[PREPARATION_FAILED]	16
tests/test_workflow.py::test_infrastructure_outcomes_map_to_verification_infrastructure_failure[ARTIFACT_MATERIALIZATION_FAILED]	16
tests/test_workflow.py::test_managed_service_readiness_timeout_with_project_local_module_traceback_becomes_runtime_plan_gap	16
tests/test_workflow.py::test_managed_service_readiness_timeout_with_genuinely_missing_external_package_stays_environment_failure	16
tests/test_workflow.py::test_malformed_managed_service_contract_causes_zero_developer_calls	16
tests/test_workflow.py::test_compound_server_and_probe_managed_service_contract_is_rejected	16
tests/test_workflow.py::test_looks_like_shell_compound_command_detects_forbidden_shapes	16
tests/test_workflow.py::test_managed_service_readiness_and_probe_reject_non_local_host	16
tests/test_workflow.py::test_managed_service_readiness_and_probe_accept_private_and_loopback_hosts	16
tests/test_workflow.py::test_managed_service_judgment_with_explicitly_invalid_execution_mode_is_rejected	16
tests/test_workflow.py::test_resolve_execution_mode_rejects_unhashable_malformed_values	16
tests/test_workflow.py::test_finite_commands_with_ordinary_shell_looking_argv_remain_unaffected	16
tests/test_workflow.py::test_prv17_managed_service_semantic_shape_never_constructs_compound_command	16
tests/test_workflow.py::test_handle_attempt_failure_stops_before_developer_call_on_verification_contract_defect	16
tests/test_workflow.py::test_handle_attempt_failure_routes_runtime_plan_gap_to_plan_scope_conflict_not_stop_environment	16
tests/test_workflow.py::test_verification_only_java_grounding_outranks_inferred_maven_exec	16
tests/test_workflow.py::test_verification_only_packaged_java_uses_grounded_runtime_and_launches_application[21-0-RESULT=42-Run the app: valid input prints RESULT=42; invalid input prints INVALID_INPUT and exits non-zero.-True]	16
tests/test_workflow.py::test_verification_only_packaged_java_uses_grounded_runtime_and_launches_application[invalid-1-INVALID_INPUT-Run the app: valid input prints RESULT=42; invalid input prints INVALID_INPUT and exits non-zero.-True]	16
tests/test_workflow.py::test_verification_only_packaged_java_uses_grounded_runtime_and_launches_application[invalid-1-INVALID_INPUT-Run the app and print the result.-False]	16
tests/test_workflow.py::test_verification_only_java_entrypoint_launch_failure_remains_infrastructure	16
tests/test_workflow.py::test_apply_runtime_verification_contract_shapes	16
tests/test_workflow.py::test_initial_test_developer_prompt_receives_nonzero_process_boundary_constraint	16
tests/test_workflow.py::test_initial_process_boundary_constraint_requires_explicit_runtime_semantics	16
tests/test_workflow.py::test_process_terminating_test_candidate_detection[class MainTest {\n void validInput() { Main.main(new String[]{"21"}); }\n}-False]	16
tests/test_workflow.py::test_process_terminating_test_candidate_detection[class MainTest {\n void invalidInput() { Main.main(new String[]{"invalid"}); }\n}-True]	16
tests/test_workflow.py::test_process_terminating_test_candidate_detection[class MainTest {\n void invalidInput() throws Exception { new ProcessBuilder("java", "Main", "invalid").start(); }\n}-False]	16
tests/test_workflow.py::test_process_terminating_test_candidate_detection[class MainTest {\n void invalidInput() { System.setSecurityManager(null); Main.main(new String[]{"invalid"}); }\n}-True]	16
tests/test_workflow.py::test_grounded_child_process_launch_captures_application_result	16
tests/test_workflow.py::test_surefire_booter_classpath_is_not_a_grounded_child_application_launch	16
tests/test_workflow.py::test_ungrounded_child_launch_is_rejected_before_surefire_and_targets_test	16
tests/test_workflow.py::test_process_boundary_detection_uses_resolved_argv_not_test_method_name	16
tests/test_workflow.py::test_unsafe_process_terminating_test_is_rejected_before_test_runner_and_targets_test_only	16
tests/test_workflow.py::test_prv12_production_candidate_path_uses_relevant_process_boundary_invariant_before_surefire	16
tests/test_workflow.py::test_prv12_share10_s1_candidate_uses_authoritative_goal_before_surefire	16
tests/test_workflow.py::test_run_attempt_runtime_verification_injects_synthetic_argv_when_contract_requires_it	16
tests/test_workflow.py::test_run_attempt_runtime_verification_supplies_and_closes_stdin_when_contract_requires_it	16
tests/test_workflow.py::test_run_attempt_runtime_verification_contract_incomplete_never_launches_process	16
tests/test_workflow.py::test_run_attempt_application_runtime_verification_passes_with_zero_writes	16
tests/test_workflow.py::test_run_attempt_application_runtime_verification_fails_with_typed_failure	16
tests/test_workflow.py::test_run_attempt_application_runtime_verifier_deterministic_process_exit_failure	16
tests/test_workflow.py::test_django_test_command_bypasses_application_entrypoint_infrastructure_classification	16
tests/test_workflow.py::test_run_attempt_mutating_subtask_with_planned_files_ignores_direct_execution_path	16
tests/test_workflow.py::test_run_attempt_application_runtime_verification_only_cannot_write_pom_or_app	16
tests/test_workflow.py::test_unrequested_architectural_surface_allows_extending_existing_entrypoint	16
tests/test_workflow.py::test_unrequested_architectural_surface_rejects_second_entrypoint_in_test_file	16
tests/test_workflow.py::test_unrequested_architectural_surface_rejects_second_entrypoint_in_production_file	16
tests/test_workflow.py::test_unrequested_architectural_surface_allows_explicit_goal_request	16
tests/test_workflow.py::test_unrequested_architectural_surface_allows_first_ever_entrypoint	16
tests/test_workflow.py::test_run_attempt_rejects_unrequested_second_entrypoint	16
tests/test_workflow.py::test_run_attempt_rejects_incomplete_migration_before_spec_compliance	16
tests/test_workflow.py::test_run_attempt_migration_check_uses_grounding_goal_for_bounded_subtask	16
tests/test_workflow.py::test_run_attempt_raises_spec_compliance_indeterminate_after_two_indeterminate_verdicts	16
tests/test_workflow.py::test_run_attempt_suppresses_spec_compliance_indeterminate_when_migration_already_satisfied	16
tests/test_workflow.py::test_api_recovery_precheck_keeps_signature_and_callsite_evidence_authoritative	16
tests/test_workflow.py::test_api_recovery_precheck_accepts_restored_signature_and_preserved_callsite	16
tests/test_workflow.py::test_api_evidence_allows_assertion_reordering_and_multiline_formatting	16
tests/test_workflow.py::test_api_evidence_allows_equivalent_callsite_consolidation	16
tests/test_workflow.py::test_source_prose_contamination_is_rejected_before_sandbox_commit	16
tests/test_workflow.py::test_commented_explanatory_text_is_not_source_prose_contamination	16
tests/test_workflow.py::test_api_recovery_classifies_owner_test_caller_and_other_roles	16
tests/test_workflow.py::test_explicit_api_migration_goal_relaxes_public_api_protection	16
tests/test_workflow.py::test_brownfield_owner_resolution_preserves_unique_exact_owner_package_path	16
tests/test_workflow.py::test_directory_scoped_marker_basename_is_not_redirected_across_packages	16
tests/test_workflow.py::test_generic_single_token_basename_in_unrelated_directory_remains_a_new_artifact	16
tests/test_workflow.py::test_prefer_existing_artifact_owners_leaves_an_already_existing_planned_path_unchanged	16
tests/test_workflow.py::test_brownfield_exact_owner_resolution_refuses_duplicate_basenames	16
tests/test_workflow.py::test_brownfield_owner_resolution_preserves_unique_token_containing_owner	16
tests/test_workflow.py::test_brownfield_token_containment_resolution_refuses_multiple_candidates	16
tests/test_workflow.py::test_explicit_new_test_does_not_disable_existing_implementation_owner	16
tests/test_workflow.py::test_explicit_new_implementation_is_not_redirected_to_existing_owner	16
tests/test_workflow.py::test_ensure_maven_covers_nonconventional_java_files_uses_narrow_source_root	16
tests/test_workflow.py::test_ensure_maven_covers_nonconventional_java_files_is_a_noop_for_conventional_layout	16
tests/test_workflow.py::test_ensure_maven_covers_nonconventional_java_files_ignores_standard_test_tree	16
tests/test_workflow.py::test_ensure_maven_covers_nonconventional_java_files_ignores_module_test_tree	16
tests/test_workflow.py::test_ensure_maven_covers_nonconventional_java_files_never_overrides_a_real_customization	16
tests/test_workflow.py::test_ensure_maven_covers_nonconventional_java_files_handles_no_build_section	16
tests/test_workflow.py::test_ensure_maven_covers_nonconventional_java_files_handles_compiler_plugin_without_configuration	16
tests/test_workflow.py::test_ensure_maven_covers_nonconventional_java_files_never_excludes_a_different_plugin	16
tests/test_workflow.py::test_ensure_maven_covers_nonconventional_java_files_no_op_without_relevant_files	16
tests/test_workflow.py::test_ensure_maven_covers_nonconventional_java_files_always_excludes_dot_kriya_even_without_skills_relpath	16
tests/test_workflow.py::test_ensure_maven_covers_nonconventional_java_files_marks_the_insertion_as_auto_managed	16
tests/test_workflow.py::test_resolve_run_command_appends_dexec_mainclass_for_exec_java	16
tests/test_workflow.py::test_resolve_run_command_does_not_override_existing_dexec_mainclass	16
tests/test_workflow.py::test_resolve_run_command_leaves_exec_java_alone_when_main_class_ambiguous	16
tests/test_workflow.py::test_resolve_run_command_mainclass_correction_does_not_apply_to_exec_exec	16
tests/test_workflow.py::test_extract_planner_code_blocks_matches_full_paths	16
tests/test_workflow.py::test_extract_planner_code_blocks_resolves_closest_match_not_first_found	16
tests/test_workflow.py::test_extract_planner_code_blocks_basename_fallback	16
tests/test_workflow.py::test_extract_planner_code_blocks_skips_empty_fences	16
tests/test_workflow.py::test_extract_planner_code_blocks_ignores_fences_matching_no_expected_file	16
tests/test_workflow.py::test_extract_planner_code_blocks_partial_coverage_returns_only_matched_files	16
tests/test_workflow.py::test_extract_planner_code_blocks_empty_inputs	16
tests/test_workflow.py::test_extract_planner_code_blocks_rejects_non_java_content_for_java_file	16
tests/test_workflow.py::test_extract_planner_code_blocks_still_accepts_real_java_content	16
tests/test_workflow.py::test_extract_planner_code_blocks_rejects_syntactically_invalid_python	16
tests/test_workflow.py::test_extract_planner_code_blocks_still_accepts_real_python_content	16
tests/test_workflow.py::test_extract_planner_code_blocks_rejects_run_command_for_xml_file	16
tests/test_workflow.py::test_extract_planner_code_blocks_still_accepts_real_xml_content	16
tests/test_workflow.py::test_extract_planner_code_blocks_rejects_valid_xml_fragment_as_pom	16
tests/test_workflow.py::test_extract_planner_code_blocks_accepts_namespaced_complete_pom	16
tests/test_workflow.py::test_extract_planner_code_blocks_rejects_run_command_for_json_file	16
tests/test_workflow.py::test_extract_planner_code_blocks_still_accepts_real_json_content	16
tests/test_workflow.py::test_workflow_uses_per_role_model_config	16
tests/test_workflow.py::test_workflow_successful_run	16
tests/test_workflow.py::test_workflow_syntax_error_auto_debugging_loop	16
tests/test_workflow.py::test_workflow_incomplete_generation_triggers_retry	16
tests/test_workflow.py::test_workflow_missing_file_recovery_lets_model_resolve_nested_path	16
tests/test_workflow.py::test_workflow_fallback_chain	16
tests/test_workflow.py::test_workflow_extracts_lesson_from_primary_model_recovery_needing_two_full_set_attempts	16
tests/test_workflow.py::test_workflow_does_not_extract_lesson_from_a_single_targeted_retry	16
tests/test_workflow.py::test_workflow_best_of_n_uses_snapshot_sandbox_without_git_repo	16
tests/test_workflow.py::test_workflow_best_of_n_succeeds_on_second_independent_candidate	16
tests/test_workflow.py::test_workflow_fallback_targeted_fix_succeeds_before_full_set_regeneration	16
tests/test_workflow.py::test_workflow_self_correction_loop_resolves_compile_failure	16
tests/test_workflow.py::test_workflow_self_correction_loop_exhausts_falls_through_unchanged	16
tests/test_workflow.py::test_workflow_self_correction_loop_disabled_by_default_zero_new_code_path	16
tests/test_workflow.py::test_workflow_fallback_targeted_fix_skipped_without_fallback_chain	16
tests/test_workflow.py::test_workflow_cumulative_sandbox_sync	16
tests/test_workflow.py::test_workflow_full_set_prompt_includes_existing_dependencies_checklist	16
tests/test_workflow.py::test_build_ecosystem_invariant_block_names_detected_frameworks	16
tests/test_workflow.py::test_build_ecosystem_invariant_block_generic_when_no_frameworks_detected	16
tests/test_workflow.py::test_workflow_prompt_includes_ecosystem_invariant_on_first_attempt	16
tests/test_workflow.py::test_workflow_prompt_includes_ecosystem_invariant_on_targeted_retry	16
tests/test_workflow.py::test_workflow_prompt_includes_ecosystem_invariant_on_missing_files_retry	16
tests/test_workflow.py::test_resource_lifecycle_header_names_the_core_pattern	16
tests/test_workflow.py::test_workflow_prompt_includes_resource_lifecycle_on_first_attempt	16
tests/test_workflow.py::test_workflow_prompt_includes_resource_lifecycle_on_targeted_retry	16
tests/test_workflow.py::test_workflow_prompt_includes_resource_lifecycle_on_missing_files_retry	16
tests/test_workflow.py::test_workflow_sanitizes_batch_json_content_before_writing_to_disk	16
tests/test_workflow.py::test_workflow_sanitizes_batch_json_edits_before_applying	16
tests/test_workflow.py::test_workflow_persists_intermediate_trace_checkpoint_before_reviewer	16
tests/test_workflow.py::test_reviewer_prompt_includes_already_verified_evidence_after_a_passing_run_verification	16
tests/test_workflow.py::test_resolve_protected_relpath_returns_the_workspace_relative_form	16
tests/test_workflow.py::test_resolve_protected_relpath_handles_a_subdirectory_goal_file	16
tests/test_workflow.py::test_resolve_protected_relpath_returns_none_when_no_file_was_supplied	16
tests/test_workflow.py::test_resolve_protected_relpath_returns_none_when_the_file_is_outside_the_workspace	16
tests/test_workflow.py::test_run_generation_workflow_refuses_to_overwrite_the_protected_goal_file	16
tests/test_workflow.py::test_workflow_stops_retrying_immediately_on_environment_failure	16
tests/test_workflow.py::test_workflow_failure_category_none_on_success	16
tests/test_workflow.py::test_workflow_failure_category_quality_gates_exhausted	16
tests/test_workflow.py::test_workflow_stops_retrying_immediately_on_unrecoverable_scope_denial	16
tests/test_workflow.py::test_workflow_failure_report_wires_real_failures_through_categorize_failure	16
tests/test_workflow.py::test_run_level_knowledge_resolution_does_not_acknowledge_a_new_subtask_dependency	16
tests/test_workflow.py::test_workflow_traces_knowledge_gap	16
tests/test_workflow.py::test_workflow_retry_after_knowledge_gap_supersedes_the_transient_trace_row	16
tests/test_workflow.py::test_workflow_approval_required_but_no_callback_never_applies_changes	16
tests/test_workflow.py::test_workflow_traces_human_rejected	16
tests/test_workflow.py::test_workflow_human_rejected_preserves_full_forensic_trace	16
tests/test_workflow.py::test_termination_trace_survives_human_rejected_with_synthetic_rich_state	16
tests/test_workflow.py::test_workflow_heavy_process_profile_requires_approval	16
tests/test_workflow.py::test_workflow_process_profiles_disabled_by_default_does_not_add_approval	16
tests/test_workflow.py::test_workflow_reviewer_verdict_reaches_human_before_approval_decision	16
tests/test_workflow.py::test_workflow_reviewer_not_run_early_when_no_approval_needed	16
tests/test_workflow.py::test_workflow_terminal_regression_failure_is_not_reported_or_applied_as_success	16
tests/test_workflow.py::test_workflow_surfaces_toolchain_warning_even_on_success	16
tests/test_workflow.py::test_workflow_checks_toolchain_only_once_across_retries	16
tests/test_workflow.py::test_workflow_skips_toolchain_check_for_non_java_stack	16
tests/test_workflow.py::test_workflow_injects_target_jvm_fact_into_planner_prompt	16
tests/test_workflow.py::test_workflow_omits_target_jvm_fact_when_no_java_toolchain	16
tests/test_workflow.py::test_workflow_run_verification_goal_explicit_passes_without_confirmation	16
tests/test_workflow.py::test_extract_contract_verdict_returns_none_without_marker	16
tests/test_workflow.py::test_extract_contract_verdict_single_pass	16
tests/test_workflow.py::test_extract_contract_verdict_single_fail_carries_reason	16
tests/test_workflow.py::test_extract_contract_verdict_multiple_pass_all_required	16
tests/test_workflow.py::test_extract_contract_verdict_any_fail_fails_whole_sequence	16
tests/test_workflow.py::test_extract_contract_verdict_ignores_marker_not_at_line_start	16
tests/test_workflow.py::test_pass_verdict_is_grounded_true_when_fail_string_present	16
tests/test_workflow.py::test_pass_verdict_is_grounded_false_when_no_fail_string_anywhere	16
tests/test_workflow.py::test_pass_verdict_is_grounded_checks_across_all_files_not_just_one	16
tests/test_workflow.py::test_pass_verdict_is_grounded_empty_input	16
tests/test_workflow.py::test_workflow_verification_contract_marker_skips_llm_grade_on_pass	16
tests/test_workflow.py::test_workflow_ungrounded_pass_marker_falls_back_to_llm_grade	16
tests/test_workflow.py::test_workflow_run_verification_gate_outcome_records_graded_by_contract	16
tests/test_workflow.py::test_workflow_run_verification_gate_outcome_records_graded_by_llm	16
tests/test_workflow.py::test_workflow_run_verification_gate_outcome_records_distrusted_provenance	16
tests/test_workflow.py::test_workflow_rejected_candidate_reviewer_gets_disposition_override	16
tests/test_workflow.py::test_workflow_accepted_candidate_reviewer_gets_no_disposition_override	16
tests/test_workflow.py::test_workflow_rejected_candidate_review_excludes_run_instructions_via_markers	16
tests/test_workflow.py::test_workflow_rejected_candidate_review_suppresses_live_streaming	16
tests/test_workflow.py::test_workflow_rejected_candidate_missing_markers_suppresses_live_streaming	16
tests/test_workflow.py::test_workflow_accepted_candidate_streaming_unchanged	16
tests/test_workflow.py::test_workflow_time_budget_exhausted_is_not_environment_failure_category	16
tests/test_workflow.py::test_gate_outcomes_preserve_earlier_distinct_failure_alongside_later_budget_exhaustion	16
tests/test_workflow.py::test_quiet_successful_maven_compile_uses_process_authority	16
tests/test_workflow.py::test_workflow_verification_contract_marker_skips_llm_grade_on_fail	16
tests/test_workflow.py::test_workflow_verification_contract_marker_used_on_plain_nonzero_exit	16
tests/test_workflow.py::test_semantic_grade_cannot_override_failed_required_sequence_step	16
tests/test_workflow.py::test_workflow_missing_runtime_entrypoint_stops_without_source_repair	16
tests/test_workflow.py::test_progress_gate_stops_failure_family_churn_without_content_change	16
tests/test_workflow.py::test_first_anchor_failure_switches_next_protocol_without_widening_scope	16
tests/test_workflow.py::test_effective_workspace_hash_tracks_uncommitted_known_file_content	16
tests/test_workflow.py::test_runtime_judgment_basis_hash_changes_with_known_file_content	16
tests/test_workflow.py::test_self_correction_scope_conflict_enters_existing_plan_recovery_contract	16
tests/test_workflow.py::test_full_regression_locator_regrounds_stale_target_to_unique_repository_owner	16
tests/test_workflow.py::test_run_attempt_isolated_compile_failure_raises_quality_gate_failure	16
tests/test_workflow.py::test_run_attempt_rejects_a_new_file_that_redeclares_an_existing_class	16
tests/test_workflow.py::test_run_attempt_allows_a_repair_that_reuses_its_own_existing_class_name	16
tests/test_workflow.py::test_run_attempt_rejects_output_missing_a_goal_named_field	16
tests/test_workflow.py::test_run_attempt_passes_when_spec_compliant	16
tests/test_workflow.py::test_run_attempt_records_unavailable_not_a_real_pass_when_spec_check_call_fails	16
tests/test_workflow.py::test_run_attempt_strict_spec_compliance_fails_closed_on_unavailable_check	16
tests/test_workflow.py::test_prv17_scaffold_gate_defers_future_health_endpoint_before_retry	16
tests/test_workflow.py::test_stage_scoped_goal_marks_later_acceptance_pending	16
tests/test_workflow.py::test_stage_scoped_goal_excludes_invariant_a_pending_peer_also_claims	16
tests/test_workflow.py::test_stage_scoped_goal_still_due_for_the_sole_remaining_owner	16
tests/test_workflow.py::test_stage_scoped_goal_accidental_duplicate_on_unrelated_sibling_does_not_defer	16
tests/test_workflow.py::test_planner_only_dependency_manifest_version_requirement_is_suppressed	16
tests/test_workflow.py::test_planner_only_manifest_filename_named_in_authoritative_goal_is_still_enforced	16
tests/test_workflow.py::test_settled_goal_spec_requirement_pure_function	16
tests/test_workflow.py::test_run_attempt_goal_spec_reuses_settled_verdict_against_unchanged_evidence	16
tests/test_workflow.py::test_run_attempt_goal_spec_reevaluates_when_evidence_changes	16
tests/test_workflow.py::test_run_attempt_rejects_anchored_edit_for_unauthorized_target_before_apply	16
tests/test_workflow.py::test_bounded_spec_compliance_includes_verified_upstream_files	16
tests/test_workflow.py::test_spec_compliance_receives_authoritative_context_when_migration_already_satisfied	16
tests/test_workflow.py::test_authoritative_spec_compliance_unknown_requires_review	16
tests/test_workflow.py::test_required_runtime_judge_infrastructure_failure_cannot_pass	16
tests/test_workflow.py::test_behavioral_contract_rejects_build_only_verification_sequence	16
tests/test_workflow.py::test_run_attempt_skips_spec_compliance_gate_when_disabled	16
tests/test_workflow.py::test_run_attempt_deterministically_corrects_java_entrypoint_end_to_end	16
tests/test_workflow.py::test_ground_java_entrypoint_returns_none_when_no_real_entrypoint_exists	16
tests/test_workflow.py::test_ground_java_entrypoint_leaves_non_run_commands_unchanged_when_no_real_entrypoint_exists	16
tests/test_workflow.py::test_ground_java_entrypoint_qualifies_bare_class_name_when_ambiguous_between_two_real_entrypoints	16
tests/test_workflow.py::test_ground_java_entrypoint_leaves_program_arguments_after_class_name_untouched	16
tests/test_workflow.py::test_ground_java_entrypoint_never_guesses_an_unmatched_ambiguous_class_name	16
tests/test_workflow.py::test_run_attempt_disables_run_verification_end_to_end_when_no_real_entrypoint_exists	16
tests/test_workflow.py::test_run_attempt_disables_run_verification_end_to_end_for_python_test_shaped_target	16
tests/test_workflow.py::test_strip_package_declaration_matching_source_root_removes_the_bogus_package	16
tests/test_workflow.py::test_strip_package_declaration_matching_source_root_leaves_real_nested_packages_alone	16
tests/test_workflow.py::test_strip_package_declaration_matching_source_root_is_a_noop_outside_the_source_root	16
tests/test_workflow.py::test_strip_package_declaration_matching_source_root_is_a_noop_without_a_package_declaration	16
tests/test_workflow.py::test_run_attempt_deterministically_strips_directory_path_masquerading_as_package_end_to_end	16
tests/test_workflow.py::test_correct_exec_main_class_property_fixes_a_copied_example_placeholder	16
tests/test_workflow.py::test_correct_exec_main_class_property_is_a_noop_when_already_correct	16
tests/test_workflow.py::test_correct_exec_main_class_property_is_a_noop_without_the_property	16
tests/test_workflow.py::test_correct_exec_main_class_property_never_guesses_when_ambiguous_or_absent	16
tests/test_workflow.py::test_run_attempt_deterministically_corrects_exec_main_class_end_to_end	16
tests/test_workflow.py::test_run_attempt_full_set_escalation_passes_fallback_extra_body_to_developer	16
tests/test_workflow.py::test_run_attempt_raises_cross_package_mismatch_end_to_end	16
tests/test_workflow.py::test_run_attempt_cross_package_mismatch_fires_without_any_dependency_graph_indexing	16
tests/test_workflow.py::test_run_attempt_includes_established_files_in_compile_check	16
tests/test_workflow.py::test_run_attempt_includes_established_files_in_self_correction_scope	16
tests/test_workflow.py::test_run_attempt_static_violation_can_attribute_to_an_established_file	16
tests/test_workflow.py::test_run_attempt_misdirected_edit_can_target_an_established_file	16
tests/test_workflow.py::test_run_attempt_uses_narrow_nonstandard_maven_source_directory	16
tests/test_workflow.py::test_run_attempt_rejects_create_no_change_before_any_quality_gate	16
tests/test_workflow.py::test_run_attempt_rejects_zero_tests_for_explicit_test_contract	16
tests/test_workflow.py::test_run_attempt_targets_real_test_module_not_package_initializer	16
tests/test_workflow.py::test_run_attempt_zero_test_target_falls_back_to_suite_without_model_repair	16
tests/test_workflow.py::test_run_attempt_still_requests_approval_when_goal_explicit_claim_is_ungrounded	16
tests/test_workflow.py::test_run_attempt_static_check_fires_before_compile_gate	16
tests/test_workflow.py::test_run_attempt_cleans_up_runtime_artifacts_between_attempts	16
tests/test_workflow.py::test_run_attempt_cleans_up_runtime_artifacts_between_attempts_without_git	16
tests/test_workflow.py::test_run_attempt_static_check_scopes_likely_files_not_every_written_file	16
tests/test_workflow.py::test_run_attempt_diagnosis_mismatch_bypassed_when_static_check_genuinely_resolved	16
tests/test_workflow.py::test_run_attempt_diagnosis_mismatch_bypassed_for_pom_semantic_validation	16
tests/test_workflow.py::test_run_attempt_diagnosis_mismatch_bounded_veto_bypasses_second_rejection	16
tests/test_workflow.py::test_run_attempt_diagnosis_mismatch_bypassed_for_targeted_test	16
tests/test_workflow.py::test_run_attempt_rejects_a_whole_response_no_op_edit	16
tests/test_workflow.py::test_no_op_edit_redirects_to_different_file_named_by_own_analysis	16
tests/test_workflow.py::test_targeted_no_change_redirects_before_rerunning_quality_gates	16
tests/test_workflow.py::test_targeted_no_change_without_fix_analysis_still_widens_before_gates	16
tests/test_workflow.py::test_targeted_byte_identical_edit_cannot_erase_authoritative_locator	16
tests/test_workflow.py::test_new_validator_failure_gets_fresh_scoped_retry_budget	16
tests/test_workflow.py::test_failure_signature_distinguishes_unrelated_javac_errors_behind_same_wrapper	16
tests/test_workflow.py::test_failure_signature_distinguishes_missing_symbols_with_same_javac_headline	16
tests/test_workflow.py::test_failure_signature_treats_line_shift_as_same_runtime_exception	16
tests/test_workflow.py::test_run_attempt_no_op_check_does_not_flag_a_companion_edit	16
tests/test_workflow.py::test_run_attempt_isolated_success_passes_quality_gates	16
tests/test_workflow.py::test_run_attempt_scopes_first_full_set_attempt_to_implicated_files_after_budget_exhaustion	16
tests/test_workflow.py::test_run_attempt_does_not_scope_a_later_full_set_attempt	16
tests/test_workflow.py::test_run_attempt_reuses_planner_code_when_full_coverage	16
tests/test_workflow.py::test_run_attempt_falls_back_to_developer_when_planner_coverage_partial	16
tests/test_workflow.py::test_run_attempt_does_not_reuse_planner_code_on_retry	16
tests/test_workflow.py::test_run_attempt_persists_grader_reasoning_on_run_verification_failure	16
tests/test_workflow.py::test_run_attempt_accepts_expected_nonzero_only_after_application_started	16
tests/test_workflow.py::test_prd025_llm_pass_cannot_override_undeclared_nonzero_exit	16
tests/test_workflow.py::test_prd025_exit_rule_is_reapplied_after_self_correction_reverification	16
tests/test_workflow.py::test_prd025_enforce_subtask_text_cannot_declare_an_expected_exit[Build a greeting CLI.-FAIL]	16
tests/test_workflow.py::test_prd025_enforce_subtask_text_cannot_declare_an_expected_exit[Build a greeting CLI; invalid input exits non-zero.-PASS]	16
tests/test_workflow.py::test_prd025_developer_authored_pass_marker_cannot_admit_an_undeclared_exit	16
tests/test_workflow.py::test_prd025_planner_or_milestone_text_cannot_declare_an_expected_exit	16
tests/test_workflow.py::test_prd025_a_milestone_units_authority_is_the_users_original_goal	16
tests/test_workflow.py::test_prd025_real_grader_receives_bounded_package_with_middle_marker	16
tests/test_workflow.py::test_prd025_capture_loss_turns_grader_pass_into_unknown_gate_failure	16
tests/test_workflow.py::test_handle_attempt_failure_increments_retry_count_and_continues	16
tests/test_workflow.py::test_incompatible_process_boundary_test_never_authorizes_product_repair	16
tests/test_workflow.py::test_handle_attempt_failure_stops_immediately_on_environment_failure	16
tests/test_workflow.py::test_handle_attempt_failure_classifies_containment_setup_error_deterministically	16
tests/test_workflow.py::test_handle_attempt_failure_stops_immediately_on_regression_unattributed	16
tests/test_workflow.py::test_handle_attempt_failure_stops_immediately_on_missing_external_dependency	16
tests/test_workflow.py::test_handle_attempt_failure_missing_external_dependency_with_manifest_stays_repairable	16
tests/test_workflow.py::test_handle_attempt_failure_classifies_internal_exception_and_stops_immediately	16
tests/test_workflow.py::test_handle_attempt_failure_stops_when_grounded_repair_is_outside_authorized_scope	16
tests/test_workflow.py::test_handle_attempt_failure_stops_immediately_on_first_unrecoverable_scope_denial	16
tests/test_workflow.py::test_handle_attempt_failure_scope_denial_with_real_existing_owner_is_unaffected	16
tests/test_workflow.py::test_handle_attempt_failure_scope_denial_with_real_existing_test_owner_is_grounded	16
tests/test_workflow.py::test_handle_attempt_failure_redirects_fixture_precondition_to_test_not_production	16
tests/test_workflow.py::test_missing_planned_prerequisite_outside_scope_immediately_routes_to_plan_scope_defect	16
tests/test_workflow.py::test_handle_attempt_failure_narrows_implicated_files_to_authorized_scope_even_at_medium_confidence	16
tests/test_workflow.py::test_handle_attempt_failure_stops_before_developer_call_when_no_authorized_repair_target_exists	16
tests/test_workflow.py::test_handle_attempt_failure_current_violation_with_authorized_target_still_recovers_normally	16
tests/test_workflow.py::test_handle_attempt_failure_routes_grounded_deny_all_runtime_failure_to_owner_recovery	16
tests/test_workflow.py::test_handle_attempt_failure_never_offers_a_deny_all_target_even_at_low_confidence	16
tests/test_workflow.py::test_handle_attempt_failure_write_scope_deny_all_denial_never_becomes_a_developer_target	16
tests/test_workflow.py::test_authoritative_migration_evidence_outside_scope_stops_without_developer_call	16
tests/test_workflow.py::test_stale_self_diagnosis_not_replayed_across_later_attempts	16
tests/test_workflow.py::test_self_diagnosis_still_wins_for_the_attempt_that_produced_it	16
tests/test_workflow.py::test_self_diagnosis_attribution_no_longer_triggers_plan_scope_conflict	16
tests/test_workflow.py::test_real_locator_outside_scope_still_triggers_plan_scope_conflict	16
tests/test_workflow.py::test_spec_compliance_contradicting_authoritative_satisfied_migration_is_suppressed	16
tests/test_workflow.py::test_spec_compliance_partial_overlap_suppresses_only_contradicted_criterion	16
tests/test_workflow.py::test_spec_compliance_not_suppressed_when_deterministic_check_agrees_it_failed	16
tests/test_workflow.py::test_spec_compliance_arbitration_is_a_no_op_without_a_ledger	16
tests/test_workflow.py::test_extract_requirement_identifier_tokens_extracts_any_meaningful_word	16
tests/test_workflow.py::test_planner_only_requirement_is_suppressed_reproducing_the_live_incident	16
tests/test_workflow.py::test_requirement_named_in_authoritative_goal_is_still_enforced	16
tests/test_workflow.py::test_planner_only_constraint_on_authoritative_identifier_is_suppressed	16
tests/test_workflow.py::test_judgment_only_complaint_about_authoritative_identifier_is_not_suppressed	16
tests/test_workflow.py::test_authoritative_constraint_remains_enforced_when_plan_repeats_it	16
tests/test_workflow.py::test_planner_only_arbitration_suppresses_only_the_planner_only_requirement	16
tests/test_workflow.py::test_planner_only_arbitration_keeps_requirement_with_no_identifier_token	16
tests/test_workflow.py::test_planner_only_arbitration_is_a_no_op_without_both_section_headers	16
tests/test_workflow.py::test_run_attempt_does_not_fail_candidate_gates_on_planner_only_spec_requirement	16
tests/test_workflow.py::test_denied_existing_production_target_immediately_drives_exact_scope_revision	16
tests/test_workflow.py::test_workflow_strips_jdk_incompatible_jvm_flag_before_running	16
tests/test_workflow.py::test_workflow_jvm_flag_strip_decides_against_override_not_mvn_default	16
tests/test_workflow.py::test_workflow_pins_exec_plugin_executable_to_resolved_jdk_in_applied_workspace	16
tests/test_workflow.py::test_workflow_recovers_missing_build_manifest_never_requested_by_architect	16
tests/test_workflow.py::test_workflow_run_verification_judgment_cached_across_retry_attempts	16
tests/test_workflow.py::test_workflow_missing_entrypoint_stops_as_verification_infrastructure	16
tests/test_workflow.py::test_workflow_scopes_retry_to_grader_likely_files_on_run_verification_failure	16
tests/test_workflow.py::test_workflow_run_verification_timeout_grades_captured_output_as_succeeded_then_hung	16
tests/test_workflow.py::test_workflow_run_verification_timeout_with_genuine_failure_stays_plain_category	16
tests/test_workflow.py::test_workflow_run_verification_substitutes_unresolvable_python	16
tests/test_workflow.py::test_workflow_run_verification_declined_still_passes_on_compile_alone	16
tests/test_workflow.py::test_workflow_full_regression_check_tests_the_applied_change_not_stale_worktree	16
tests/test_workflow.py::test_workflow_passing_run_verification_marks_active_skill_verified	16
tests/test_workflow.py::test_workflow_extracted_rule_unverified_then_promoted_by_passing_run	16
tests/test_workflow.py::test_workflow_surfaces_skill_staleness_warning_on_version_drift	16
tests/test_workflow.py::test_workflow_skill_gap_refuses_url_fetch_under_local_only_egress	16
tests/test_workflow.py::test_workflow_skill_gap_decline_marks_acknowledged_and_proceeds	16
tests/test_workflow.py::test_workflow_no_skill_gap_callback_still_reports_unresolved_gap	16
tests/test_workflow.py::test_workflow_unresolved_skill_gaps_none_when_nothing_flagged	16
tests/test_workflow.py::test_workflow_skill_gap_not_reasked_once_acknowledged	16
tests/test_workflow.py::test_workflow_skill_conflict_excludes_losing_rule_and_persists_resolution	16
tests/test_workflow.py::test_workflow_skill_conflict_remembered_resolution_skips_callback	16
tests/test_workflow.py::test_workflow_skill_conflict_check_sees_rule_extracted_earlier_in_same_run	16
tests/test_workflow.py::test_workflow_skill_conflict_no_callback_response_does_not_persist	16
tests/test_workflow.py::test_workflow_no_conflict_check_without_callback	16
tests/test_workflow.py::test_workflow_web_lookup_auto_resolves_skill_gap	16
tests/test_workflow.py::test_workflow_web_lookup_never_fires_without_approval	16
tests/test_workflow.py::test_workflow_web_lookup_query_callback_can_approve	16
tests/test_workflow.py::test_workflow_retry_loop_live_lookup_never_fires_without_approval	16
tests/test_workflow.py::test_workflow_web_lookup_falls_through_to_next_candidate_on_empty_extraction	16
tests/test_workflow.py::test_workflow_web_lookup_declined_falls_back_to_human_ask	16
tests/test_workflow.py::test_workflow_web_lookup_accepted_but_empty_falls_back_to_human_ask	16
tests/test_workflow.py::test_workflow_web_lookup_disabled_by_default_never_calls_search	16
tests/test_workflow.py::test_workflow_web_lookup_design_derived_bootstraps_new_skill	16
tests/test_workflow.py::test_workflow_web_lookup_design_derived_falls_back_to_human_ask_on_empty_extraction	16
tests/test_workflow.py::test_workflow_normalizes_absolute_filepath_from_developer_agent	16
tests/test_workflow.py::test_workflow_successful_run_deletes_its_own_checkpoint	16
tests/test_workflow.py::test_workflow_resumes_from_plan_checkpoint_skips_planner_only	16
tests/test_workflow.py::test_workflow_resumes_from_design_checkpoint_skips_planner_and_architect	16
tests/test_workflow.py::test_predetermined_plan_and_design_skip_both_planner_and_architect	16
tests/test_workflow.py::test_predetermined_plan_and_design_use_the_real_architect_files_list	16
tests/test_workflow.py::test_response_construction_owner_false_positive_never_reaches_architect_files	16
tests/test_workflow.py::test_predetermined_plan_alone_without_design_and_architect_files_raises	16
tests/test_workflow.py::test_predetermined_design_alone_without_plan_raises	16
tests/test_workflow.py::test_future_owner_verification_end_to_end_through_real_run_generation_workflow	16
tests/test_workflow.py::test_future_owner_verification_genuine_compile_break_still_uses_ordinary_path	16
tests/test_workflow.py::test_predetermined_architect_files_deliberately_empty_is_not_replaced_by_heuristic_fallback	16
tests/test_workflow.py::test_predetermined_architect_files_alone_raises	16
tests/test_workflow.py::test_workflow_rebuilds_checkpointed_candidate_and_reruns_its_gates_while_toolchain_unverified	16
tests/test_workflow.py::test_workflow_skips_candidate_gates_only_when_every_verification_fingerprint_matches	16
tests/test_workflow.py::test_workflow_regenerates_an_unverifiable_candidate_but_keeps_its_plan[tampered]	16
tests/test_workflow.py::test_workflow_regenerates_an_unverifiable_candidate_but_keeps_its_plan[legacy_no_digest]	16
tests/test_workflow.py::test_workflow_regenerates_an_unverifiable_candidate_but_keeps_its_plan[no_ledger_snapshot]	16
tests/test_workflow.py::test_workflow_refuses_resume_on_goal_drift	16
tests/test_workflow.py::test_workflow_resume_with_no_checkpoint_falls_back_to_fresh_run	16
tests/test_workflow.py::test_checkpoint_save_load_delete_roundtrip	16
tests/test_workflow.py::test_checkpoint_workspace_fingerprint_changes_on_new_commit	16
tests/test_workflow.py::test_checkpoint_workspace_fingerprint_cannot_distinguish_two_different_dirty_states	16
tests/test_workflow.py::test_checkpoint_workspace_fingerprint_none_for_non_git_dir	16
tests/test_workflow.py::test_checkpoint_config_fingerprint_stable_and_sensitive_to_changes	16
tests/test_workflow.py::test_checkpoint_find_latest_returns_most_recently_saved	16
tests/test_workflow.py::test_extract_error_search_terms_finds_maven_coordinate	16
tests/test_workflow.py::test_extract_error_search_terms_dedups_multiple_occurrences	16
tests/test_workflow.py::test_extract_error_search_terms_finds_multiple_distinct_coordinates	16
tests/test_workflow.py::test_extract_error_search_terms_drops_maven_wrapper_when_source_locator_exists	16
tests/test_workflow.py::test_extract_error_search_terms_drops_exec_wrapper_when_application_stack_exists	16
tests/test_workflow.py::test_extract_error_search_terms_replaces_wrapper_with_declared_library_exception	16
tests/test_workflow.py::test_extract_error_search_terms_ignores_plain_symbols_and_paths	16
tests/test_workflow.py::test_extract_error_search_terms_ignores_junit_stack_trace_even_though_source_locations_now_recognizes_it	16
tests/test_workflow.py::test_extract_error_search_terms_excludes_projects_own_coordinate	16
tests/test_workflow.py::test_extract_error_search_terms_no_exclusion_when_none_given	16
tests/test_workflow.py::test_extract_error_search_terms_finds_unresolved_import_matching_dependency	16
tests/test_workflow.py::test_extract_error_search_terms_ignores_unresolved_import_with_no_matching_dependency	16
tests/test_workflow.py::test_extract_error_search_terms_ignores_location_class_shape_even_with_dependencies	16
tests/test_workflow.py::test_extract_error_source_locations_finds_absolute_worktree_path	16
tests/test_workflow.py::test_extract_error_source_locations_dedups_and_finds_multiple	16
tests/test_workflow.py::test_extract_error_source_locations_no_match_returns_empty	16
tests/test_workflow.py::test_extract_error_source_locations_finds_junit_stack_trace_shape	16
tests/test_workflow.py::test_extract_error_source_locations_handles_both_shapes_together	16
tests/test_workflow.py::test_extract_error_source_locations_finds_python_syntax_error_shape	16
tests/test_workflow.py::test_extract_error_source_locations_handles_all_three_shapes_together	16
tests/test_workflow.py::test_build_error_source_context_extracts_real_source_window	16
tests/test_workflow.py::test_build_error_source_context_skips_unknown_file	16
tests/test_workflow.py::test_build_error_source_context_no_locations_returns_empty	16
tests/test_workflow.py::test_build_error_source_context_extracts_python_syntax_error_window	16
tests/test_workflow.py::test_build_error_source_context_covers_every_file_sharing_a_basename	16
tests/test_workflow.py::test_resolve_file_locations_covers_every_file_sharing_a_basename	16
tests/test_workflow.py::test_resolve_file_locations_single_file_unaffected	16
tests/test_workflow.py::test_get_or_start_jdtls_client_returns_none_when_jdtls_not_found	16
tests/test_workflow.py::test_get_or_start_jdtls_client_reuses_existing_client	16
tests/test_workflow.py::test_get_or_start_jdtls_client_starts_new_client_when_found	16
tests/test_workflow.py::test_get_or_start_jdtls_client_degrades_cleanly_if_start_fails	16
tests/test_workflow.py::test_get_or_start_jdtls_client_logs_start_failure_at_warning_not_debug	16
tests/test_workflow.py::test_get_or_start_jdtls_client_logs_not_found_at_info	16
tests/test_workflow.py::test_get_or_start_jdtls_client_logs_success_at_info	16
tests/test_workflow.py::test_build_lsp_diagnostics_context_only_checks_java_files	16
tests/test_workflow.py::test_build_lsp_diagnostics_context_skips_files_with_no_errors	16
tests/test_workflow.py::test_build_lsp_diagnostics_context_survives_a_check_failure	16
tests/test_workflow.py::test_workflow_merges_lsp_diagnostics_into_retry_prompt_for_java_project	16
tests/test_workflow.py::test_workflow_surfaces_lsp_warning_when_jdtls_found_but_fails_to_start	16
tests/test_workflow.py::test_workflow_skips_lsp_gracefully_when_jdtls_not_found	16
tests/test_workflow.py::test_normalize_error_for_repeat_detection_strips_maven_timing_lines	16
tests/test_workflow.py::test_normalize_error_for_repeat_detection_preserves_differing_errors	16
tests/test_workflow.py::test_find_cross_package_symbol_mismatch_resolves_the_live_incident	16
tests/test_workflow.py::test_find_cross_package_symbol_mismatch_handles_plain_javac_shape	16
tests/test_workflow.py::test_find_cross_package_symbol_mismatch_ignores_a_genuinely_missing_class	16
tests/test_workflow.py::test_find_cross_package_symbol_mismatch_degrades_on_ambiguous_candidates	16
tests/test_workflow.py::test_find_cross_package_symbol_mismatch_ignores_when_packages_already_match	16
tests/test_workflow.py::test_find_cross_package_symbol_mismatch_ignores_a_candidate_with_unknown_package	16
tests/test_workflow.py::test_build_cross_package_mismatch_message_breaks_the_instruction_deadlock	16
tests/test_workflow.py::test_classify_environment_failure_detects_jvm_startup_error	16
tests/test_workflow.py::test_classify_environment_failure_detects_qpid_jdk24_security_manager_api_crash	16
tests/test_workflow.py::test_classify_environment_failure_detects_missing_executable	16
tests/test_workflow.py::test_classify_environment_failure_ignores_normal_compile_error	16
tests/test_workflow.py::test_classify_environment_failure_ignores_filenotfound_not_from_the_toolchain_wrapper	16
tests/test_workflow.py::test_classify_environment_failure_detects_missing_external_package_with_no_manifest	16
tests/test_workflow.py::test_classify_environment_failure_missing_project_local_module_stays_code_repairable	16
tests/test_workflow.py::test_classify_environment_failure_missing_external_package_with_requirements_txt_stays_repairable	16
tests/test_workflow.py::test_classify_environment_failure_missing_external_package_with_pyproject_toml_stays_repairable	16
tests/test_workflow.py::test_classify_environment_failure_django_settings_module_error_never_matches	16
tests/test_workflow.py::test_classify_environment_failure_dotted_settings_module_path_is_project_local	16
tests/test_workflow.py::test_classify_environment_failure_without_worktree_path_skips_module_check	16
tests/test_workflow.py::test_check_java_toolchain_mismatch_skips_non_java_stack	16
tests/test_workflow.py::test_check_java_toolchain_mismatch_returns_none_when_versions_match	16
tests/test_workflow.py::test_check_java_toolchain_mismatch_returns_message_on_mismatch	16
tests/test_workflow.py::test_java_toolchain_fact_none_when_neither_tool_found	16
tests/test_workflow.py::test_java_toolchain_fact_prefers_mvn_version_over_java	16
tests/test_workflow.py::test_java_toolchain_fact_falls_back_to_java_version_when_mvn_absent	16
tests/test_workflow.py::test_java_toolchain_fact_none_for_non_java_goal_even_when_tools_found	16
tests/test_workflow.py::test_goal_or_repo_targets_java_true_for_existing_pom	16
tests/test_workflow.py::test_goal_or_repo_targets_java_true_for_existing_gradle	16
tests/test_workflow.py::test_goal_or_repo_targets_java_true_for_goal_text_mention	16
tests/test_workflow.py::test_goal_or_repo_targets_java_false_for_unrelated_goal_and_fresh_workspace	16
tests/test_workflow.py::test_strip_jdk_incompatible_jvm_flags_strips_on_forbidden_jdk	16
tests/test_workflow.py::test_strip_jdk_incompatible_jvm_flags_leaves_flag_on_supported_jdk	16
tests/test_workflow.py::test_strip_jdk_incompatible_jvm_flags_none_when_flag_absent	16
tests/test_workflow.py::test_strip_jdk_incompatible_jvm_flags_none_when_no_pom	16
tests/test_workflow.py::test_strip_jdk_incompatible_jvm_flags_uses_override_target_not_mvn_default	16
tests/test_workflow.py::test_strip_jdk_incompatible_jvm_flags_still_strips_when_override_target_is_forbidden	16
tests/test_workflow.py::test_pin_exec_plugin_executable_pins_when_override_active	16
tests/test_workflow.py::test_pin_exec_plugin_executable_none_without_override	16
tests/test_workflow.py::test_pin_exec_plugin_executable_none_when_already_pinned	16
tests/test_workflow.py::test_pin_exec_plugin_executable_none_when_no_pom	16
tests/test_workflow.py::test_pin_exec_plugin_executable_none_for_exec_java_shape	16
tests/test_workflow.py::test_resolve_jdk_home_for_version_uses_java_home_tool_on_macos	16
tests/test_workflow.py::test_resolve_jdk_home_for_version_none_when_java_home_tool_fails_on_macos	16
tests/test_workflow.py::test_resolve_jdk_home_for_version_falls_back_to_bin_java_heuristic_on_linux	16
tests/test_workflow.py::test_resolve_jdk_home_for_version_none_when_java_not_found_on_linux	16
tests/test_workflow.py::test_resolve_jdk_home_for_version_none_for_unexpected_layout_on_linux	16
tests/test_workflow.py::test_resolve_java_home_override_none_when_no_mismatch	16
tests/test_workflow.py::test_resolve_java_home_override_none_when_goal_states_no_version	16
tests/test_workflow.py::test_resolve_java_home_override_none_when_goal_matches_the_wrong_side	16
tests/test_workflow.py::test_resolve_java_home_override_resolves_when_goal_matches_java_side	16
tests/test_workflow.py::test_detect_missing_build_manifest_finds_pom_gap	16
tests/test_workflow.py::test_detect_missing_build_manifest_none_when_pom_exists	16
tests/test_workflow.py::test_detect_missing_build_manifest_none_when_gradle_exists	16
tests/test_workflow.py::test_detect_missing_build_manifest_none_for_unrelated_compile_error	16
tests/test_workflow.py::test_workflow_non_java_goal_prompt_omits_java_toolchain_fact_even_when_tools_found	16
tests/test_workflow.py::test_workflow_java_goal_prompt_includes_java_toolchain_fact_when_tools_found	16
tests/test_workflow.py::test_workflow_applies_java_home_override_to_maven_subprocess	16
tests/test_workflow.py::test_approve_web_lookup_true_when_auto_approve_set	16
tests/test_workflow.py::test_approve_web_lookup_auto_approve_rejects_unknown_term_without_public_declaration	16
tests/test_workflow.py::test_approve_web_lookup_auto_approve_fails_closed_for_unsafe_term	16
tests/test_workflow.py::test_approve_web_lookup_fails_closed_with_no_callback_and_no_opt_in	16
tests/test_workflow.py::test_approve_web_lookup_invokes_callback_with_exact_terms_and_url	16
tests/test_workflow.py::test_approve_web_lookup_respects_declined_callback	16
tests/test_workflow.py::test_approve_web_lookup_supports_async_callback	16
tests/test_workflow.py::test_approve_web_lookup_fails_closed_when_callback_raises	16
tests/test_workflow.py::test_augment_error_with_live_lookup_no_terms_never_searches	16
tests/test_workflow.py::test_augment_error_with_live_lookup_appends_found_content	16
tests/test_workflow.py::test_augment_error_with_live_lookup_nothing_found_returns_unchanged	16
tests/test_workflow.py::test_augment_error_with_live_lookup_skips_a_thin_landing_page_candidate	16
tests/test_workflow.py::test_augment_error_with_live_lookup_falls_back_to_first_candidate_when_none_are_usable	16
tests/test_workflow.py::test_workflow_error_triggered_live_lookup_on_repeated_compile_failure	16
tests/test_workflow.py::test_workflow_repeated_failure_live_lookup_resolves_wrong_import_via_dependency_match	16
tests/test_workflow.py::test_workflow_repeated_failure_live_lookup_excludes_own_project_coordinate	16
tests/test_workflow.py::test_workflow_error_triggered_live_lookup_disabled_by_default_never_searches	16
tests/test_workflow.py::test_extract_implicated_files_matches_basename_in_error	16
tests/test_workflow.py::test_extract_implicated_files_matches_multiple	16
tests/test_workflow.py::test_extract_implicated_files_empty_when_no_known_file_named	16
tests/test_workflow.py::test_extract_implicated_files_does_not_match_filename_suffix	16
tests/test_workflow.py::test_extract_implicated_files_matches_full_relative_path_too	16
tests/test_workflow.py::test_extract_implicated_files_prefers_locator_over_boilerplate_pom_mention	16
tests/test_workflow.py::test_extract_implicated_files_locator_preference_keeps_multiple_real_matches	16
tests/test_workflow.py::test_extract_implicated_files_still_implicates_pom_xml_when_genuinely_the_cause	16
tests/test_workflow.py::test_extract_implicated_files_ignores_pom_mention_thats_only_in_info_banner_noise	16
tests/test_workflow.py::test_extract_implicated_files_still_matches_pom_xml_error_line_even_with_info_banner_present	16
tests/test_workflow.py::test_extract_implicated_files_matches_bare_titlecase_class_name	16
tests/test_workflow.py::test_extract_implicated_files_bare_class_name_ignores_lowercase_prose	16
tests/test_workflow.py::test_extract_implicated_files_bare_class_name_requires_minimum_length	16
tests/test_workflow.py::test_extract_implicated_files_does_not_misattribute_when_locator_names_unknown_files	16
tests/test_workflow.py::test_find_locator_files_outside_known_scope_surfaces_the_unrecognized_files	16
tests/test_workflow.py::test_find_locator_files_outside_known_scope_empty_when_locator_matches_a_known_file	16
tests/test_workflow.py::test_find_locator_files_outside_known_scope_empty_when_no_locator_at_all	16
tests/test_workflow.py::test_repository_locator_regrounding_rejects_ambiguous_existing_owners	16
tests/test_workflow.py::test_build_targeted_retry_prompt_frames_target_and_reference_files	16
tests/test_workflow.py::test_workflow_targeted_retry_fixes_implicated_file_without_escalating	16
tests/test_workflow.py::test_workflow_no_targeted_retry_when_error_names_no_known_file	16
tests/test_workflow.py::test_workflow_prompt_includes_self_consistency_nudge_on_full_set_retry	16
tests/test_workflow.py::test_workflow_success_via_targeted_attempt_after_full_set_budget_exhausted	16
tests/test_workflow.py::test_workflow_passes_prior_error_context_to_developer_only_on_retries	16
tests/test_workflow.py::test_workflow_passes_configured_retry_temperature_to_developer	16
tests/test_workflow.py::test_workflow_passes_error_source_context_scoped_to_implicated_file	16
tests/test_workflow.py::test_workflow_passes_error_source_context_for_junit_stack_trace_test_failure	16
tests/test_workflow.py::test_workflow_anchored_edit_failure_captures_filepath	16
tests/test_workflow.py::test_workflow_anchored_edit_failure_redirects_to_the_real_target_file	16
tests/test_workflow.py::test_find_edits_ignoring_reported_line_flags_a_real_non_fix	16
tests/test_workflow.py::test_find_edits_ignoring_reported_line_does_not_flag_a_valid_alternative_fix	16
tests/test_workflow.py::test_find_edits_ignoring_reported_line_empty_without_a_locatable_error	16
tests/test_workflow.py::test_find_whole_response_no_op_flags_a_single_identical_edit	16
tests/test_workflow.py::test_find_whole_response_no_op_ignores_whitespace_only_differences	16
tests/test_workflow.py::test_find_whole_response_no_op_does_not_flag_a_real_change	16
tests/test_workflow.py::test_find_whole_response_no_op_does_not_flag_a_mixed_response	16
tests/test_workflow.py::test_find_whole_response_no_op_empty_or_missing_edits	16
tests/test_workflow.py::test_find_misdirected_edit_target_finds_the_real_target	16
tests/test_workflow.py::test_find_misdirected_edit_target_none_when_no_other_file_matches_either	16
tests/test_workflow.py::test_find_misdirected_edit_target_skips_edits_that_already_matched	16
tests/test_workflow.py::test_find_misdirected_edit_target_tolerates_whitespace_drift	16
tests/test_workflow.py::test_find_misdirected_edit_target_empty_other_files	16
tests/test_workflow.py::test_find_edits_ignoring_own_diagnosis_flags_a_fix_that_never_happened	16
tests/test_workflow.py::test_find_edits_ignoring_own_diagnosis_passes_when_the_fix_is_present	16
tests/test_workflow.py::test_find_edits_ignoring_own_diagnosis_excludes_the_problem_quote_already_in_old_code	16
tests/test_workflow.py::test_find_edits_ignoring_own_diagnosis_passes_with_no_quoted_spans	16
tests/test_workflow.py::test_find_edits_ignoring_own_diagnosis_passes_with_no_analysis	16
tests/test_workflow.py::test_find_edits_ignoring_own_diagnosis_handles_full_content_shape	16
tests/test_workflow.py::test_find_edits_ignoring_own_diagnosis_passes_a_correct_wrap_edit	16
tests/test_workflow.py::test_find_edits_ignoring_own_diagnosis_still_flags_unrelated_change_near_a_wrap_shape	16
tests/test_workflow.py::test_find_edits_ignoring_own_diagnosis_regression_validation_3	16
tests/test_workflow.py::test_find_edits_ignoring_own_diagnosis_a_second_unrelated_edit_does_not_poison_a_correct_one	16
tests/test_workflow.py::test_find_edits_ignoring_own_diagnosis_still_flags_a_genuine_multi_edit_no_op	16
tests/test_workflow.py::test_find_edits_ignoring_own_diagnosis_recognizes_a_deletion_shaped_fix	16
tests/test_workflow.py::test_find_edits_ignoring_own_diagnosis_deletion_signal_still_flags_a_true_no_op	16
tests/test_workflow.py::test_find_edits_ignoring_own_diagnosis_recognizes_a_cast_insertion_fix	16
tests/test_workflow.py::test_find_edits_ignoring_own_diagnosis_cast_signal_still_flags_a_true_no_op	16
tests/test_workflow.py::test_find_edits_ignoring_own_diagnosis_flags_a_stale_removal	16
tests/test_workflow.py::test_find_edits_ignoring_own_diagnosis_passes_a_clean_removal	16
tests/test_workflow.py::test_find_edits_ignoring_own_diagnosis_removal_signal_ignores_unrelated_substring	16
tests/test_workflow.py::test_find_edits_ignoring_own_diagnosis_removal_signal_ignores_result_describing_instead_of	16
tests/test_workflow.py::test_find_edits_ignoring_own_diagnosis_removal_signal_still_flags_result_describing_shape_when_genuinely_stale	16
tests/test_workflow.py::test_find_edits_ignoring_own_diagnosis_excludes_self_referential_file_path	16
tests/test_workflow.py::test_find_edits_ignoring_own_diagnosis_file_path_exclusion_still_flags_a_true_no_op	16
tests/test_workflow.py::test_find_edits_ignoring_own_diagnosis_excludes_purely_referential_bare_identifiers	16
tests/test_workflow.py::test_find_edits_ignoring_own_diagnosis_bare_identifier_exclusion_still_flags_a_code_shaped_quote	16
tests/test_workflow.py::test_find_edits_ignoring_own_diagnosis_excludes_a_bare_single_segment_filename	16
tests/test_workflow.py::test_find_edits_ignoring_own_diagnosis_recognizes_a_bare_line_print_wrap_within_a_larger_block	16
tests/test_workflow.py::test_find_edits_ignoring_own_diagnosis_bare_line_wrap_signal_still_flags_unrelated_nearby_change	16
tests/test_workflow.py::test_find_edits_ignoring_own_diagnosis_bare_line_wrap_signal_still_flags_trailing_comment_without_print	16
tests/test_workflow.py::test_find_edits_ignoring_own_diagnosis_removal_signal_takes_priority_over_addition	16
tests/test_workflow.py::test_find_edits_ignoring_own_diagnosis_removal_signal_handles_full_content_shape	16
tests/test_workflow.py::test_workflow_unaddressed_error_location_defers_to_the_real_compiler	16
tests/test_workflow.py::test_workflow_unaddressed_error_location_bypass_lets_a_companion_edit_through	16
tests/test_workflow.py::test_estimate_tokens_no_longer_undercounts_punctuation_heavy_identifiers	16
tests/test_workflow.py::test_estimate_tokens_stays_close_to_the_old_estimate_for_ordinary_prose	16
tests/test_workflow.py::test_estimate_tokens_empty_string_is_zero	16
tests/test_workflow.py::test_skeletonize_braced_code_ignores_braces_inside_string_literals	16
tests/test_workflow.py::test_python_signatures_keep_all_definitions_and_drop_bodies	16
tests/test_workflow.py::test_python_signatures_preserve_decorators_and_multiline_class_headers	16
tests/test_workflow.py::test_braced_signatures_keep_types_constructors_and_multiline_methods_only	16
tests/test_workflow.py::test_braced_signatures_do_not_misattribute_anonymous_scope_methods	16
tests/test_workflow.py::test_braced_signatures_keep_annotations_and_semicolon_members	16
tests/test_workflow.py::test_braced_skeleton_elides_constructors_regardless_of_member_position	16
tests/test_workflow.py::test_braced_skeleton_does_not_treat_control_flow_as_members	16
tests/test_workflow.py::test_java_method_signature_core_pattern_is_shared_across_all_three_call_sites	16
tests/test_workflow.py::test_braced_signatures_ignore_import_lines_inside_comments	16
tests/test_workflow.py::test_python_signatures_do_not_treat_matmul_operator_as_decorator	16
tests/test_workflow.py::test_braced_constructor_declaration_pattern_cache_is_bounded	16
tests/test_workflow.py::test_reserve_graph_context_budget_subtracts_unbounded_text_size	16
tests/test_workflow.py::test_reserve_graph_context_budget_accounts_for_multiple_unbounded_texts	16
tests/test_workflow.py::test_reserve_graph_context_budget_ignores_falsy_texts	16
tests/test_workflow.py::test_reserve_graph_context_budget_floors_instead_of_going_negative	16
tests/test_workflow.py::test_reserve_graph_context_budget_barely_affects_a_large_primary_window	16
tests/test_workflow.py::test_reserve_sibling_content_budget_scales_with_context_window	16
tests/test_workflow.py::test_reserve_sibling_content_budget_scales_down_for_a_smaller_fallback_model	16
tests/test_workflow.py::test_reserve_sibling_content_budget_is_proportional_even_in_a_tiny_window	16
tests/test_workflow.py::test_build_code_context_without_scores_keeps_old_categorical_behavior	16
tests/test_workflow.py::test_build_code_context_degrades_lowest_scored_file_first_regardless_of_category	16
tests/test_workflow.py::test_build_code_context_treats_a_file_missing_from_scores_as_lowest_priority	16
tests/test_workflow.py::test_workflow_wires_hybrid_match_scores_into_graph_rag_context_degradation	16
tests/test_workflow.py::test_workflow_pre_plan_grounding_reaches_planner_with_verified_and_hypothesis_labels	16
tests/test_workflow.py::test_workflow_pre_plan_grounding_resolves_nested_member_g1_shaped	16
tests/test_workflow.py::test_workflow_heavy_context_depth_widens_retrieval_top_k	16
tests/test_workflow.py::test_workflow_heavy_process_profile_records_telemetry_only	16
tests/test_workflow.py::test_workflow_context_depth_disabled_by_default_keeps_top_k_five	16
tests/test_workflow.py::test_find_structural_corruption_catches_the_real_duplicate_class_shape	16
tests/test_workflow.py::test_find_structural_corruption_none_for_balanced_java	16
tests/test_workflow.py::test_find_structural_corruption_rejects_prose_after_java_compilation_unit	16
tests/test_workflow.py::test_find_structural_corruption_detects_unclosed_and_extra_braces	16
tests/test_workflow.py::test_apply_anchored_edits_handles_search_block_with_different_blank_line_count_than_content	16
tests/test_workflow.py::test_apply_anchored_edits_still_rejects_genuinely_ambiguous_window_match	16
tests/test_workflow.py::test_apply_anchored_edits_still_rejects_zero_matches	16
tests/test_workflow.py::test_apply_anchored_edits_grounds_a_chained_edit_against_evolving_content	16
tests/test_workflow.py::test_apply_anchored_edits_chained_grounding_still_rejects_fabricated_search_text	16
tests/test_workflow.py::test_find_structural_corruption_xml_well_formed_vs_malformed	16
tests/test_workflow.py::test_find_structural_corruption_ignores_other_extensions	16
tests/test_workflow.py::test_find_structural_corruption_catches_a_complete_brace_balanced_duplicate_class	16
tests/test_workflow.py::test_find_structural_corruption_does_not_flag_a_legitimately_named_nested_class	16
tests/test_workflow.py::test_find_cross_file_type_conflict_finds_a_hit	16
tests/test_workflow.py::test_find_cross_file_type_conflict_no_hit_for_unrelated_name	16
tests/test_workflow.py::test_find_cross_file_type_conflict_excludes_own_path	16
tests/test_workflow.py::test_find_cross_file_type_conflict_checks_every_candidate_name	16
tests/test_workflow.py::test_atomic_write_file_writes_correct_content	16
tests/test_workflow.py::test_atomic_write_file_leaves_no_temp_file_behind	16
tests/test_workflow.py::test_atomic_write_file_overwrites_existing_content_completely	16
tests/test_workflow.py::test_revision_grounded_batch_preflights_every_file_before_writing	16
tests/test_workflow.py::test_revision_grounded_batch_rolls_back_an_interrupted_commit	16
tests/test_workflow.py::test_revision_grounded_batch_can_guard_workspace_source_for_new_sandbox_target	16
tests/test_workflow.py::test_workflow_structural_corruption_rejects_before_compiling	16
tests/test_workflow.py::test_incomplete_generation_error_carries_missing_files	16
tests/test_workflow.py::test_build_missing_files_retry_prompt_frames_missing_and_reference_files	16
tests/test_workflow.py::test_build_full_set_retry_prompt_includes_prior_attempt_content	16
tests/test_workflow.py::test_build_full_set_retry_prompt_includes_required_dependencies_checklist	16
tests/test_workflow.py::test_build_full_set_retry_prompt_empty_when_nothing_written_yet	16
tests/test_workflow.py::test_workflow_missing_file_recovery_does_not_escalate_or_consume_fullset_budget	16
tests/test_workflow.py::test_write_skill_extraction_never_overwrites_existing_example	16
tests/test_workflow.py::test_write_skill_extraction_collapses_embedded_newlines_in_a_rule	16
tests/test_workflow.py::test_stage_skill_conflicts_collapses_embedded_newlines	16
tests/test_workflow.py::test_create_git_worktree_carries_over_uncommitted_changes	16
tests/test_workflow.py::test_create_git_worktree_scopes_nested_workspace_without_enclosing_repo_markers	16
tests/test_workflow.py::test_create_git_worktree_bootstraps_true_greenfield_before_isolation	16
tests/test_workflow.py::test_greenfield_bootstrap_failure_fails_closed_before_candidate_writes	16
tests/test_workflow.py::test_successful_greenfield_workflow_retains_generated_files_and_git_repository	16
tests/test_workflow.py::test_create_git_worktree_carries_over_a_wholly_untracked_directory	16
tests/test_workflow.py::test_create_git_worktree_removes_files_deleted_in_working_tree	16
tests/test_workflow.py::test_create_git_worktree_reset_advances_to_new_commits_on_reuse	16
tests/test_workflow.py::test_create_git_worktree_handles_a_repo_with_zero_commits	16
tests/test_workflow.py::test_remove_git_worktree_resets_to_current_commit_not_creation_time_commit	16
tests/test_workflow.py::test_workflow_multi_skill_gap_prompt_does_not_misattribute_extraction	16
tests/test_workflow.py::test_scoped_skill_gap_description_names_only_the_one_skill	16
tests/test_workflow.py::test_likely_misattributed_sibling_catches_real_observed_case	16
tests/test_workflow.py::test_likely_misattributed_sibling_accepts_genuinely_on_topic_content	16
tests/test_workflow.py::test_likely_misattributed_sibling_no_siblings_never_flags	16
tests/test_workflow.py::test_likely_misattributed_sibling_abstains_when_target_identity_is_all_stopwords	16
tests/test_workflow.py::test_filter_misattributed_extraction_drops_only_the_misattributed_entries	16
tests/test_workflow.py::test_workflow_gate_outcome_records_attribution_tier	16
tests/test_workflow.py::test_workflow_self_diagnosis_redirects_after_confirmed_repeat_failure	16
tests/test_workflow.py::test_workflow_self_diagnosis_redirects_to_an_established_file_this_run_never_wrote	16
tests/test_workflow.py::test_workflow_run_verifier_judge_sees_established_files_too	16
tests/test_workflow.py::test_workflow_diagnosis_mismatch_redirects_back_to_the_same_file	16
tests/test_workflow.py::test_check_plan_completeness_flags_empty_plan	16
tests/test_workflow.py::test_check_plan_completeness_accepts_a_short_but_nonempty_plan	16
tests/test_workflow.py::test_check_plan_completeness_flags_unclosed_code_fence	16
tests/test_workflow.py::test_check_plan_completeness_accepts_a_complete_plan	16
tests/test_workflow.py::test_classify_plan_completeness_valid_json_survives_cosmetic_fence_mismatch	16
tests/test_workflow.py::test_classify_plan_completeness_exact_g1r3_shape_is_unauthorized_path_not_incomplete	16
tests/test_workflow.py::test_classify_plan_completeness_flags_path_traversal_as_unauthorized	16
tests/test_workflow.py::test_classify_plan_completeness_flags_directory_shaped_path_as_unauthorized	16
tests/test_workflow.py::test_classify_plan_completeness_flags_non_path_schema_defect_as_schema_invalid	16
tests/test_workflow.py::test_classify_plan_completeness_flags_genuinely_truncated_json_no_closing_fence	16
tests/test_workflow.py::test_classify_plan_completeness_flags_malformed_json_that_did_parse_as_fence_closed	16
tests/test_workflow.py::test_classify_plan_completeness_flags_empty_plan	16
tests/test_workflow.py::test_classify_plan_completeness_accepts_short_terse_plan_with_no_json_block	16
tests/test_workflow.py::test_classify_plan_completeness_flags_prose_only_plan_with_unclosed_fence_and_no_json	16
tests/test_workflow.py::test_classify_plan_completeness_accepts_prose_only_plan_with_closed_fence_and_no_json	16
tests/test_workflow.py::test_planner_prompt_includes_skill_conventions_reminder	16
tests/test_workflow.py::test_planner_prompt_no_skill_reminder_without_active_skills	16
tests/test_workflow.py::test_workflow_stops_early_when_planner_output_is_truncated	16
tests/test_workflow.py::test_workflow_stops_early_with_unauthorized_path_status_for_exact_g1r3_shape	16
tests/test_workflow.py::test_workflow_stops_early_with_schema_invalid_status_for_non_path_defect	16
tests/test_workflow.py::test_workflow_valid_g1r3_shaped_plan_with_relative_path_proceeds_to_architect	16
tests/test_workflow.py::test_workflow_genuine_truncated_json_still_stops_as_planner_output_incomplete	16
tests/test_workflow.py::test_architect_prompt_includes_skill_conventions_reminder	16
tests/test_workflow.py::test_architect_prompt_no_skill_reminder_without_active_skills	16
tests/test_workflow.py::test_ensure_repository_indexed_skips_when_already_indexed	16
tests/test_workflow.py::test_ensure_repository_indexed_runs_once_when_graph_empty	16
tests/test_workflow.py::test_ensure_repository_indexed_swallows_index_failure	16
tests/test_workflow.py::test_run_generation_workflow_auto_index_disabled_by_default	16
tests/test_workflow.py::test_run_generation_workflow_auto_index_enabled_runs_before_generation	16
tests/test_workflow.py::test_repair_contract_authorized_scope_stays_separate_from_participation	16
tests/test_workflow.py::test_run_attempt_coordinated_repair_denies_unauthorized_participant_atomically	16
tests/test_workflow.py::test_build_coordinated_retry_prompt_forbids_local_wording_and_shows_contract	16
tests/test_workflow.py::test_run_coordinated_repair_generation_allows_participant_no_change	16
tests/test_workflow.py::test_run_attempt_coordinated_contract_survives_compile_failure_across_attempts	16
tests/test_workflow.py::test_derive_repair_groups_5_participant_multi_group_dependency_propagation	16
tests/test_workflow.py::test_run_coordinated_repair_generation_fresh_candidate_view_each_call	16
tests/test_workflow.py::test_derive_repair_groups_python_heterogeneous_artifacts_no_java_or_maven	16
tests/test_workflow.py::test_derive_repair_groups_jvm_heterogeneous_artifacts_build_and_config	16
tests/test_workflow.py::test_derive_repair_groups_literal_worked_example_filenames	16
tests/test_workflow.py::test_known_target_context_supplies_the_real_source_content_separately	16
tests/test_workflow.py::test_known_target_package_recorded_as_run_evidence	16
tests/test_workflow.py::test_targeted_retry_context_uses_current_worktree_revision_java	16
tests/test_workflow.py::test_targeted_retry_context_uses_current_worktree_revision_python	16
tests/test_workflow.py::test_graph_context_excludes_a_path_already_shown_via_retry_evidence	16
tests/test_workflow.py::test_context_budget_functions_carry_no_write_authority_parameters	16
tests/test_workflow.py::test_known_target_priority_does_not_alter_ctx_write_scope	16
tests/test_workflow.py::test_known_target_with_graph_rag_member_evidence_triggers_member_aware_context	16
tests/test_workflow.py::test_known_target_without_member_evidence_retains_file_level_fallback	16
tests/test_workflow.py::test_c2_p0_large_file_production_reachable_member_retained_no_manual_hints	16
tests/test_workflow.py::test_retry_failure_location_triggers_member_aware_retry_context_java	16
tests/test_workflow.py::test_retry_failure_location_triggers_member_aware_retry_context_python	16
tests/test_workflow.py::test_retry_worktree_version_b_member_selected_over_stale_workspace_version_a	16
tests/test_workflow.py::test_retry_failure_location_does_not_authorize_an_unimplicated_file	16
tests/test_workflow.py::test_member_hint_generation_does_not_expand_write_authority	16
tests/test_workflow.py::test_source_cache_reused_across_two_real_run_attempt_calls	16
tests/test_workflow.py::test_source_cache_does_not_interfere_with_member_rename_fallback	16
tests/test_workflow_approval_policy_audit.py::test_audit_call_is_a_no_op_when_control_is_none	16
tests/test_workflow_approval_policy_audit.py::test_audit_call_never_raises_even_when_policy_engine_is_broken	16
tests/test_workflow_approval_policy_audit.py::test_audit_call_observes_engineering_route_and_process_profile	16
tests/test_workflow_approval_policy_audit.py::test_audit_call_issues_one_request_per_file	16
tests/test_workflow_approval_policy_audit.py::test_real_stage_seven_actually_fires_for_this_call_shape	16
tests/test_workflow_authorize_action.py::test_default_enforce_false_never_raises_regardless_of_decision	16
tests/test_workflow_authorize_action.py::test_enforce_false_never_invokes_approval_callback	16
tests/test_workflow_authorize_action.py::test_enforce_true_deny_raises_without_invoking_callback	16
tests/test_workflow_authorize_action.py::test_enforce_true_allow_and_allow_sandboxed_never_raise_or_call_back	16
tests/test_workflow_authorize_action.py::test_enforce_true_require_approval_with_no_callback_raises	16
tests/test_workflow_authorize_action.py::test_enforce_true_require_approval_sync_callback_true_returns_result	16
tests/test_workflow_authorize_action.py::test_enforce_true_require_approval_sync_callback_false_raises	16
tests/test_workflow_authorize_action.py::test_enforce_true_require_approval_async_callback_is_awaited	16
tests/test_workflow_authorize_action.py::test_callback_is_invoked_with_the_real_diffs_shape_and_explanation	16
tests/test_workflow_authorize_action.py::test_broken_policy_engine_never_blocks_regardless_of_enforce	16
tests/test_workflow_authorize_action.py::test_stage_2a_wiring_never_affects_the_real_gap_approval_decision	16
tests/test_workflow_authorize_action.py::test_stage_2a_enforce_true_deny_raises_before_the_aggregate_prompt	16
tests/test_workflow_authorize_action.py::test_stage_2a_enforce_true_require_approval_asks_once_not_per_library	16
tests/test_workflow_authorize_action.py::test_stage_2a_enforce_true_require_approval_rejected_aborts_via_existing_path	16
tests/test_workflow_controller.py::test_compute_abandoned_plan_files_flags_a_file_from_a_completed_subtask_the_new_plan_no_longer_declares	16
tests/test_workflow_controller.py::test_compute_abandoned_plan_files_leaves_a_file_the_new_plan_still_declares	16
tests/test_workflow_controller.py::test_compute_abandoned_plan_files_ignores_a_subtask_that_never_completed	16
tests/test_workflow_controller.py::test_quarantine_abandoned_plan_files_moves_the_file_and_leaves_no_original	16
tests/test_workflow_controller.py::test_quarantine_abandoned_plan_files_preserves_subdirectory_structure	16
tests/test_workflow_controller.py::test_quarantine_abandoned_plan_files_skips_a_file_that_no_longer_exists	16
tests/test_workflow_controller.py::test_enforce_migration_mode_is_now_accepted_not_rejected	16
tests/test_workflow_controller.py::test_unknown_migration_mode_is_rejected	16
tests/test_workflow_controller.py::test_legacy_mode_never_touches_the_shadow_path	16
tests/test_workflow_controller.py::test_legacy_mode_forwards_legacy_kwargs_unchanged	16
tests/test_workflow_controller.py::test_execute_persists_control_state_to_disk	16
tests/test_workflow_controller.py::test_control_state_persist_failure_is_non_fatal	16
tests/test_workflow_controller.py::test_milestone_kind_attaches_milestone_metadata	16
tests/test_workflow_controller.py::test_milestone_kind_with_no_group_id_leaves_state_unchanged	16
tests/test_workflow_controller.py::test_refactor_kind_attaches_real_git_baseline	16
tests/test_workflow_controller.py::test_task_kind_gets_no_extra_bookkeeping	16
tests/test_workflow_controller.py::test_shadow_mode_still_returns_the_real_legacy_result_unchanged	16
tests/test_workflow_controller.py::test_shadow_mode_populates_subtask_results_decisions_and_verification_report	16
tests/test_workflow_controller.py::test_shadow_mode_records_undeclared_file_touch_decision	16
tests/test_workflow_controller.py::test_shadow_mode_no_structured_plan_leaves_shadow_fields_empty_but_legacy_still_runs	16
tests/test_workflow_controller.py::test_shadow_mode_plan_validation_failure_still_lets_legacy_run	16
tests/test_workflow_controller.py::test_shadow_mode_never_really_executes_a_tool_tagged_subtask	16
tests/test_workflow_controller.py::test_shadow_mode_exception_is_swallowed_and_never_fails_the_real_run	16
tests/test_workflow_controller.py::test_shadow_context_includes_real_on_disk_planned_file_content	16
tests/test_workflow_controller.py::test_shadow_context_surfaces_persisted_contract_and_artifact_entries	16
tests/test_workflow_controller.py::test_shadow_context_empty_registries_are_honest_not_an_error	16
tests/test_workflow_controller.py::test_execute_milestones_calls_run_milestones_with_the_real_run_state_and_kwargs	16
tests/test_workflow_controller.py::test_execute_milestones_persists_control_state_keyed_by_group_id	16
tests/test_workflow_controller.py::test_execute_milestones_initial_persist_failure_fails_closed_before_execution	16
tests/test_workflow_controller.py::test_execute_milestones_final_persist_failure_overrides_success	16
tests/test_workflow_controller.py::test_execute_milestones_persists_initial_state_before_running_m1	16
tests/test_workflow_controller.py::test_execute_milestones_propagates_a_real_run_milestones_failure_result	16
tests/test_workflow_controller_enforce.py::test_scope_conflict_owner_resolution_accepts_unique_transitive_upstream_owner	16
tests/test_workflow_controller_enforce.py::test_future_owner_verification_defers_exact_multi_hop_capability_chain	16
tests/test_workflow_controller_enforce.py::test_future_owner_verification_does_not_defer_unrelated_already_satisfied_capability	16
tests/test_workflow_controller_enforce.py::test_future_owner_verification_does_not_defer_on_missing_provider	16
tests/test_workflow_controller_enforce.py::test_future_owner_verification_fails_closed_on_multiple_providers_for_same_capability	16
tests/test_workflow_controller_enforce.py::test_future_owner_verification_does_not_defer_when_future_owner_already_completed	16
tests/test_workflow_controller_enforce.py::test_future_owner_verification_obligation_settles_satisfied_when_future_owner_later_passes	16
tests/test_workflow_controller_enforce.py::test_future_owner_verification_obligation_settles_violated_when_future_owner_still_fails	16
tests/test_workflow_controller_enforce.py::test_future_owner_verification_leaves_existing_scope_recovery_case_unaffected	16
tests/test_workflow_controller_enforce.py::test_grounded_controller_revises_and_revalidates_service_only_scope	16
tests/test_workflow_controller_enforce.py::test_subtask_goal_preserves_overall_constraints_and_mapped_acceptance_without_expanding_scope	16
tests/test_workflow_controller_enforce.py::test_subtask_goal_text_without_grounding_goal_is_unchanged	16
tests/test_workflow_controller_enforce.py::test_subtask_goal_text_separates_authoritative_goal_from_planner_strategy	16
tests/test_workflow_controller_enforce.py::test_subtask_semantic_context_projects_invariants_upstream_and_downstream_contracts	16
tests/test_workflow_controller_enforce.py::test_test_subtask_context_assigns_process_evidence_only_to_runtime_owner	16
tests/test_workflow_controller_enforce.py::test_plan_repair_prompt_is_json_only_and_gives_exact_unscoped_check_correction	16
tests/test_workflow_controller_enforce.py::test_plan_repair_prompt_gives_exact_schema_contract_and_extension_evidence	16
tests/test_workflow_controller_enforce.py::test_plan_repair_prompt_resolves_duplicate_file_ownership_without_weakening_scope	16
tests/test_workflow_controller_enforce.py::test_plan_repair_prompt_gives_targeted_correction_for_missing_production_artifact	16
tests/test_workflow_controller_enforce.py::test_plan_repair_prompt_gives_targeted_correction_for_miswired_dependency_edge	16
tests/test_workflow_controller_enforce.py::test_plan_repair_prompt_aligns_semantic_provider_with_grounded_owner	16
tests/test_workflow_controller_enforce.py::test_extension_points_obligation_recorded_satisfied_when_present	16
tests/test_workflow_controller_enforce.py::test_extension_points_obligation_recorded_violated_when_missing	16
tests/test_workflow_controller_enforce.py::test_extension_points_satisfied_state_now_flows_into_must_preserve	16
tests/test_workflow_controller_enforce.py::test_plan_repair_prompt_directs_unknown_global_invariant_to_declared_ids	16
tests/test_workflow_controller_enforce.py::test_normalized_ownership_diagnostic_exposes_duplicate_claims_without_inventing_symbols	16
tests/test_workflow_controller_enforce.py::test_planning_diagnostics_append_bounded_local_attempt_records	16
tests/test_workflow_controller_enforce.py::test_approved_plan_diagnostic_dumps_runtime_ownership_contract	16
tests/test_workflow_controller_enforce.py::test_planned_prerequisite_revision_wires_owner_upstream_without_moving_ownership	16
tests/test_workflow_controller_enforce.py::test_resolve_python_module_to_candidate_artifact_path_picks_module_file_form	16
tests/test_workflow_controller_enforce.py::test_resolve_python_module_to_candidate_artifact_path_refuses_bare_top_level_name	16
tests/test_workflow_controller_enforce.py::test_resolve_python_module_to_candidate_artifact_path_refuses_when_parent_package_missing	16
tests/test_workflow_controller_enforce.py::test_resolve_python_module_to_candidate_artifact_path_refuses_when_module_file_already_exists	16
tests/test_workflow_controller_enforce.py::test_resolve_python_module_to_candidate_artifact_path_refuses_when_package_dir_already_exists	16
tests/test_workflow_controller_enforce.py::test_resolve_runtime_plan_gap_owner_picks_the_init_py_owner_not_any_directory_owner	16
tests/test_workflow_controller_enforce.py::test_resolve_runtime_plan_gap_owner_refuses_when_no_parent_directory	16
tests/test_workflow_controller_enforce.py::test_resolve_runtime_plan_gap_owner_refuses_when_init_py_is_multi_owned	16
tests/test_workflow_controller_enforce.py::test_resolve_runtime_plan_gap_owner_refuses_owner_not_upstream_of_failing_subtask	16
tests/test_workflow_controller_enforce.py::test_revise_plan_for_runtime_plan_gap_adds_exactly_one_planned_file_to_the_owner	16
tests/test_workflow_controller_enforce.py::test_revise_plan_for_runtime_plan_gap_rejects_unknown_owner	16
tests/test_workflow_controller_enforce.py::test_revise_plan_for_runtime_plan_gap_rejects_already_planned_path	16
tests/test_workflow_controller_enforce.py::test_authoritative_planner_request_forbids_unsupported_tool_stages_without_changing_goal	16
tests/test_workflow_controller_enforce.py::test_authoritative_planner_request_carries_testability_and_tooling_dag_guidance	16
tests/test_workflow_controller_enforce.py::test_plan_repair_prompt_contains_exact_prerequisite_correction_tuple	16
tests/test_workflow_controller_enforce.py::test_manifest_missing_evidence_is_actionable_and_structured	16
tests/test_workflow_controller_enforce.py::test_manifest_missing_evidence_reaches_the_real_repair_prompt	16
tests/test_workflow_controller_enforce.py::test_manifest_missing_repair_correction_preserves_consumer_identity	16
tests/test_workflow_controller_enforce.py::test_manifest_missing_repair_correction_preserves_provider_requirement	16
tests/test_workflow_controller_enforce.py::test_manifest_missing_repair_correction_states_ordering_requirement	16
tests/test_workflow_controller_enforce.py::test_manifest_missing_repaired_plan_current_self_provided_manifest_passes	16
tests/test_workflow_controller_enforce.py::test_manifest_missing_repaired_plan_with_ordered_provider_passes	16
tests/test_workflow_controller_enforce.py::test_manifest_missing_future_ordered_provider_still_fails	16
tests/test_workflow_controller_enforce.py::test_manifest_missing_correction_does_not_fire_for_unrelated_reason_codes	16
tests/test_workflow_controller_enforce.py::test_authoritative_planner_system_prompt_carries_testability_and_tooling_dag_guidance	16
tests/test_workflow_controller_enforce.py::test_authoritative_planner_system_prompt_pairs_application_runtime_with_requires_runtime_execution	16
tests/test_workflow_controller_enforce.py::test_authoritative_planner_system_prompt_states_complete_application_runtime_four_field_relationship	16
tests/test_workflow_controller_enforce.py::test_repair_prompt_states_the_identical_application_runtime_four_field_relationship	16
tests/test_workflow_controller_enforce.py::test_application_runtime_repair_correction_does_not_disturb_compile_and_test_instructions	16
tests/test_workflow_controller_enforce.py::test_authoritative_planner_system_prompt_carries_integration_relationship_guidance	16
tests/test_workflow_controller_enforce.py::test_planner_structured_output_parses_a_real_integration_relationships_response	16
tests/test_workflow_controller_enforce.py::test_task_planner_request_supplies_existing_paths_for_brownfield_owner_selection	16
tests/test_workflow_controller_enforce.py::test_authoritative_planner_request_supplies_route_extension_candidates	16
tests/test_workflow_controller_enforce.py::test_planner_repository_evidence_keeps_goal_relevant_owner_inside_bound	16
tests/test_workflow_controller_enforce.py::test_enforce_planner_calls_use_json_only_system_contract	16
tests/test_workflow_controller_enforce.py::test_enforce_classifies_schema_invalid_plan_separately_from_json_parse_failure	16
tests/test_workflow_controller_enforce.py::test_enforce_knowledge_guard_stops_before_structured_planning	16
tests/test_workflow_controller_enforce.py::test_enforce_calls_run_generation_workflow_once_per_subtask	16
tests/test_workflow_controller_enforce.py::test_enforce_canonicalizes_wrong_action_instead_of_repairing	16
tests/test_workflow_controller_enforce.py::test_enforce_reuses_one_skill_registry_and_projects_resolved_knowledge	16
tests/test_workflow_controller_enforce.py::test_enforce_logs_a_subtask_progress_banner_before_each_subtask	16
tests/test_workflow_controller_enforce.py::test_enforce_threads_established_files_forward_to_the_next_subtask	16
tests/test_workflow_controller_enforce.py::test_enforce_subtask_goal_text_names_the_real_subtask_and_dependency	16
tests/test_workflow_controller_enforce.py::test_enforce_stops_at_first_failing_subtask_never_calls_the_dependent	16
tests/test_workflow_controller_enforce.py::test_enforce_surfaces_knowledge_gap_from_the_first_subtask_to_the_top_level	16
tests/test_workflow_controller_enforce.py::test_enforce_does_not_surface_knowledge_gap_from_a_later_subtask	16
tests/test_workflow_controller_enforce.py::test_enforce_never_forwards_trace_id_override_to_a_subtask_call	16
tests/test_workflow_controller_enforce.py::test_enforce_repairs_late_unscoped_model_subtask_before_execution	16
tests/test_workflow_controller_enforce.py::test_enforce_repairs_unknown_global_invariant_reference_by_id	16
tests/test_workflow_controller_enforce.py::test_enforce_structured_plan_unavailable_never_degrades_to_legacy	16
tests/test_workflow_controller_enforce.py::test_enforce_plan_repair_exhaustion_fails_closed_without_legacy_execution	16
tests/test_workflow_controller_enforce.py::test_structural_evidence_resolves_imports_calls_and_constructor_instantiation	16
tests/test_workflow_controller_enforce.py::test_structural_evidence_is_empty_for_candidates_with_no_real_relationship	16
tests/test_workflow_controller_enforce.py::test_p7_reproduction_structural_evidence_resolves_interface_module_boundary	16
tests/test_workflow_controller_enforce.py::test_missing_grounded_production_artifact_flags_the_exact_omitted_file	16
tests/test_workflow_controller_enforce.py::test_missing_grounded_production_artifact_is_silent_when_target_declared_preserved	16
tests/test_workflow_controller_enforce.py::test_missing_grounded_production_artifact_preservation_is_per_source_not_path	16
tests/test_workflow_controller_enforce.py::test_missing_grounded_production_artifact_preserved_reference_to_a_nonexistent_edge_is_inert	16
tests/test_workflow_controller_enforce.py::test_missing_grounded_production_artifact_acceptance_records_satisfied_preserved_reference	16
tests/test_workflow_controller_enforce.py::test_missing_grounded_production_artifact_no_obligation_recorded_without_ledger	16
tests/test_workflow_controller_enforce.py::test_preserved_reference_silently_dropped_between_revisions_is_recorded_violated	16
tests/test_workflow_controller_enforce.py::test_preserved_reference_still_declared_is_not_spuriously_flagged_as_dropped	16
tests/test_workflow_controller_enforce.py::test_enforce_preserved_reference_terminal_integrity_passes_when_target_unchanged	16
tests/test_workflow_controller_enforce.py::test_enforce_preserved_reference_terminal_integrity_flags_a_mutated_target	16
tests/test_workflow_controller_enforce.py::test_missing_grounded_production_artifact_is_silent_for_production_source_with_one_unplanned_dependency	16
tests/test_workflow_controller_enforce.py::test_missing_grounded_production_artifact_is_silent_for_production_source_with_multiple_unplanned_dependencies	16
tests/test_workflow_controller_enforce.py::test_missing_grounded_production_artifact_is_silent_when_the_owner_is_planned	16
tests/test_workflow_controller_enforce.py::test_missing_grounded_production_artifact_flags_edge_miswiring_when_owner_exists	16
tests/test_workflow_controller_enforce.py::test_grounded_edge_rejects_semantic_provider_mismatch_even_with_both_dependencies	16
tests/test_workflow_controller_enforce.py::test_grounded_plan_completeness_matrix_rejects_absence_and_miswire_then_accepts_alignment	16
tests/test_workflow_controller_enforce.py::test_authoritative_planner_request_includes_structural_evidence_when_present	16
tests/test_workflow_controller_enforce.py::test_enforce_flags_missing_grounded_production_artifact_and_exhausts_on_repair	16
tests/test_workflow_controller_enforce.py::test_enforce_reports_grounded_semantic_provider_mismatch	16
tests/test_workflow_controller_enforce.py::test_enforce_complete_plan_is_not_blocked_by_structural_completeness_check	16
tests/test_workflow_controller_enforce.py::test_enforce_surfaces_grounded_out_of_scope_repair_as_plan_revision	16
tests/test_workflow_controller_enforce.py::test_enforce_reopens_unique_upstream_owner_and_reruns_consumer	16
tests/test_workflow_controller_enforce.py::test_enforce_owner_recovery_no_progress_blocks_completion_and_never_resumes_consumer	16
tests/test_workflow_controller_enforce.py::test_enforce_owner_recovery_wrong_fix_blocks_completion_and_never_resumes_consumer	16
tests/test_workflow_controller_enforce.py::test_enforce_owner_recovery_correct_fix_via_reference_token_completes_and_resumes_consumer	16
tests/test_workflow_controller_enforce.py::test_enforce_recovery_plan_single_owner_matches_legacy_behavior	16
tests/test_workflow_controller_enforce.py::test_enforce_recovery_plan_two_artifacts_one_owner	16
tests/test_workflow_controller_enforce.py::test_enforce_recovery_plan_two_artifacts_two_owners_pom_and_app	16
tests/test_workflow_controller_enforce.py::test_enforce_recovery_plan_three_artifacts_two_owners	16
tests/test_workflow_controller_enforce.py::test_derive_recovery_participants_excludes_artifact_without_grounded_evidence	16
tests/test_workflow_controller_enforce.py::test_build_recovery_execution_plan_fails_closed_on_ambiguous_owner	16
tests/test_workflow_controller_enforce.py::test_enforce_recovery_plan_group_upstream_changes_group_downstream_sees_it	16
tests/test_workflow_controller_enforce.py::test_enforce_recovery_plan_group_unchanged_is_no_progress	16
tests/test_workflow_controller_enforce.py::test_enforce_recovery_plan_all_groups_pass_locally_but_consumer_still_fails	16
tests/test_workflow_controller_enforce.py::test_enforce_recovery_plan_consumer_resumes_exactly_once	16
tests/test_workflow_controller_enforce.py::test_enforce_recovery_plan_later_distinct_two_owner_requirement_reopens_same_owners	16
tests/test_workflow_controller_enforce.py::test_enforce_recovery_plan_runtime_verification_multi_owner	16
tests/test_workflow_controller_enforce.py::test_enforce_recovery_plan_read_context_artifact_never_enters_write_scope	16
tests/test_workflow_controller_enforce.py::test_enforce_recovery_plan_group_two_fails_after_group_one_staged_success	16
tests/test_workflow_controller_enforce.py::test_derive_recovery_participants_model_naming_alone_cannot_promote_verify	16
tests/test_workflow_controller_enforce.py::test_compiler_failure_cross_owner_obligation_is_deterministic	16
tests/test_workflow_controller_enforce.py::test_deterministic_write_scope_evidence_cross_owner_obligation_is_deterministic	16
tests/test_workflow_controller_enforce.py::test_attribution_rejected_cross_owner_obligation_is_not_deterministic	16
tests/test_workflow_controller_enforce.py::test_deterministic_evidence_outranks_a_prior_advisory_obligation	16
tests/test_workflow_controller_enforce.py::test_scope_conflict_evidence_authority_unrecognized_tier_fails_toward_judgment	16
tests/test_workflow_controller_enforce.py::test_derive_recovery_participants_grounded_evidence_is_must_change	16
tests/test_workflow_controller_enforce.py::test_enforce_recovery_plan_must_change_and_verify_unchanged_consumer_passes	16
tests/test_workflow_controller_enforce.py::test_enforce_recovery_plan_verify_unchanged_then_consumer_fail_promotes_to_must_change	16
tests/test_workflow_controller_enforce.py::test_enforce_recovery_plan_must_change_unchanged_still_no_progress	16
tests/test_workflow_controller_enforce.py::test_order_recovery_groups_fails_closed_on_cycle	16
tests/test_workflow_controller_enforce.py::test_attempt_owner_recovery_self_correction_returns_none_when_disabled	16
tests/test_workflow_controller_enforce.py::test_attempt_owner_recovery_self_correction_returns_none_without_raw_evidence	16
tests/test_workflow_controller_enforce.py::test_attempt_owner_recovery_self_correction_rejects_trivial_resolve_with_no_real_change	16
tests/test_workflow_controller_enforce.py::test_attempt_owner_recovery_self_correction_returns_candidate_on_real_fix	16
tests/test_workflow_controller_enforce.py::test_enforce_recovery_plan_self_correction_produces_candidate_and_resumes_consumer	16
tests/test_workflow_controller_enforce.py::test_enforce_recovery_plan_self_correction_still_wrong_fix_caught_by_no_progress	16
tests/test_workflow_controller_enforce.py::test_enforce_recovery_plan_non_java_fixture	16
tests/test_workflow_controller_enforce.py::test_enforce_recovery_plan_atomic_rejection_one_group_corrupt	16
tests/test_workflow_controller_enforce.py::test_enforce_reopens_completed_predecessor_for_authoritative_deterministic_scope_conflict_instead_of_merging	16
tests/test_workflow_controller_enforce.py::test_enforce_surfaces_unrelated_owner_scope_conflict_as_plan_revision_required_instead_of_merging	16
tests/test_workflow_controller_enforce.py::test_enforce_revises_service_scope_to_grounded_controller_and_continues	16
tests/test_workflow_controller_enforce.py::test_enforce_grounds_stale_pinned_test_scope_denial_and_merges_to_success	16
tests/test_workflow_controller_enforce.py::test_enforce_merge_self_satisfies_per_file_requires_capabilities_via_real_validate_plan	16
tests/test_workflow_controller_enforce.py::test_enforce_preserved_reference_acceptance_and_terminal_integrity_gate_a_real_run	16
tests/test_workflow_controller_enforce.py::test_enforce_preserved_reference_terminal_integrity_fails_a_real_run_on_mutation	16
tests/test_workflow_controller_enforce.py::test_enforce_schema_self_heal_does_not_consume_a_real_repair_slot	16
tests/test_workflow_controller_enforce.py::test_enforce_reopens_owner_with_grounded_diagnosis_and_commits_plan_atomically	16
tests/test_workflow_controller_enforce.py::test_enforce_discards_successful_earlier_subtask_when_plan_fails	16
tests/test_workflow_controller_enforce.py::test_enforce_terminal_commit_resolves_dependency_ordered_same_path_ownership	16
tests/test_workflow_controller_enforce.py::test_enforce_never_calls_run_generation_workflow_a_bonus_legacy_time	16
tests/test_workflow_controller_enforce.py::test_enforce_persists_control_state	16
tests/test_workflow_controller_enforce.py::test_enforce_aggregated_result_includes_real_subtask_retry_locality_data	16
tests/test_workflow_controller_enforce.py::test_enforce_retry_locality_data_present_even_on_a_failed_subtask	16
tests/test_workflow_controller_enforce.py::test_enforce_derives_and_persists_real_artifacts_on_full_success	16
tests/test_workflow_controller_enforce.py::test_enforce_global_final_state_check_downgrades_success_when_migration_incomplete	16
tests/test_workflow_controller_enforce.py::test_enforce_global_final_state_check_fails_closed_on_its_own_internal_error	16
tests/test_workflow_controller_enforce.py::test_enforce_does_not_derive_artifacts_when_a_subtask_fails	16
tests/test_workflow_controller_enforce.py::test_enforce_artifact_derivation_failure_fails_closed	16
tests/test_workflow_controller_enforce.py::test_enforce_aggregated_status_is_failed_if_only_some_subtasks_ran	16
tests/test_workflow_controller_enforce.py::test_enforce_persists_subtask_states_after_each_subtask	16
tests/test_workflow_controller_enforce.py::test_enforce_persists_in_progress_stage_before_generation_call	16
tests/test_workflow_controller_enforce.py::test_enforce_without_resume_flag_never_skips_even_with_prior_state	16
tests/test_workflow_controller_enforce.py::test_enforce_resume_skips_every_subtask_when_the_whole_plan_already_completed	16
tests/test_workflow_controller_enforce.py::test_enforce_resume_skips_nothing_when_the_control_state_run_record_is_gone	16
tests/test_workflow_controller_enforce.py::test_enforce_resume_never_skips_sandbox_only_completions_after_a_crash	16
tests/test_workflow_controller_enforce.py::test_enforce_resume_after_a_committed_sandbox_plan_reuses_it_and_changes_nothing	16
tests/test_workflow_controller_enforce.py::test_enforce_refused_resume_still_quarantines_files_of_a_committed_sandbox_plan	16
tests/test_workflow_controller_enforce.py::test_enforce_refused_resume_never_quarantines_user_files_named_by_sandbox_only_completions	16
tests/test_workflow_controller_enforce.py::test_enforce_resume_reuses_nothing_from_a_legacy_control_state_without_a_completion_scope	16
tests/test_workflow_controller_enforce.py::test_enforce_resume_skips_only_the_subtasks_already_completed	16
tests/test_workflow_controller_enforce.py::test_enforce_resume_refused_when_plan_hash_differs	16
tests/test_workflow_controller_enforce.py::test_enforce_resume_refused_quarantines_abandoned_plan_files	16
tests/test_workflow_controller_enforce.py::test_enforce_resume_refused_when_workspace_has_drifted	16
tests/test_workflow_controller_enforce.py::test_enforce_resume_with_no_prior_state_behaves_like_a_fresh_run	16
tests/test_workflow_controller_enforce.py::test_enforce_resume_passes_own_progress_flag_to_validate_plan_when_a_subtask_already_completed	16
tests/test_workflow_controller_enforce.py::test_enforce_resume_does_not_claim_own_progress_when_nothing_completed_yet	16
tests/test_workflow_controller_enforce.py::test_enforce_passes_predetermined_plan_design_and_files_from_the_subtask	16
tests/test_workflow_controller_enforce.py::test_enforce_rejects_a_subtask_that_writes_an_undeclared_file	16
tests/test_workflow_controller_enforce.py::test_enforce_accepts_a_subtask_that_stays_within_planned_files	16
tests/test_workflow_controller_enforce.py::test_enforce_requires_authoritative_subtask_verification_evidence	16
tests/test_workflow_controller_enforce.py::test_enforce_marks_unresolved_subtask_verification_needs_review	16
tests/test_workflow_controller_enforce.py::test_enforce_rejects_model_subtask_without_planned_files	16
tests/test_workflow_controller_enforce.py::test_is_strict_regression_partial_order[retained0-candidate0-True]	16
tests/test_workflow_controller_enforce.py::test_is_strict_regression_partial_order[retained1-candidate1-False]	16
tests/test_workflow_controller_enforce.py::test_is_strict_regression_partial_order[retained2-candidate2-False]	16
tests/test_workflow_controller_enforce.py::test_is_strict_regression_partial_order[retained3-candidate3-False]	16
tests/test_workflow_controller_enforce.py::test_is_strict_regression_partial_order[None-candidate4-False]	16
tests/test_workflow_controller_enforce.py::test_enforce_rejects_terminal_regression_and_reports_retained_baseline	16
tests/test_workflow_controller_enforce.py::test_repair_prompt_built_from_retained_baseline_not_regressed_candidate	16
tests/test_workflow_controller_enforce.py::test_preserved_reference_lines_surface_a_single_satisfied_obligation	16
tests/test_workflow_controller_enforce.py::test_preserved_reference_lines_accumulate_across_repair_rounds	16
tests/test_workflow_controller_enforce.py::test_preserved_reference_lines_do_not_leak_across_sources	16
tests/test_workflow_controller_enforce.py::test_enforce_p5_preserved_reference_oscillation_is_not_silently_accepted	16
tests/test_workflow_controller_enforce.py::test_enforce_p5_preserved_reference_oscillation_inverse_ordering	16
tests/test_workflow_controller_enforce.py::test_enforce_preserved_reference_legitimate_correction_is_not_rejected	16
tests/test_workflow_controller_enforce.py::test_preserved_reference_reinforcement_does_not_override_ownership_conflict	16
tests/test_workflow_controller_enforce.py::test_preserved_reference_lines_absent_leaves_structural_validity_block_unchanged	16
tests/test_workflow_controller_enforce.py::test_p5_reproduction_repair_prompt_retains_prior_preserved_reference	16
tests/test_workflow_controller_enforce.py::test_preserved_reference_conflict_repair_guidance_names_the_conflict	16
tests/test_workflow_controller_enforce.py::test_p6_reproduction_repair_prompt_instructs_removing_only_the_owned_target	16
tests/test_workflow_controller_enforce.py::test_structured_plan_reason_code_enumeration_is_non_empty	16
tests/test_workflow_controller_enforce.py::test_every_structured_plan_reason_code_is_classified	16
tests/test_workflow_controller_enforce.py::test_every_code_with_targeted_guidance_actually_produces_guidance	16
tests/test_workflow_controller_enforce.py::test_unguided_baseline_code_produces_no_targeted_correction	16
tests/test_workflow_controller_enforce.py::test_generic_adequate_codes_produce_no_dedicated_block_but_generic_rules_survive	16
tests/test_workflow_controller_enforce.py::test_transitive_upstream_ids_finds_everything_a_subtask_depends_on	16
tests/test_workflow_controller_enforce.py::test_revise_plan_for_grounded_scope_owner_does_not_invert_dependency_direction	16
tests/test_workflow_controller_enforce.py::test_cross_owner_obligation_id_stable_and_scoped	16
tests/test_workflow_controller_enforce.py::test_cross_owner_obligation_id_distinguishes_failure_family_and_generation	16
tests/test_workflow_controller_enforce.py::test_get_or_create_cross_owner_obligation_creates_with_real_evidence	16
tests/test_workflow_controller_enforce.py::test_get_or_create_cross_owner_obligation_is_sticky_across_a_failed_attempt	16
tests/test_workflow_controller_enforce.py::test_get_or_create_cross_owner_obligation_no_ledger_returns_none	16
tests/test_workflow_controller_enforce.py::test_build_owner_recovery_context_surfaces_obligation_not_generic_framing	16
tests/test_workflow_controller_enforce.py::test_build_owner_recovery_context_falls_back_without_ledger	16
tests/test_workflow_controller_enforce.py::test_enforce_reopened_owner_receives_grounded_requirement_not_generic_framing	16
tests/test_workflow_controller_enforce.py::test_enforce_cross_owner_recovery_generic_non_maven_shape	16
tests/test_workflow_controller_enforce.py::test_enforce_permits_a_second_distinct_generation_recovery_on_the_same_owner	16
tests/test_workflow_controller_enforce.py::test_enforce_bounds_recovery_attempts_per_downstream_owner_pair	16
tests/test_workflow_controller_enforce.py::test_enforce_second_owner_recovery_preserves_earlier_requirements_must_fix_text	16
tests/test_workflow_controller_enforce.py::test_get_or_create_cross_owner_obligation_satisfying_one_generation_leaves_another_untouched	16
tests/test_workflow_controller_enforce.py::test_enforce_generic_non_maven_shape_permits_a_second_distinct_recovery	16
tests/test_workflow_controller_enforce.py::test_resolve_effective_artifact_owner_latest_successful_modifier_wins	16
tests/test_workflow_controller_enforce.py::test_resolve_effective_artifact_owner_missing_declared_dependency_does_not_hide_real_owner	16
tests/test_workflow_controller_enforce.py::test_resolve_effective_artifact_owner_rejects_arbitrary_topological_predecessor	16
tests/test_workflow_controller_enforce.py::test_resolve_effective_artifact_owner_multiple_historical_modifiers_latest_wins	16
tests/test_workflow_controller_enforce.py::test_resolve_effective_artifact_owner_failed_modifier_does_not_become_owner	16
tests/test_workflow_controller_enforce.py::test_resolve_effective_artifact_owner_is_artifact_type_agnostic	16
tests/test_workflow_controller_enforce.py::test_enforce_duplicate_type_shape_resolves_effective_owner_via_execution_provenance	16
tests/test_workflow_controller_enforce.py::test_enforce_deny_all_runtime_verification_failure_routes_through_owner_recovery_and_resumes	16
tests/test_workflow_controller_enforce.py::test_revise_plan_for_grounded_scope_owner_normalizes_multiple_active_owners	16
tests/test_workflow_controller_enforce.py::test_revise_plan_for_grounded_scope_owner_does_not_touch_execution_history	16
tests/test_workflow_controller_enforce.py::test_enforce_owner_recovery_fails_closed_when_no_owner_is_resolvable	16
tests/test_workflow_controller_enforce.py::test_integration_reference_token_is_the_basename_stem	16
tests/test_workflow_controller_enforce.py::test_evaluate_integration_obligations_violated_when_consumer_never_references_producer	16
tests/test_workflow_controller_enforce.py::test_evaluate_integration_obligations_satisfied_when_consumer_references_producer	16
tests/test_workflow_controller_enforce.py::test_evaluate_integration_obligations_generic_non_java_reference	16
tests/test_workflow_controller_enforce.py::test_evaluate_integration_obligations_never_reevaluates_an_already_settled_relationship	16
tests/test_workflow_controller_enforce.py::test_evaluate_integration_obligations_noop_for_unrelated_subtask_completion	16
tests/test_workflow_controller_enforce.py::test_semantic_contract_lines_surface_satisfied_requires_and_provides	16
tests/test_workflow_controller_enforce.py::test_semantic_contract_lines_absent_for_violated_facts	16
tests/test_workflow_controller_enforce.py::test_subtask_ids_mentioned_filters_to_requires_provides_keywords	16
tests/test_workflow_controller_enforce.py::test_subtask_ids_mentioned_extracts_list_form_and_grounded_consumer	16
tests/test_workflow_controller_enforce.py::test_semantic_contract_regression_subtasks_rejects_unimplicated_drop	16
tests/test_workflow_controller_enforce.py::test_semantic_contract_regression_subtasks_exempts_implicated_subtask	16
tests/test_workflow_controller_enforce.py::test_semantic_contract_regression_subtasks_multiple_subtasks_mixed	16
tests/test_workflow_controller_enforce.py::test_semantic_contract_regression_subtasks_ignores_other_obligation_kinds	16
tests/test_workflow_controller_enforce.py::test_preserved_reference_pairs_mentioned_extracts_source_and_target	16
tests/test_workflow_controller_enforce.py::test_preserved_reference_pairs_mentioned_ignores_unrelated_errors	16
tests/test_workflow_controller_enforce.py::test_preserved_reference_regressions_rejects_unimplicated_drop	16
tests/test_workflow_controller_enforce.py::test_preserved_reference_regressions_exempts_implicated_pair	16
tests/test_workflow_controller_enforce.py::test_preserved_reference_regressions_multiple_pairs_mixed	16
tests/test_workflow_controller_enforce.py::test_preserved_reference_regressions_ignores_other_obligation_kinds	16
tests/test_workflow_controller_enforce.py::test_preserved_reference_regressions_a_still_unresolved_pair_is_not_a_regression	16
tests/test_workflow_controller_enforce.py::test_enforce_wires_goal_text_runtime_negation_to_validate_plan_as_false	16
tests/test_workflow_controller_enforce.py::test_enforce_reproduces_p7_oscillation_and_rejects_both_silent_drops	16
tests/test_workflow_controller_enforce.py::test_enforce_accepts_targeted_requires_change_for_implicated_subtask	16
tests/test_workflow_controller_enforce.py::test_plan_repair_attempts_is_zero_when_the_first_plan_validates	16
tests/test_workflow_controller_enforce.py::test_plan_repair_attempts_is_one_after_a_single_repair_round	16
tests/test_workflow_controller_enforce.py::test_plan_repair_attempts_is_two_after_the_maximum_allowed_repair_rounds	16
tests/test_workflow_controller_enforce.py::test_plan_repair_attempts_on_repair_exhaustion_matches_the_except_handler_value	16
tests/test_workflow_controller_enforce.py::test_enforce_accepts_targeted_provides_change_for_implicated_subtask	16
tests/test_workflow_controller_enforce.py::test_enforce_terminal_gate_failure_discards_candidate_before_commit[migration-global_migration_gap-failed]	16
tests/test_workflow_controller_enforce.py::test_enforce_terminal_gate_failure_discards_candidate_before_commit[stack_contract-global_stack_contract_gap-failed]	16
tests/test_workflow_controller_enforce.py::test_enforce_terminal_gate_failure_discards_candidate_before_commit[preserved_references-global_preserved_reference_gap-failed]	16
tests/test_workflow_controller_enforce.py::test_enforce_terminal_gate_failure_discards_candidate_before_commit[static_analysis-global_static_analysis_gap-failed]	16
tests/test_workflow_controller_enforce.py::test_enforce_terminal_gate_failure_discards_candidate_before_commit[terminal_obligations-global_terminal_obligation_gap-failed]	16
tests/test_workflow_controller_enforce.py::test_enforce_terminal_gate_failure_discards_candidate_before_commit[original_requirements-global_requirement_gap-failed]	16
tests/test_workflow_controller_enforce.py::test_enforce_terminal_gate_failure_discards_candidate_before_commit[artifact_registry-artifact_error-needs_review]	16
tests/test_workflow_controller_enforce.py::test_enforce_terminal_events_and_gate_inputs_precede_one_commit	16
tests/test_workflow_controller_enforce.py::test_enforce_post_commit_registry_persistence_failure_does_not_rewrite_verification	16
tests/test_workflow_controller_enforce.py::test_enforce_refuses_to_start_when_prior_source_commit_is_uncertain	16
tests/test_workflow_controller_enforce.py::test_a_requirement_the_repaired_plan_dropped_does_not_fail_the_enforce_terminal_gate	16
tests/test_workflow_execution_policy_config_wiring.py::test_engine_threads_autonomy_sensitive_paths_into_execution_policy	16
tests/test_workflow_execution_policy_config_wiring.py::test_audit_approval_rules_is_a_no_op_when_execution_policy_disabled	16
tests/test_workflow_execution_policy_config_wiring.py::test_audit_approval_rules_still_fires_when_enabled_true_default	16
tests/test_workflow_execution_policy_config_wiring.py::test_stage_2a_never_calls_authorize_action_when_execution_policy_disabled	16
tests/test_workflow_recovery_handback.py::test_a_restored_contract_hands_an_exhausted_recovery_back_to_the_configured_fallback	16
tests/test_workflow_recovery_handback.py::test_with_no_fallback_the_handback_ends_in_a_bounded_failure	16
tests/test_workflow_recovery_handback.py::test_an_unrestorable_contract_stops_fail_closed_and_never_calls_the_fallback	16
tests/test_workspace_appears_empty.py::test_a_genuinely_empty_directory_is_empty	16
tests/test_workspace_appears_empty.py::test_a_nonexistent_path_is_treated_as_empty	16
tests/test_workspace_appears_empty.py::test_a_real_source_file_makes_it_not_empty	16
tests/test_workspace_appears_empty.py::test_kriya_logs_directory_alone_still_counts_as_empty	16
tests/test_workspace_appears_empty.py::test_kriya_memory_directory_alone_still_counts_as_empty	16
tests/test_workspace_appears_empty.py::test_a_real_file_inside_an_otherwise_ignored_looking_subdir_still_counts	16
tests/test_workspace_appears_empty.py::test_kriya_yaml_alone_still_counts_as_empty	16
tests/test_workspace_appears_empty.py::test_kriya_yml_alone_still_counts_as_empty	16
tests/test_workspace_appears_empty.py::test_a_bare_goal_md_file_alone_still_counts_as_empty	16
tests/test_workspace_appears_empty.py::test_a_differently_named_md_goal_file_is_also_excluded_by_shape_not_name	16
tests/test_workspace_appears_empty.py::test_kriya_yaml_plus_goal_md_together_still_count_as_empty	16
tests/test_workspace_appears_empty.py::test_a_real_readme_md_does_not_make_a_workspace_with_other_content_appear_empty	16
tests/test_workspace_appears_empty.py::test_a_non_md_file_at_the_root_still_makes_it_not_empty	16
tests/test_workspace_appears_empty.py::test_a_md_file_nested_in_a_real_subdirectory_still_makes_it_not_empty	16
tests/test_workspace_identity.py::test_control_state_is_owned_by_saving_workspace	16
tests/test_workspace_identity.py::test_control_state_ownership_mismatch_fails_closed	16
tests/test_workspace_identity.py::test_authoritative_migration_stamps_ownerless_state_and_records_decision	16
tests/test_worktree_canonical_root.py::test_plan_and_subtask_worktrees_are_distinct_siblings_of_one_canonical_workspace	16
tests/test_worktree_canonical_root.py::test_the_root_comes_from_the_run_not_the_working_directory	16
tests/test_worktree_canonical_root.py::test_a_path_the_run_did_not_authorize_is_never_given_a_nested_worktree	16
tests/test_worktree_canonical_root.py::test_managed_worktree_ancestry[/w/.kriya/worktree-None]	16
tests/test_worktree_canonical_root.py::test_managed_worktree_ancestry[/w/.kriya/worktrees/candidate-x-None]	16
tests/test_worktree_canonical_root.py::test_managed_worktree_ancestry[/w/.kriya/scoped-worktree-None]	16
tests/test_worktree_canonical_root.py::test_managed_worktree_ancestry[/w/.kriya/worktrees-None]	16
tests/test_worktree_canonical_root.py::test_managed_worktree_ancestry[/w/src/.kriya/other-None]	16
tests/test_worktree_canonical_root.py::test_managed_worktree_ancestry[/w/.kriya/worktree/.kriya/worktree-/w/.kriya/worktree]	16
tests/test_worktree_canonical_root.py::test_managed_worktree_ancestry[/w/.kriya/worktree/src/a.py-/w/.kriya/worktree]	16
tests/test_worktree_canonical_root.py::test_managed_worktree_ancestry[/w/.kriya/worktrees/candidate-x/.kriya/worktree-/w/.kriya/worktrees/candidate-x]	16
tests/test_worktree_canonical_root.py::test_managed_worktree_ancestry[/w/.kriya/scoped-worktree/.kriya/worktrees/c-/w/.kriya/scoped-worktree]	16
tests/test_worktree_canonical_root.py::test_a_scoped_snapshot_plan_gets_a_sibling_subtask_worktree	16
tests/test_worktree_canonical_root.py::test_a_scoped_candidate_sandbox_is_a_sibling_and_is_removed	16
tests/test_worktree_canonical_root.py::test_subtask_changes_never_reach_the_plan_worktree_before_promotion	16
tests/test_worktree_canonical_root.py::test_the_plans_uncommitted_state_is_what_the_subtask_starts_from	16
tests/test_worktree_canonical_root.py::test_consecutive_runs_reuse_the_same_worktrees_clean_with_their_caches	16
tests/test_worktree_canonical_root.py::test_a_resumed_run_resolves_the_same_worktrees	16
tests/test_worktree_canonical_root.py::test_the_root_worktree_is_not_mistaken_for_registered_by_a_sibling_prefix	16
tests/test_worktree_canonical_root.py::test_a_legacy_nested_worktree_is_removed_when_the_worktrees_are_next_used	16
tests/test_worktree_canonical_root.py::test_legacy_cleanup_never_touches_a_worktree_it_does_not_own	16
tests/test_worktree_canonical_root.py::test_a_legacy_worktree_that_cannot_be_removed_fails_closed	16
tests/test_worktree_canonical_root.py::test_two_enforce_runs_commit_verified_candidates_through_sibling_worktrees	16
tests/test_worktree_canonical_root.py::test_an_enforce_run_over_a_legacy_nested_layout_commits_and_leaves_no_nesting	16
tests/test_worktree_canonical_root.py::test_worktree_locations_are_decided_only_by_worktree_py	16
tests/test_worktree_hooks.py::test_malicious_post_checkout_hook_does_not_fire_during_worktree_creation	16
tests/test_worktree_hooks.py::test_malicious_pre_commit_hook_does_not_fire_during_greenfield_bootstrap	16
tests/test_worktree_hooks.py::test_malicious_post_checkout_hook_does_not_fire_during_worktree_removal	16
tests/test_worktree_policy_audit.py::test_bootstrap_commit_still_happens_even_though_policy_requires_approval	16
tests/test_worktree_policy_audit.py::test_a_broken_policy_engine_never_blocks_the_real_bootstrap_commit	16
tests/test_worktree_policy_audit.py::test_a_forced_deny_never_blocks_the_real_bootstrap_commit	16
tests/test_worktree_policy_audit.py::test_a_hard_enforced_deny_blocks_the_real_bootstrap_commit	16
tests/test_worktree_policy_audit.py::test_audit_call_observes_the_real_bootstrap_command	16
tests/test_worktree_policy_audit.py::test_audit_call_not_issued_when_repo_already_has_commits	16
tests/test_worktree_policy_audit.py::test_zero_commit_bootstrap_policy_verdict_is_now_allow_not_require_approval	16
tests/test_worktree_policy_audit.py::test_greenfield_bootstrap_policy_verdict_is_allow	16
END	16
